W_X	0.0144483	W_Y	0.0115317	A	0	O_X	0	O_Y	0	g_odom_x	0	g_odom_y	0
W_X	0.0144483	W_Y	0.0115317	A	0	O_X	0	O_Y	0	g_odom_x	0	g_odom_y	0
W_X	0.0247049	W_Y	0.0115367	A	0	O_X	0.0102566	O_Y	0	g_odom_x	0	g_odom_y	0
W_X	0.0355062	W_Y	0.0115421	A	0	O_X	0.0210579	O_Y	0	g_odom_x	0	g_odom_y	0
W_X	0.0463075	W_Y	0.0115474	A	1.46747	O_X	0.0318592	O_Y	0	g_odom_x	0	g_odom_y	0
W_X	0.0678857	W_Y	0.0121108	A	2.93494	O_X	0.0534377	O_Y	0.000552794	g_odom_x	0	g_odom_y	0
W_X	0.0792098	W_Y	0.012697	A	1.48846	O_X	0.0647621	O_Y	0.00113338	g_odom_x	0	g_odom_y	0
W_X	0.091082	W_Y	0.0130113	A	0.479108	O_X	0.0766345	O_Y	0.00144188	g_odom_x	0	g_odom_y	0
W_X	0.102958	W_Y	0.0131165	A	1.17414	O_X	0.0885106	O_Y	0.00154119	g_odom_x	0	g_odom_y	0
W_X	0.114832	W_Y	0.0133657	A	1.78396	O_X	0.100385	O_Y	0.00178456	g_odom_x	0	g_odom_y	0
W_X	0.127242	W_Y	0.0137583	A	1.78396	O_X	0.112795	O_Y	0.00217108	g_odom_x	0	g_odom_y	0
W_X	0.139651	W_Y	0.014151	A	1.78396	O_X	0.125204	O_Y	0.00255759	g_odom_x	0	g_odom_y	0
W_X	0.16447	W_Y	0.0149362	A	1.78396	O_X	0.150024	O_Y	0.00333061	g_odom_x	0	g_odom_y	0
W_X	0.17742	W_Y	0.0153459	A	1.78396	O_X	0.162973	O_Y	0.00373394	g_odom_x	0	g_odom_y	0
W_X	0.190369	W_Y	0.0157556	A	1.78396	O_X	0.175923	O_Y	0.00413726	g_odom_x	0	g_odom_y	0
W_X	0.203318	W_Y	0.0161654	A	1.78396	O_X	0.188872	O_Y	0.0045406	g_odom_x	0	g_odom_y	0
W_X	0.216807	W_Y	0.0165921	A	1.78396	O_X	0.202361	O_Y	0.00496073	g_odom_x	0	g_odom_y	0
W_X	0.230296	W_Y	0.0170189	A	1.78396	O_X	0.21585	O_Y	0.00538085	g_odom_x	0	g_odom_y	0
W_X	0.243784	W_Y	0.0174457	A	1.78396	O_X	0.229339	O_Y	0.00580097	g_odom_x	0	g_odom_y	0
W_X	0.271841	W_Y	0.0183334	A	1.78396	O_X	0.257396	O_Y	0.00667484	g_odom_x	0	g_odom_y	0
W_X	0.285869	W_Y	0.0187772	A	1.78396	O_X	0.271424	O_Y	0.00711177	g_odom_x	0	g_odom_y	0
W_X	0.300437	W_Y	0.0192381	A	1.78396	O_X	0.285992	O_Y	0.0075655	g_odom_x	0	g_odom_y	0
W_X	0.315005	W_Y	0.019699	A	1.78396	O_X	0.300561	O_Y	0.00801925	g_odom_x	0	g_odom_y	0
W_X	0.329573	W_Y	0.02016	A	1.78396	O_X	0.315129	O_Y	0.008473	g_odom_x	0	g_odom_y	0
W_X	0.344682	W_Y	0.020638	A	1.78396	O_X	0.330238	O_Y	0.00894358	g_odom_x	0	g_odom_y	0
W_X	0.367433	W_Y	0.017393	A	1.78396	O_X	0.345347	O_Y	0.00941416	g_odom_x	0	g_odom_y	0
W_X	0.414729	W_Y	0.0101971	A	1.78396	O_X	0.376641	O_Y	0.0103889	g_odom_x	0	g_odom_y	0
W_X	0.43038	W_Y	0.0104984	A	1.78396	O_X	0.392287	O_Y	0.0108762	g_odom_x	0	g_odom_y	0
W_X	0.446575	W_Y	0.0108102	A	1.78396	O_X	0.408477	O_Y	0.0113804	g_odom_x	0	g_odom_y	0
W_X	0.462764	W_Y	0.0111219	A	1.78396	O_X	0.424662	O_Y	0.0118845	g_odom_x	0	g_odom_y	0
W_X	0.479499	W_Y	0.0114441	A	1.78396	O_X	0.441392	O_Y	0.0124056	g_odom_x	0	g_odom_y	0
W_X	0.496216	W_Y	0.011766	A	1.78396	O_X	0.458104	O_Y	0.0129261	g_odom_x	0	g_odom_y	0
W_X	0.512934	W_Y	0.0120878	A	1.78396	O_X	0.474816	O_Y	0.0134466	g_odom_x	0	g_odom_y	0
W_X	0.547475	W_Y	0.0127528	A	1.78396	O_X	0.509348	O_Y	0.0145222	g_odom_x	0	g_odom_y	0
W_X	0.564747	W_Y	0.0130853	A	1.78396	O_X	0.526614	O_Y	0.0150599	g_odom_x	0	g_odom_y	0
W_X	0.582018	W_Y	0.0134179	A	1.78396	O_X	0.543881	O_Y	0.0155977	g_odom_x	0	g_odom_y	0
W_X	0.59982	W_Y	0.0137606	A	1.78396	O_X	0.561677	O_Y	0.016152	g_odom_x	0	g_odom_y	0
W_X	0.618094	W_Y	0.0119396	A	1.78396	O_X	0.579484	O_Y	0.0167066	g_odom_x	0	g_odom_y	0
W_X	0.637901	W_Y	0.00499254	A	1.78396	O_X	0.597828	O_Y	0.017278	g_odom_x	0	g_odom_y	0
W_X	0.65636	W_Y	0.00456026	A	1.78396	O_X	0.61618	O_Y	0.0178496	g_odom_x	0	g_odom_y	0
W_X	0.675254	W_Y	0.00463425	A	1.78396	O_X	0.635065	O_Y	0.0184378	g_odom_x	0	g_odom_y	0
W_X	0.694147	W_Y	0.00470823	A	1.78396	O_X	0.653949	O_Y	0.0190259	g_odom_x	0	g_odom_y	0
W_X	0.713041	W_Y	0.00478221	A	1.78396	O_X	0.672834	O_Y	0.0196141	g_odom_x	0	g_odom_y	0
W_X	0.732475	W_Y	0.00485831	A	1.78396	O_X	0.692259	O_Y	0.0202191	g_odom_x	0	g_odom_y	0
W_X	0.752447	W_Y	0.00493651	A	1.78396	O_X	0.712221	O_Y	0.0208409	g_odom_x	0	g_odom_y	0
W_X	0.772419	W_Y	0.00501471	A	1.78396	O_X	0.732183	O_Y	0.0214626	g_odom_x	0	g_odom_y	0
W_X	0.812365	W_Y	0.00517113	A	1.78396	O_X	0.772111	O_Y	0.0227062	g_odom_x	0	g_odom_y	0
W_X	0.832347	W_Y	0.00524937	A	1.78396	O_X	0.792083	O_Y	0.0233282	g_odom_x	0	g_odom_y	0
W_X	0.84755	W_Y	0.00327936	A	1.78396	O_X	0.812579	O_Y	0.0239666	g_odom_x	0	g_odom_y	0
W_X	0.860377	W_Y	0.000310717	A	1.78396	O_X	0.833081	O_Y	0.0246052	g_odom_x	0	g_odom_y	0
W_X	0.880892	W_Y	0.000311623	A	1.78396	O_X	0.853586	O_Y	0.0252438	g_odom_x	0	g_odom_y	0
W_X	0.901404	W_Y	0.000312529	A	1.78396	O_X	0.874088	O_Y	0.0258824	g_odom_x	0	g_odom_y	0
W_X	0.921916	W_Y	0.000313434	A	1.78396	O_X	0.89459	O_Y	0.0265209	g_odom_x	0	g_odom_y	0
W_X	0.962943	W_Y	0.000315246	A	1.78396	O_X	0.935597	O_Y	0.0277981	g_odom_x	0	g_odom_y	0
W_X	0.983456	W_Y	0.000316152	A	1.78396	O_X	0.956101	O_Y	0.0284367	g_odom_x	0	g_odom_y	0
W_X	1.00398	W_Y	0.000317058	A	1.78396	O_X	0.976609	O_Y	0.0290755	g_odom_x	0	g_odom_y	0
section	ahead	liner											
W_X	1.32099	W_Y	-0.00952398	A	1.78396	O_X	1.01761	O_Y	0.0303524	g_odom_x	0	g_odom_y	0
W_X	1.34655	W_Y	-0.00904463	A	2.44579	O_X	1.28417	O_Y	0.0391993	g_odom_x	0	g_odom_y	0
W_X	1.36703	W_Y	-0.00919256	A	2.44579	O_X	1.30463	O_Y	0.0400734	g_odom_x	0	g_odom_y	0
W_X	1.38754	W_Y	-0.00934069	A	2.44579	O_X	1.32513	O_Y	0.0409487	g_odom_x	0	g_odom_y	0
W_X	1.40805	W_Y	-0.00948885	A	2.44579	O_X	1.34562	O_Y	0.0418242	g_odom_x	0	g_odom_y	0
W_X	1.42857	W_Y	-0.00963701	A	2.44579	O_X	1.36612	O_Y	0.0426996	g_odom_x	0	g_odom_y	0
W_X	1.46959	W_Y	-0.00993331	A	2.44579	O_X	1.40711	O_Y	0.0444504	g_odom_x	0	g_odom_y	0
W_X	1.4901	W_Y	-0.0100814	A	2.44579	O_X	1.4276	O_Y	0.0453256	g_odom_x	0	g_odom_y	0
W_X	1.51062	W_Y	-0.0102296	A	2.44579	O_X	1.44809	O_Y	0.0462011	g_odom_x	0	g_odom_y	0
W_X	1.52627	W_Y	-0.0090388	A	2.44579	O_X	1.4686	O_Y	0.0470771	g_odom_x	0	g_odom_y	0
W_X	1.53512	W_Y	-0.00613832	A	2.44579	O_X	1.4891	O_Y	0.0479524	g_odom_x	0	g_odom_y	0
W_X	1.55563	W_Y	-0.00643274	A	2.44579	O_X	1.50959	O_Y	0.0488279	g_odom_x	0	g_odom_y	0
W_X	1.57615	W_Y	-0.00672716	A	2.44579	O_X	1.53009	O_Y	0.0497034	g_odom_x	0	g_odom_y	0
W_X	1.61717	W_Y	-0.00731593	A	2.44579	O_X	1.57108	O_Y	0.0514541	g_odom_x	0	g_odom_y	0
W_X	1.63766	W_Y	-0.00761012	A	2.44579	O_X	1.59156	O_Y	0.0523288	g_odom_x	0	g_odom_y	0
W_X	1.65818	W_Y	-0.00790455	A	2.44579	O_X	1.61205	O_Y	0.0532043	g_odom_x	0	g_odom_y	0
W_X	1.67869	W_Y	-0.00819896	A	2.65388	O_X	1.63255	O_Y	0.0540798	g_odom_x	0	g_odom_y	0
W_X	1.6992	W_Y	-0.00841883	A	2.65388	O_X	1.65304	O_Y	0.0550295	g_odom_x	0	g_odom_y	0
W_X	1.71971	W_Y	-0.00863873	A	2.9167	O_X	1.67353	O_Y	0.0559793	g_odom_x	0	g_odom_y	0
W_X	1.73438	W_Y	-0.00883671	A	3.17952	O_X	1.69402	O_Y	0.0570231	g_odom_x	0	g_odom_y	0
W_X	1.75212	W_Y	-0.00903582	A	3.17952	O_X	1.71451	O_Y	0.0581615	g_odom_x	0	g_odom_y	0
W_X	1.77263	W_Y	-0.00920088	A	3.17952	O_X	1.73499	O_Y	0.0592993	g_odom_x	0	g_odom_y	0
W_X	1.79314	W_Y	-0.00936594	A	3.17952	O_X	1.75547	O_Y	0.0604371	g_odom_x	0	g_odom_y	0
W_X	1.81366	W_Y	-0.009531	A	3.17952	O_X	1.77596	O_Y	0.0615749	g_odom_x	0	g_odom_y	0
W_X	1.83417	W_Y	-0.00969604	A	3.17952	O_X	1.79644	O_Y	0.0627126	g_odom_x	0	g_odom_y	0
W_X	1.85468	W_Y	-0.00986108	A	3.17952	O_X	1.81692	O_Y	0.0638502	g_odom_x	0	g_odom_y	0
W_X	1.8957	W_Y	-0.0101912	A	3.17952	O_X	1.85788	O_Y	0.0661257	g_odom_x	0	g_odom_y	0
W_X	1.91622	W_Y	-0.0103562	A	3.17952	O_X	1.87836	O_Y	0.0672634	g_odom_x	0	g_odom_y	0
W_X	1.93037	W_Y	-0.00932948	A	3.17952	O_X	1.89885	O_Y	0.0684016	g_odom_x	0	g_odom_y	0
W_X	1.94147	W_Y	-0.00799456	A	3.17952	O_X	1.91933	O_Y	0.0695391	g_odom_x	0	g_odom_y	0
W_X	1.96198	W_Y	-0.00840794	A	3.17952	O_X	1.93981	O_Y	0.0706771	g_odom_x	0	g_odom_y	0
W_X	1.98249	W_Y	-0.00882122	A	3.17952	O_X	1.9603	O_Y	0.0718149	g_odom_x	0	g_odom_y	0
W_X	2.003	W_Y	-0.0092345	A	3.17952	O_X	1.98078	O_Y	0.0729527	g_odom_x	0	g_odom_y	0
W_X	2.04401	W_Y	-0.0100609	A	3.17952	O_X	2.02174	O_Y	0.0752279	g_odom_x	0	g_odom_y	0
W_X	2.06453	W_Y	-0.0104742	A	3.17952	O_X	2.04222	O_Y	0.0763658	g_odom_x	0	g_odom_y	0
W_X	2.08503	W_Y	-0.0108875	A	3.17952	O_X	2.0627	O_Y	0.0775034	g_odom_x	0	g_odom_y	0
W_X	2.10555	W_Y	-0.0113009	A	3.17952	O_X	2.08319	O_Y	0.0786416	g_odom_x	0	g_odom_y	0
W_X	2.12604	W_Y	-0.0112236	A	3.17952	O_X	2.10367	O_Y	0.0797792	g_odom_x	0	g_odom_y	0
W_X	2.14642	W_Y	-0.00729009	A	3.17952	O_X	2.12414	O_Y	0.0809167	g_odom_x	0	g_odom_y	0
W_X	2.16689	W_Y	-0.00660426	A	3.17952	O_X	2.14462	O_Y	0.0820543	g_odom_x	0	g_odom_y	0
W_X	2.20791	W_Y	-0.00742839	A	3.17952	O_X	2.18558	O_Y	0.0843298	g_odom_x	0	g_odom_y	0
W_X	2.22841	W_Y	-0.00784036	A	3.17952	O_X	2.20606	O_Y	0.0854673	g_odom_x	0	g_odom_y	0
W_X	2.24892	W_Y	-0.00825246	A	3.17952	O_X	2.22655	O_Y	0.0866051	g_odom_x	0	g_odom_y	0
W_X	2.26943	W_Y	-0.00866454	A	3.17952	O_X	2.24703	O_Y	0.0877429	g_odom_x	0	g_odom_y	0
W_X	2.28995	W_Y	-0.00907664	A	3.17952	O_X	2.26751	O_Y	0.0888808	g_odom_x	0	g_odom_y	0
W_X	2.31045	W_Y	-0.00948863	A	3.17952	O_X	2.28799	O_Y	0.0900184	g_odom_x	0	g_odom_y	0
W_X	2.33096	W_Y	-0.00990061	A	3.17952	O_X	2.30847	O_Y	0.0911559	g_odom_x	0	g_odom_y	0
W_X	2.36468	W_Y	-0.0152104	A	3.17952	O_X	2.34943	O_Y	0.0934314	g_odom_x	0	g_odom_y	0
W_X	2.37923	W_Y	-0.0193137	A	3.17952	O_X	2.36991	O_Y	0.0945692	g_odom_x	0	g_odom_y	0
W_X	2.39974	W_Y	-0.0197595	A	3.17952	O_X	2.39039	O_Y	0.095707	g_odom_x	0	g_odom_y	0
W_X	2.42024	W_Y	-0.020205	A	3.46048	O_X	2.41086	O_Y	0.096844	g_odom_x	0	g_odom_y	0
W_X	2.44075	W_Y	-0.0205502	A	3.46048	O_X	2.43134	O_Y	0.0980822	g_odom_x	0	g_odom_y	0
W_X	2.46126	W_Y	-0.0208954	A	3.46048	O_X	2.45181	O_Y	0.0993203	g_odom_x	0	g_odom_y	0
W_X	2.48177	W_Y	-0.0212406	A	3.46048	O_X	2.47229	O_Y	0.100558	g_odom_x	0	g_odom_y	0
W_X	2.52279	W_Y	-0.0219311	A	3.46048	O_X	2.51324	O_Y	0.103035	g_odom_x	0	g_odom_y	0
W_X	2.5433	W_Y	-0.0222764	A	3.46048	O_X	2.53372	O_Y	0.104273	g_odom_x	0	g_odom_y	0
W_X	2.56126	W_Y	-0.0225573	A	3.46048	O_X	2.55419	O_Y	0.105511	g_odom_x	0	g_odom_y	0
W_X	2.57373	W_Y	-0.0227971	A	3.46048	O_X	2.57467	O_Y	0.106749	g_odom_x	0	g_odom_y	0
W_X	2.59424	W_Y	-0.0232398	A	3.46048	O_X	2.59514	O_Y	0.107988	g_odom_x	0	g_odom_y	0
W_X	2.61475	W_Y	-0.0236827	A	3.46048	O_X	2.61563	O_Y	0.109226	g_odom_x	0	g_odom_y	0
W_X	2.63527	W_Y	-0.0241256	A	3.46048	O_X	2.63611	O_Y	0.110465	g_odom_x	0	g_odom_y	0
W_X	2.67628	W_Y	-0.0250108	A	3.46048	O_X	2.67706	O_Y	0.112941	g_odom_x	0	g_odom_y	0
W_X	2.69679	W_Y	-0.0254536	A	3.46048	O_X	2.69753	O_Y	0.114179	g_odom_x	0	g_odom_y	0
W_X	2.7173	W_Y	-0.0258963	A	3.46048	O_X	2.71801	O_Y	0.115417	g_odom_x	0	g_odom_y	0
W_X	2.73781	W_Y	-0.026339	A	3.46048	O_X	2.73849	O_Y	0.116656	g_odom_x	0	g_odom_y	0
W_X	2.7583	W_Y	-0.0267867	A	3.46048	O_X	2.75896	O_Y	0.117894	g_odom_x	0	g_odom_y	0
W_X	2.77174	W_Y	-0.0292342	A	3.46048	O_X	2.77944	O_Y	0.119132	g_odom_x	0	g_odom_y	0
W_X	2.78972	W_Y	-0.0304616	A	3.46048	O_X	2.79993	O_Y	0.120371	g_odom_x	0	g_odom_y	0
W_X	2.81023	W_Y	-0.0309699	A	3.46048	O_X	2.82041	O_Y	0.121609	g_odom_x	0	g_odom_y	0
W_X	2.83074	W_Y	-0.0314781	A	3.46048	O_X	2.84088	O_Y	0.122847	g_odom_x	0	g_odom_y	0
W_X	2.85125	W_Y	-0.0319865	A	3.46048	O_X	2.86136	O_Y	0.124086	g_odom_x	0	g_odom_y	0
W_X	2.87174	W_Y	-0.0324942	A	3.46048	O_X	2.88182	O_Y	0.125323	g_odom_x	0	g_odom_y	0
W_X	2.89224	W_Y	-0.0330024	A	3.46048	O_X	2.90229	O_Y	0.126561	g_odom_x	0	g_odom_y	0
W_X	2.91275	W_Y	-0.0335105	A	3.46048	O_X	2.92277	O_Y	0.127799	g_odom_x	0	g_odom_y	0
W_X	2.95376	W_Y	-0.034527	A	3.46048	O_X	2.96372	O_Y	0.130275	g_odom_x	0	g_odom_y	0
W_X	2.96885	W_Y	-0.0369696	A	3.46048	O_X	2.98419	O_Y	0.131513	g_odom_x	0	g_odom_y	0
W_X	2.98204	W_Y	-0.0401555	A	3.46048	O_X	3.00467	O_Y	0.132752	g_odom_x	0	g_odom_y	0
W_X	3.00254	W_Y	-0.0407302	A	3.46048	O_X	3.02514	O_Y	0.13399	g_odom_x	0	g_odom_y	0
W_X	3.02305	W_Y	-0.0413048	A	3.46048	O_X	3.04562	O_Y	0.135228	g_odom_x	0	g_odom_y	0
W_X	3.04355	W_Y	-0.0418795	A	3.46048	O_X	3.06609	O_Y	0.136466	g_odom_x	0	g_odom_y	0
W_X	3.06406	W_Y	-0.0424541	A	3.46048	O_X	3.08657	O_Y	0.137704	g_odom_x	0	g_odom_y	0
W_X	3.10507	W_Y	-0.0436034	A	3.81572	O_X	3.12752	O_Y	0.140181	g_odom_x	0	g_odom_y	0
W_X	3.12558	W_Y	-0.0440509	A	3.81572	O_X	3.14799	O_Y	0.141546	g_odom_x	0	g_odom_y	0
W_X	3.14609	W_Y	-0.0444985	A	3.81572	O_X	3.16846	O_Y	0.142911	g_odom_x	0	g_odom_y	0
W_X	3.16409	W_Y	-0.0443316	A	4.01768	O_X	3.18893	O_Y	0.144276	g_odom_x	0	g_odom_y	0
W_X	3.17175	W_Y	-0.0415382	A	4.01768	O_X	3.20939	O_Y	0.145713	g_odom_x	0	g_odom_y	0
W_X	3.19019	W_Y	-0.0413829	A	4.01768	O_X	3.22985	O_Y	0.14715	g_odom_x	0	g_odom_y	0
W_X	3.2107	W_Y	-0.0417349	A	4.01768	O_X	3.2503	O_Y	0.148587	g_odom_x	0	g_odom_y	0
W_X	3.25172	W_Y	-0.042439	A	4.01768	O_X	3.29123	O_Y	0.151461	g_odom_x	0	g_odom_y	0
W_X	3.27223	W_Y	-0.042791	A	4.17705	O_X	3.31169	O_Y	0.152899	g_odom_x	0	g_odom_y	0
W_X	3.29274	W_Y	-0.043086	A	4.17705	O_X	3.33215	O_Y	0.154393	g_odom_x	0	g_odom_y	0
W_X	3.31325	W_Y	-0.043381	A	4.17705	O_X	3.35261	O_Y	0.155887	g_odom_x	0	g_odom_y	0
W_X	3.33376	W_Y	-0.043676	A	4.17705	O_X	3.37306	O_Y	0.157381	g_odom_x	0	g_odom_y	0
W_X	3.35427	W_Y	-0.043971	A	4.17705	O_X	3.39352	O_Y	0.158875	g_odom_x	0	g_odom_y	0
W_X	3.37757	W_Y	-0.0432276	A	4.17705	O_X	3.41398	O_Y	0.160369	g_odom_x	0	g_odom_y	0
W_X	3.42037	W_Y	-0.0431353	A	4.17705	O_X	3.4549	O_Y	0.163358	g_odom_x	0	g_odom_y	0
W_X	3.44088	W_Y	-0.043418	A	4.17705	O_X	3.47536	O_Y	0.164852	g_odom_x	0	g_odom_y	0
W_X	3.46139	W_Y	-0.0437007	A	4.17705	O_X	3.49582	O_Y	0.166346	g_odom_x	0	g_odom_y	0
W_X	3.4819	W_Y	-0.0439834	A	4.17705	O_X	3.51628	O_Y	0.16784	g_odom_x	0	g_odom_y	0
W_X	3.50244	W_Y	-0.0442664	A	4.3305	O_X	3.53676	O_Y	0.169336	g_odom_x	0	g_odom_y	0
W_X	3.52297	W_Y	-0.0444944	A	4.49614	O_X	3.55724	O_Y	0.170887	g_odom_x	0	g_odom_y	0
W_X	3.58449	W_Y	-0.0448811	A	4.66178	O_X	3.61856	O_Y	0.175827	g_odom_x	0	g_odom_y	0
W_X	3.60577	W_Y	-0.041509	A	4.66178	O_X	3.63901	O_Y	0.177495	g_odom_x	0	g_odom_y	0
W_X	3.62813	W_Y	-0.0329194	A	4.66178	O_X	3.65944	O_Y	0.179161	g_odom_x	0	g_odom_y	0
W_X	3.64865	W_Y	-0.0329388	A	4.66178	O_X	3.67989	O_Y	0.180829	g_odom_x	0	g_odom_y	0
W_X	3.66916	W_Y	-0.0329582	A	4.66178	O_X	3.70033	O_Y	0.182496	g_odom_x	0	g_odom_y	0
W_X	3.68967	W_Y	-0.0329777	A	4.66178	O_X	3.72078	O_Y	0.184163	g_odom_x	0	g_odom_y	0
W_X	3.73069	W_Y	-0.0330166	A	4.66178	O_X	3.76166	O_Y	0.187497	g_odom_x	0	g_odom_y	0
W_X	3.75123	W_Y	-0.033036	A	4.66178	O_X	3.78213	O_Y	0.189166	g_odom_x	0	g_odom_y	0
W_X	3.77174	W_Y	-0.0330555	A	4.322	O_X	3.80258	O_Y	0.190833	g_odom_x	0	g_odom_y	0
W_X	3.7919	W_Y	-0.031926	A	4.322	O_X	3.82304	O_Y	0.19238	g_odom_x	0	g_odom_y	0
W_X	3.81126	W_Y	-0.0280734	A	4.15884	O_X	3.84349	O_Y	0.193925	g_odom_x	0	g_odom_y	0
W_X	3.83177	W_Y	-0.0282045	A	3.98947	O_X	3.86395	O_Y	0.195413	g_odom_x	0	g_odom_y	0
W_X	3.85228	W_Y	-0.0283964	A	3.8201	O_X	3.88441	O_Y	0.19684	g_odom_x	0	g_odom_y	0
W_X	3.89329	W_Y	-0.0289011	A	3.8201	O_X	3.92533	O_Y	0.199572	g_odom_x	0	g_odom_y	0
W_X	3.9138	W_Y	-0.0291535	A	3.66902	O_X	3.9458	O_Y	0.200939	g_odom_x	0	g_odom_y	0
W_X	3.93431	W_Y	-0.0294601	A	3.66902	O_X	3.96627	O_Y	0.202251	g_odom_x	0	g_odom_y	0
W_X	3.95482	W_Y	-0.0297666	A	3.66902	O_X	3.98674	O_Y	0.203564	g_odom_x	0	g_odom_y	0
W_X	3.97533	W_Y	-0.0300732	A	3.66902	O_X	4.00721	O_Y	0.204877	g_odom_x	0	g_odom_y	0
W_X	3.99584	W_Y	-0.0303797	A	3.66902	O_X	4.02768	O_Y	0.206189	g_odom_x	0	g_odom_y	0
W_X	4.0131	W_Y	-0.0261209	A	3.66902	O_X	4.04814	O_Y	0.207501	g_odom_x	0	g_odom_y	0
W_X	4.03194	W_Y	-0.0240356	A	3.66902	O_X	4.06862	O_Y	0.208815	g_odom_x	0	g_odom_y	0
W_X	4.05247	W_Y	-0.0242943	A	3.66902	O_X	4.08911	O_Y	0.210128	g_odom_x	0	g_odom_y	0
W_X	4.09348	W_Y	-0.0248115	A	3.66902	O_X	4.13004	O_Y	0.212753	g_odom_x	0	g_odom_y	0
W_X	4.11399	W_Y	-0.0250701	A	3.66902	O_X	4.15051	O_Y	0.214066	g_odom_x	0	g_odom_y	0
W_X	4.13451	W_Y	-0.0253287	A	3.66902	O_X	4.17098	O_Y	0.215379	g_odom_x	0	g_odom_y	0
W_X	4.15502	W_Y	-0.0255873	A	3.66902	O_X	4.19145	O_Y	0.216691	g_odom_x	0	g_odom_y	0
W_X	4.17554	W_Y	-0.025846	A	3.66902	O_X	4.21193	O_Y	0.218004	g_odom_x	0	g_odom_y	0
W_X	4.19605	W_Y	-0.0261046	A	3.66902	O_X	4.2324	O_Y	0.219317	g_odom_x	0	g_odom_y	0
W_X	4.21852	W_Y	-0.0232538	A	3.66902	O_X	4.25288	O_Y	0.22063	g_odom_x	0	g_odom_y	0
W_X	4.24199	W_Y	-0.0187703	A	3.66902	O_X	4.27335	O_Y	0.221943	g_odom_x	0	g_odom_y	0
W_X	4.26251	W_Y	-0.0189825	A	3.66902	O_X	4.29382	O_Y	0.223255	g_odom_x	0	g_odom_y	0
W_X	4.28301	W_Y	-0.0191946	A	3.66902	O_X	4.31429	O_Y	0.224568	g_odom_x	0	g_odom_y	0
W_X	4.30352	W_Y	-0.0194068	A	3.66902	O_X	4.33476	O_Y	0.225881	g_odom_x	0	g_odom_y	0
W_X	4.34454	W_Y	-0.0198312	A	3.66902	O_X	4.37569	O_Y	0.228505	g_odom_x	0	g_odom_y	0
W_X	4.36507	W_Y	-0.0200436	A	3.66902	O_X	4.39618	O_Y	0.229819	g_odom_x	0	g_odom_y	0
W_X	4.38557	W_Y	-0.0202557	A	3.66902	O_X	4.41665	O_Y	0.231131	g_odom_x	0	g_odom_y	0
W_X	4.4061	W_Y	-0.020468	A	3.66902	O_X	4.43713	O_Y	0.232445	g_odom_x	0	g_odom_y	0
W_X	4.42735	W_Y	-0.0196809	A	3.66902	O_X	4.45759	O_Y	0.233757	g_odom_x	0	g_odom_y	0
W_X	4.45281	W_Y	-0.0132559	A	3.66902	O_X	4.47807	O_Y	0.23507	g_odom_x	0	g_odom_y	0
W_X	4.4744	W_Y	-0.0119599	A	3.66902	O_X	4.49854	O_Y	0.236383	g_odom_x	0	g_odom_y	0
W_X	4.51542	W_Y	-0.0122465	A	3.66902	O_X	4.53949	O_Y	0.239008	g_odom_x	0	g_odom_y	0
W_X	4.53593	W_Y	-0.0123897	A	3.66902	O_X	4.55995	O_Y	0.240321	g_odom_x	0	g_odom_y	0
W_X	4.55645	W_Y	-0.012533	A	3.66902	O_X	4.58043	O_Y	0.241634	g_odom_x	0	g_odom_y	0
W_X	4.57695	W_Y	-0.0126762	A	3.66902	O_X	4.60089	O_Y	0.242946	g_odom_x	0	g_odom_y	0
W_X	4.59746	W_Y	-0.0128195	A	3.66902	O_X	4.62136	O_Y	0.244259	g_odom_x	0	g_odom_y	0
W_X	4.61798	W_Y	-0.0129627	A	3.66902	O_X	4.64184	O_Y	0.245572	g_odom_x	0	g_odom_y	0
W_X	4.63849	W_Y	-0.013106	A	3.66902	O_X	4.66231	O_Y	0.246884	g_odom_x	0	g_odom_y	0
W_X	4.68007	W_Y	-0.00634257	A	3.66902	O_X	4.70325	O_Y	0.24951	g_odom_x	0	g_odom_y	0
W_X	4.70103	W_Y	-0.000624909	A	3.66902	O_X	4.72372	O_Y	0.250822	g_odom_x	0	g_odom_y	0
W_X	4.72154	W_Y	-0.00069794	A	3.84666	O_X	4.74419	O_Y	0.252135	g_odom_x	0	g_odom_y	0
W_X	4.74205	W_Y	-0.000707358	A	3.84666	O_X	4.76465	O_Y	0.253511	g_odom_x	0	g_odom_y	0
W_X	4.76256	W_Y	-0.000716783	A	3.84666	O_X	4.78512	O_Y	0.254887	g_odom_x	0	g_odom_y	0
W_X	4.78307	W_Y	-0.000726206	A	3.84666	O_X	4.80558	O_Y	0.256263	g_odom_x	0	g_odom_y	0
W_X	4.80359	W_Y	-0.000735631	A	3.84666	O_X	4.82605	O_Y	0.257639	g_odom_x	0	g_odom_y	0
W_X	4.82411	W_Y	-0.00074506	A	3.84666	O_X	4.84653	O_Y	0.259016	g_odom_x	0	g_odom_y	0
W_X	4.84462	W_Y	-0.000754484	A	3.84666	O_X	4.867	O_Y	0.260392	g_odom_x	0	g_odom_y	0
W_X	4.86624	W_Y	0.00154522	A	3.84666	O_X	4.88746	O_Y	0.261768	g_odom_x	0	g_odom_y	0
W_X	4.8899	W_Y	0.00818826	A	3.84666	O_X	4.90794	O_Y	0.263145	g_odom_x	0	g_odom_y	0
W_X	4.91047	W_Y	0.00836245	A	3.84666	O_X	4.92841	O_Y	0.264521	g_odom_x	0	g_odom_y	0
W_X	4.93099	W_Y	0.00840293	A	3.84666	O_X	4.94888	O_Y	0.265898	g_odom_x	0	g_odom_y	0
W_X	4.97202	W_Y	0.00848389	A	3.84666	O_X	4.98981	O_Y	0.26865	g_odom_x	0	g_odom_y	0
W_X	4.99253	W_Y	0.00852436	A	3.68952	O_X	5.01027	O_Y	0.270026	g_odom_x	0	g_odom_y	0
W_X	5.01304	W_Y	0.00850858	A	3.68952	O_X	5.03074	O_Y	0.271346	g_odom_x	0	g_odom_y	0
W_X	5.03355	W_Y	0.00849279	A	3.68952	O_X	5.05121	O_Y	0.272666	g_odom_x	0	g_odom_y	0
W_X	5.05406	W_Y	0.00847701	A	3.68952	O_X	5.07168	O_Y	0.273986	g_odom_x	0	g_odom_y	0
W_X	5.07458	W_Y	0.00846123	A	3.68952	O_X	5.09216	O_Y	0.275306	g_odom_x	0	g_odom_y	0
W_X	5.0951	W_Y	0.00844544	A	3.68952	O_X	5.11264	O_Y	0.276627	g_odom_x	0	g_odom_y	0
W_X	5.14177	W_Y	0.0173496	A	3.68952	O_X	5.15357	O_Y	0.279266	g_odom_x	0	g_odom_y	0
W_X	5.16992	W_Y	0.0295763	A	3.68952	O_X	5.17405	O_Y	0.280586	g_odom_x	0	g_odom_y	0
W_X	5.19043	W_Y	0.0296649	A	3.68952	O_X	5.19452	O_Y	0.281907	g_odom_x	0	g_odom_y	0
W_X	5.21094	W_Y	0.0297535	A	3.68952	O_X	5.21498	O_Y	0.283226	g_odom_x	0	g_odom_y	0
W_X	5.23144	W_Y	0.0298421	A	3.68952	O_X	5.23544	O_Y	0.284546	g_odom_x	0	g_odom_y	0
W_X	5.25195	W_Y	0.0299307	A	3.68952	O_X	5.25591	O_Y	0.285866	g_odom_x	0	g_odom_y	0
W_X	5.27247	W_Y	0.0300193	A	3.68952	O_X	5.27639	O_Y	0.287186	g_odom_x	0	g_odom_y	0
W_X	5.31349	W_Y	0.0301965	A	3.36302	O_X	5.31733	O_Y	0.289826	g_odom_x	0	g_odom_y	0
W_X	5.334	W_Y	0.0301683	A	3.36302	O_X	5.3378	O_Y	0.291029	g_odom_x	0	g_odom_y	0
W_X	5.35515	W_Y	0.0314786	A	3.36302	O_X	5.35828	O_Y	0.292232	g_odom_x	0	g_odom_y	0
W_X	5.38009	W_Y	0.0409476	A	3.36302	O_X	5.37876	O_Y	0.293436	g_odom_x	0	g_odom_y	0
W_X	5.40161	W_Y	0.0431606	A	3.36302	O_X	5.39924	O_Y	0.294639	g_odom_x	0	g_odom_y	0
W_X	5.42213	W_Y	0.0431984	A	3.36302	O_X	5.41973	O_Y	0.295843	g_odom_x	0	g_odom_y	0
W_X	5.44266	W_Y	0.0432362	A	3.36302	O_X	5.44021	O_Y	0.297047	g_odom_x	0	g_odom_y	0
W_X	5.46112	W_Y	0.0432702	A	3.36302	O_X	5.45864	O_Y	0.29813	g_odom_x	0	g_odom_y	0
W_X	5.47958	W_Y	0.0433042	A	3.36302	O_X	5.47707	O_Y	0.299213	g_odom_x	0	g_odom_y	0
W_X	5.5206	W_Y	0.0433797	A	3.53458	O_X	5.51802	O_Y	0.301619	g_odom_x	0	g_odom_y	0
W_X	5.54111	W_Y	0.0434789	A	3.53458	O_X	5.53849	O_Y	0.302883	g_odom_x	0	g_odom_y	0
W_X	5.56162	W_Y	0.0435781	A	3.53458	O_X	5.55896	O_Y	0.304148	g_odom_x	0	g_odom_y	0
W_X	5.58779	W_Y	0.0546606	A	3.53458	O_X	5.57944	O_Y	0.305413	g_odom_x	0	g_odom_y	0
W_X	5.61201	W_Y	0.0619865	A	3.08639	O_X	5.59992	O_Y	0.306678	g_odom_x	0	g_odom_y	0
W_X	5.63252	W_Y	0.0619621	A	3.08639	O_X	5.6204	O_Y	0.307782	g_odom_x	0	g_odom_y	0
W_X	5.65303	W_Y	0.0619376	A	3.08639	O_X	5.64089	O_Y	0.308887	g_odom_x	0	g_odom_y	0
W_X	5.67355	W_Y	0.0619131	A	2.91703	O_X	5.66137	O_Y	0.309991	g_odom_x	0	g_odom_y	0
W_X	5.69406	W_Y	0.0618281	A	2.91703	O_X	5.68186	O_Y	0.311035	g_odom_x	0	g_odom_y	0
W_X	5.71457	W_Y	0.061743	A	2.75985	O_X	5.70234	O_Y	0.312079	g_odom_x	0	g_odom_y	0
W_X	5.73509	W_Y	0.0616016	A	2.60267	O_X	5.72284	O_Y	0.313067	g_odom_x	0	g_odom_y	0
W_X	5.77611	W_Y	0.0612063	A	2.60267	O_X	5.76382	O_Y	0.31493	g_odom_x	0	g_odom_y	0
W_X	5.80137	W_Y	0.069579	A	2.42116	O_X	5.78431	O_Y	0.315861	g_odom_x	0	g_odom_y	0
W_X	5.83388	W_Y	0.0910365	A	2.42116	O_X	5.80481	O_Y	0.316728	g_odom_x	0	g_odom_y	0
W_X	5.85439	W_Y	0.0908284	A	2.42116	O_X	5.8253	O_Y	0.317595	g_odom_x	0	g_odom_y	0
W_X	5.8749	W_Y	0.0906203	A	2.42116	O_X	5.8458	O_Y	0.318461	g_odom_x	0	g_odom_y	0
W_X	5.89542	W_Y	0.0904122	A	2.42116	O_X	5.86629	O_Y	0.319328	g_odom_x	0	g_odom_y	0
W_X	5.91593	W_Y	0.0902042	A	2.42116	O_X	5.88678	O_Y	0.320194	g_odom_x	0	g_odom_y	0
W_X	5.95695	W_Y	0.089788	A	1.89988	O_X	5.92777	O_Y	0.321927	g_odom_x	0	g_odom_y	0
W_X	5.97746	W_Y	0.0893933	A	1.89988	O_X	5.94828	O_Y	0.322607	g_odom_x	0	g_odom_y	0
W_X	5.99797	W_Y	0.0889986	A	1.73054	O_X	5.96878	O_Y	0.323288	g_odom_x	0	g_odom_y	0
W_X	6.0185	W_Y	0.0888143	A	1.55512	O_X	5.98928	O_Y	0.323907	g_odom_x	0	g_odom_y	0
W_X	6.03972	W_Y	0.0983113	A	1.55512	O_X	6.00979	O_Y	0.324464	g_odom_x	0	g_odom_y	0
W_X	6.06047	W_Y	0.101176	A	1.26405	O_X	6.0303	O_Y	0.32502	g_odom_x	0	g_odom_y	0
W_X	6.08098	W_Y	0.100591	A	0.972969	O_X	6.05081	O_Y	0.325473	g_odom_x	0	g_odom_y	0
W_X	6.12198	W_Y	0.0992142	A	0.670812	O_X	6.09183	O_Y	0.32617	g_odom_x	0	g_odom_y	0
W_X	6.14249	W_Y	0.098417	A	0.446601	O_X	6.11236	O_Y	0.32641	g_odom_x	0	g_odom_y	0
W_X	6.163	W_Y	0.0975395	A	0.28318	O_X	6.13288	O_Y	0.32657	g_odom_x	0	g_odom_y	0
W_X	6.18345	W_Y	0.0966063	A	0.28318	O_X	6.15335	O_Y	0.326671	g_odom_x	0	g_odom_y	0
W_X	6.20396	W_Y	0.0956702	A	0.28318	O_X	6.17388	O_Y	0.326773	g_odom_x	0	g_odom_y	0
W_X	6.24722	W_Y	0.0993636	A	0.28318	O_X	6.2149	O_Y	0.326975	g_odom_x	0	g_odom_y	0
W_X	6.27074	W_Y	0.105795	A	-0.0443991	O_X	6.23541	O_Y	0.327077	g_odom_x	0	g_odom_y	0
W_X	6.29123	W_Y	0.104747	A	-0.0443991	O_X	6.25592	O_Y	0.327061	g_odom_x	0	g_odom_y	0
W_X	6.3117	W_Y	0.1037	A	-0.262298	O_X	6.27642	O_Y	0.327045	g_odom_x	0	g_odom_y	0
W_X	6.33218	W_Y	0.102575	A	-0.262298	O_X	6.29693	O_Y	0.326951	g_odom_x	0	g_odom_y	0
W_X	6.35267	W_Y	0.101449	A	-0.474248	O_X	6.31745	O_Y	0.326857	g_odom_x	0	g_odom_y	0
W_X	6.37314	W_Y	0.100248	A	-0.686199	O_X	6.33796	O_Y	0.326687	g_odom_x	0	g_odom_y	0
W_X	6.41409	W_Y	0.0976939	A	-1.07357	O_X	6.37898	O_Y	0.326196	g_odom_x	0	g_odom_y	0
W_X	6.43455	W_Y	0.0962785	A	-1.24292	O_X	6.39949	O_Y	0.325812	g_odom_x	0	g_odom_y	0
W_X	6.45561	W_Y	0.0970524	A	-1.24292	O_X	6.42	O_Y	0.325367	g_odom_x	0	g_odom_y	0
W_X	6.47962	W_Y	0.109142	A	-1.49749	O_X	6.44051	O_Y	0.324922	g_odom_x	0	g_odom_y	0
W_X	6.50077	W_Y	0.110272	A	-1.49749	O_X	6.46101	O_Y	0.324386	g_odom_x	0	g_odom_y	0
W_X	6.52123	W_Y	0.108733	A	-1.49749	O_X	6.48152	O_Y	0.32385	g_odom_x	0	g_odom_y	0
W_X	6.54169	W_Y	0.107194	A	-1.49749	O_X	6.50203	O_Y	0.323314	g_odom_x	0	g_odom_y	0
W_X	6.5826	W_Y	0.104117	A	-1.49749	O_X	6.54305	O_Y	0.322241	g_odom_x	0	g_odom_y	0
W_X	6.60304	W_Y	0.102579	A	-1.69719	O_X	6.56354	O_Y	0.321705	g_odom_x	0	g_odom_y	0
W_X	6.6235	W_Y	0.100969	A	-1.69719	O_X	6.58406	O_Y	0.321098	g_odom_x	0	g_odom_y	0
W_X	6.64395	W_Y	0.0993592	A	-1.69719	O_X	6.60456	O_Y	0.32049	g_odom_x	0	g_odom_y	0
W_X	6.66461	W_Y	0.0977329	A	-1.69719	O_X	6.62527	O_Y	0.319876	g_odom_x	0	g_odom_y	0
W_X	6.68098	W_Y	0.103253	A	-1.69719	O_X	6.64557	O_Y	0.319275	g_odom_x	0	g_odom_y	0
W_X	6.69879	W_Y	0.106184	A	-1.69719	O_X	6.66587	O_Y	0.318674	g_odom_x	0	g_odom_y	0
W_X	6.73969	W_Y	0.103075	A	-1.69719	O_X	6.70687	O_Y	0.317459	g_odom_x	0	g_odom_y	0
W_X	6.76015	W_Y	0.10152	A	-1.69719	O_X	6.72738	O_Y	0.316851	g_odom_x	0	g_odom_y	0
W_X	6.7806	W_Y	0.099965	A	-1.95785	O_X	6.74788	O_Y	0.316244	g_odom_x	0	g_odom_y	0
W_X	6.80105	W_Y	0.098317	A	-1.95785	O_X	6.76839	O_Y	0.315543	g_odom_x	0	g_odom_y	0
W_X	6.8215	W_Y	0.0966694	A	-2.21846	O_X	6.78888	O_Y	0.314842	g_odom_x	0	g_odom_y	0
W_X	6.84194	W_Y	0.0949283	A	-2.21846	O_X	6.80939	O_Y	0.314048	g_odom_x	0	g_odom_y	0
W_X	6.86238	W_Y	0.0931872	A	-2.21846	O_X	6.82989	O_Y	0.313254	g_odom_x	0	g_odom_y	0
W_X	6.90187	W_Y	0.0930477	A	-2.93453	O_X	6.87087	O_Y	0.311666	g_odom_x	0	g_odom_y	0
W_X	6.91926	W_Y	0.0983872	A	-3.13428	O_X	6.89136	O_Y	0.310616	g_odom_x	0	g_odom_y	0
W_X	6.93967	W_Y	0.096313	A	-3.13428	O_X	6.91184	O_Y	0.309494	g_odom_x	0	g_odom_y	0
W_X	6.96008	W_Y	0.0942388	A	-3.13428	O_X	6.93233	O_Y	0.308372	g_odom_x	0	g_odom_y	0
W_X	6.98049	W_Y	0.0921651	A	-3.28533	O_X	6.9528	O_Y	0.307251	g_odom_x	0	g_odom_y	0
W_X	7.00089	W_Y	0.0900373	A	-3.43638	O_X	6.97328	O_Y	0.306075	g_odom_x	0	g_odom_y	0
W_X	7.02129	W_Y	0.0878548	A	-3.43638	O_X	6.99377	O_Y	0.304845	g_odom_x	0	g_odom_y	0
W_X	7.04169	W_Y	0.0856731	A	-3.43638	O_X	7.01425	O_Y	0.303616	g_odom_x	0	g_odom_y	0
W_X	7.06209	W_Y	0.0834914	A	-3.59964	O_X	7.03473	O_Y	0.302386	g_odom_x	0	g_odom_y	0
W_X	7.08247	W_Y	0.0812527	A	-3.59964	O_X	7.05519	O_Y	0.301099	g_odom_x	0	g_odom_y	0
W_X	7.10145	W_Y	0.07821	A	-3.76891	O_X	7.07567	O_Y	0.29981	g_odom_x	0	g_odom_y	0
W_X	7.1214	W_Y	0.0756458	A	-3.76891	O_X	7.09614	O_Y	0.298462	g_odom_x	0	g_odom_y	0
W_X	7.14178	W_Y	0.0733253	A	-3.76891	O_X	7.11661	O_Y	0.297113	g_odom_x	0	g_odom_y	0
W_X	7.18254	W_Y	0.068685	A	-4.3389	O_X	7.15755	O_Y	0.294417	g_odom_x	0	g_odom_y	0
W_X	7.2029	W_Y	0.0661622	A	-4.51432	O_X	7.178	O_Y	0.292865	g_odom_x	0	g_odom_y	0
W_X	7.22326	W_Y	0.0635755	A	-4.51432	O_X	7.19846	O_Y	0.291249	g_odom_x	0	g_odom_y	0
W_X	7.24362	W_Y	0.06099	A	-4.51432	O_X	7.21891	O_Y	0.289634	g_odom_x	0	g_odom_y	0
W_X	7.26397	W_Y	0.0584049	A	-4.51432	O_X	7.23936	O_Y	0.28802	g_odom_x	0	g_odom_y	0
W_X	7.28431	W_Y	0.0558198	A	-4.51432	O_X	7.25981	O_Y	0.286405	g_odom_x	0	g_odom_y	0
W_X	7.30466	W_Y	0.0532347	A	-4.51432	O_X	7.28026	O_Y	0.284791	g_odom_x	0	g_odom_y	0
W_X	7.34571	W_Y	0.0490108	A	-4.51432	O_X	7.32116	O_Y	0.281562	g_odom_x	0	g_odom_y	0
W_X	7.36739	W_Y	0.0500628	A	-4.51432	O_X	7.34161	O_Y	0.279947	g_odom_x	0	g_odom_y	0
W_X	7.38787	W_Y	0.0478043	A	-4.51432	O_X	7.36206	O_Y	0.278333	g_odom_x	0	g_odom_y	0
W_X	7.4082	W_Y	0.0451901	A	-4.51432	O_X	7.3825	O_Y	0.276719	g_odom_x	0	g_odom_y	0
W_X	7.42854	W_Y	0.0425738	A	-4.69584	O_X	7.40295	O_Y	0.275105	g_odom_x	0	g_odom_y	0
W_X	7.44888	W_Y	0.0398934	A	-4.69584	O_X	7.42339	O_Y	0.273425	g_odom_x	0	g_odom_y	0
W_X	7.46922	W_Y	0.037213	A	-4.69584	O_X	7.44383	O_Y	0.271746	g_odom_x	0	g_odom_y	0
W_X	7.50989	W_Y	0.0318519	A	-4.69584	O_X	7.48472	O_Y	0.268387	g_odom_x	0	g_odom_y	0
W_X	7.53023	W_Y	0.0291714	A	-4.69584	O_X	7.50516	O_Y	0.266708	g_odom_x	0	g_odom_y	0
W_X	7.55057	W_Y	0.0264907	A	-4.69584	O_X	7.52561	O_Y	0.265029	g_odom_x	0	g_odom_y	0
W_X	7.57245	W_Y	0.0271841	A	-4.69584	O_X	7.54605	O_Y	0.26335	g_odom_x	0	g_odom_y	0
W_X	7.59374	W_Y	0.0265594	A	-4.69584	O_X	7.56649	O_Y	0.261671	g_odom_x	0	g_odom_y	0
W_X	7.61411	W_Y	0.0238649	A	-4.69584	O_X	7.58697	O_Y	0.259988	g_odom_x	0	g_odom_y	0
W_X	7.63442	W_Y	0.0211792	A	-4.69584	O_X	7.60739	O_Y	0.258311	g_odom_x	0	g_odom_y	0
W_X	7.65476	W_Y	0.0184899	A	-4.69584	O_X	7.62783	O_Y	0.256632	g_odom_x	0	g_odom_y	0
W_X	7.67509	W_Y	0.0158003	A	-4.39648	O_X	7.64828	O_Y	0.254953	g_odom_x	0	g_odom_y	0
W_X	7.69544	W_Y	0.0132171	A	-4.39648	O_X	7.66873	O_Y	0.25338	g_odom_x	0	g_odom_y	0
W_X	7.71579	W_Y	0.0106335	A	-4.091	O_X	7.68919	O_Y	0.251807	g_odom_x	0	g_odom_y	0
W_X	7.73616	W_Y	0.0081591	A	-4.091	O_X	7.70964	O_Y	0.250344	g_odom_x	0	g_odom_y	0
W_X	7.7566	W_Y	0.00494266	A	-4.091	O_X	7.7301	O_Y	0.248881	g_odom_x	0	g_odom_y	0
W_X	7.79746	W_Y	-0.00157534	A	-3.58968	O_X	7.77102	O_Y	0.245954	g_odom_x	0	g_odom_y	0
W_X	7.81784	W_Y	-0.00393642	A	-3.36336	O_X	7.7915	O_Y	0.24467	g_odom_x	0	g_odom_y	0
W_X	7.83822	W_Y	-0.00621682	A	-3.17357	O_X	7.81197	O_Y	0.243466	g_odom_x	0	g_odom_y	0
W_X	7.85862	W_Y	-0.0084299	A	-2.88028	O_X	7.83246	O_Y	0.242331	g_odom_x	0	g_odom_y	0
W_X	7.87902	W_Y	-0.0105384	A	-2.72701	O_X	7.85295	O_Y	0.2413	g_odom_x	0	g_odom_y	0
W_X	7.89943	W_Y	-0.0125922	A	-2.72701	O_X	7.87343	O_Y	0.240324	g_odom_x	0	g_odom_y	0
W_X	7.91984	W_Y	-0.0146459	A	-2.72701	O_X	7.89392	O_Y	0.239348	g_odom_x	0	g_odom_y	0
W_X	7.96066	W_Y	-0.0187537	A	-2.72701	O_X	7.9349	O_Y	0.237396	g_odom_x	0	g_odom_y	0
W_X	7.98107	W_Y	-0.0208076	A	-2.72701	O_X	7.95539	O_Y	0.23642	g_odom_x	0	g_odom_y	0
W_X	8.00148	W_Y	-0.0228616	A	-2.72701	O_X	7.97588	O_Y	0.235444	g_odom_x	0	g_odom_y	0
W_X	8.02175	W_Y	-0.0232385	A	-2.72701	O_X	7.99637	O_Y	0.234468	g_odom_x	0	g_odom_y	0
W_X	8.04204	W_Y	-0.0238467	A	-2.72701	O_X	8.01686	O_Y	0.233492	g_odom_x	0	g_odom_y	0
W_X	8.06246	W_Y	-0.0258788	A	-2.72701	O_X	8.03735	O_Y	0.232516	g_odom_x	0	g_odom_y	0
W_X	8.08287	W_Y	-0.027911	A	-2.72701	O_X	8.05784	O_Y	0.23154	g_odom_x	0	g_odom_y	0
W_X	8.12369	W_Y	-0.0319753	A	-2.72701	O_X	8.09882	O_Y	0.229588	g_odom_x	0	g_odom_y	0
W_X	8.14411	W_Y	-0.0340072	A	-2.72701	O_X	8.11931	O_Y	0.228612	g_odom_x	0	g_odom_y	0
W_X	8.16452	W_Y	-0.0360393	A	-2.72701	O_X	8.1398	O_Y	0.227636	g_odom_x	0	g_odom_y	0
W_X	8.18493	W_Y	-0.0380715	A	-2.72701	O_X	8.16029	O_Y	0.22666	g_odom_x	0	g_odom_y	0
W_X	8.20534	W_Y	-0.0401036	A	-2.72701	O_X	8.18078	O_Y	0.225684	g_odom_x	0	g_odom_y	0
W_X	8.22644	W_Y	-0.0399327	A	-2.56158	O_X	8.20127	O_Y	0.224709	g_odom_x	0	g_odom_y	0
W_X	8.24918	W_Y	-0.0344711	A	-2.39614	O_X	8.22176	O_Y	0.223792	g_odom_x	0	g_odom_y	0
W_X	8.29002	W_Y	-0.0382897	A	-2.39614	O_X	8.26275	O_Y	0.222077	g_odom_x	0	g_odom_y	0
W_X	8.31045	W_Y	-0.0401991	A	-2.39614	O_X	8.28324	O_Y	0.221219	g_odom_x	0	g_odom_y	0
W_X	8.33087	W_Y	-0.0421086	A	-2.39614	O_X	8.30374	O_Y	0.220362	g_odom_x	0	g_odom_y	0
W_X	8.35129	W_Y	-0.0440181	A	-2.39614	O_X	8.32423	O_Y	0.219504	g_odom_x	0	g_odom_y	0
W_X	8.37173	W_Y	-0.0459284	A	-2.58386	O_X	8.34473	O_Y	0.218646	g_odom_x	0	g_odom_y	0
W_X	8.39214	W_Y	-0.0479049	A	-2.77159	O_X	8.36523	O_Y	0.217721	g_odom_x	0	g_odom_y	0
W_X	8.41257	W_Y	-0.0499497	A	-2.77159	O_X	8.38573	O_Y	0.216729	g_odom_x	0	g_odom_y	0
W_X	8.43298	W_Y	-0.051993	A	-2.77159	O_X	8.40622	O_Y	0.215737	g_odom_x	0	g_odom_y	0
W_X	8.45645	W_Y	-0.0508748	A	-2.61793	O_X	8.42676	O_Y	0.214742	g_odom_x	0	g_odom_y	0
W_X	8.47813	W_Y	-0.0514834	A	-2.61793	O_X	8.4472	O_Y	0.213808	g_odom_x	0	g_odom_y	0
W_X	8.49854	W_Y	-0.0534869	A	-2.61793	O_X	8.46769	O_Y	0.212871	g_odom_x	0	g_odom_y	0
W_X	8.51894	W_Y	-0.0554893	A	-2.36129	O_X	8.48817	O_Y	0.211934	g_odom_x	0	g_odom_y	0
W_X	8.53935	W_Y	-0.0574003	A	-2.10465	O_X	8.50865	O_Y	0.21109	g_odom_x	0	g_odom_y	0
W_X	8.58022	W_Y	-0.0610416	A	-2.10465	O_X	8.54965	O_Y	0.209583	g_odom_x	0	g_odom_y	0
W_X	8.60065	W_Y	-0.0628622	A	-2.10465	O_X	8.57015	O_Y	0.20883	g_odom_x	0	g_odom_y	0
W_X	8.62108	W_Y	-0.0646829	A	-1.94529	O_X	8.59065	O_Y	0.208076	g_odom_x	0	g_odom_y	0
W_X	8.64152	W_Y	-0.0664468	A	-1.94529	O_X	8.61115	O_Y	0.20738	g_odom_x	0	g_odom_y	0
W_X	8.66167	W_Y	-0.0666212	A	-1.77985	O_X	8.63166	O_Y	0.206684	g_odom_x	0	g_odom_y	0
W_X	8.68158	W_Y	-0.0653187	A	-1.77985	O_X	8.65216	O_Y	0.206047	g_odom_x	0	g_odom_y	0
W_X	8.70202	W_Y	-0.0670106	A	-1.77985	O_X	8.67266	O_Y	0.20541	g_odom_x	0	g_odom_y	0
W_X	8.74291	W_Y	-0.0703945	A	-1.77985	O_X	8.71367	O_Y	0.204135	g_odom_x	0	g_odom_y	0
W_X	8.76335	W_Y	-0.0720865	A	-1.77985	O_X	8.73417	O_Y	0.203498	g_odom_x	0	g_odom_y	0
W_X	8.78379	W_Y	-0.0737785	A	-1.77985	O_X	8.75468	O_Y	0.202861	g_odom_x	0	g_odom_y	0
W_X	8.80423	W_Y	-0.0754702	A	-1.77985	O_X	8.77518	O_Y	0.202224	g_odom_x	0	g_odom_y	0
W_X	8.82468	W_Y	-0.0771623	A	-1.54135	O_X	8.79568	O_Y	0.201587	g_odom_x	0	g_odom_y	0
W_X	8.84513	W_Y	-0.0787693	A	-1.54135	O_X	8.81619	O_Y	0.201035	g_odom_x	0	g_odom_y	0
W_X	8.86498	W_Y	-0.0809588	A	-1.54135	O_X	8.8367	O_Y	0.200483	g_odom_x	0	g_odom_y	0
W_X	8.90153	W_Y	-0.0884332	A	-1.54135	O_X	8.87771	O_Y	0.19938	g_odom_x	0	g_odom_y	0
W_X	8.92107	W_Y	-0.0910465	A	-1.32029	O_X	8.89825	O_Y	0.198827	g_odom_x	0	g_odom_y	0
W_X	8.94141	W_Y	-0.0926643	A	-1.32029	O_X	8.91865	O_Y	0.198357	g_odom_x	0	g_odom_y	0
W_X	8.96185	W_Y	-0.0942902	A	-1.03302	O_X	8.93915	O_Y	0.197884	g_odom_x	0	g_odom_y	0
W_X	8.98231	W_Y	-0.0958142	A	-0.873656	O_X	8.95966	O_Y	0.197514	g_odom_x	0	g_odom_y	0
W_X	9.00277	W_Y	-0.0972813	A	-0.714297	O_X	8.98017	O_Y	0.197202	g_odom_x	0	g_odom_y	0
W_X	9.02324	W_Y	-0.0986921	A	-0.359109	O_X	9.00069	O_Y	0.196946	g_odom_x	0	g_odom_y	0
W_X	9.04371	W_Y	-0.0999754	A	-0.144973	O_X	9.02121	O_Y	0.196817	g_odom_x	0	g_odom_y	0
W_X	9.0642	W_Y	-0.101182	A	0.0326698	O_X	9.04172	O_Y	0.196765	g_odom_x	0	g_odom_y	0
W_X	9.1112	W_Y	-0.0990535	A	0.26506	O_X	9.08274	O_Y	0.196789	g_odom_x	0	g_odom_y	0
W_X	9.13169	W_Y	-0.100139	A	0.26506	O_X	9.10326	O_Y	0.196883	g_odom_x	0	g_odom_y	0
W_X	9.15217	W_Y	-0.101224	A	0.26506	O_X	9.12377	O_Y	0.196978	g_odom_x	0	g_odom_y	0
W_X	9.19314	W_Y	-0.103395	A	0.26506	O_X	9.1648	O_Y	0.197168	g_odom_x	0	g_odom_y	0
W_X	9.21363	W_Y	-0.10448	A	0.479192	O_X	9.18531	O_Y	0.197263	g_odom_x	0	g_odom_y	0
W_X	9.23412	W_Y	-0.105489	A	0.687322	O_X	9.20583	O_Y	0.197435	g_odom_x	0	g_odom_y	0
W_X	9.25461	W_Y	-0.106424	A	0.687322	O_X	9.22634	O_Y	0.197681	g_odom_x	0	g_odom_y	0
W_X	9.2751	W_Y	-0.107358	A	1.00485	O_X	9.24685	O_Y	0.197927	g_odom_x	0	g_odom_y	0
W_X	9.2964	W_Y	-0.107107	A	1.00485	O_X	9.26736	O_Y	0.198287	g_odom_x	0	g_odom_y	0
W_X	9.31925	W_Y	-0.104806	A	1.00485	O_X	9.28787	O_Y	0.198646	g_odom_x	0	g_odom_y	0
W_X	9.36031	W_Y	-0.106361	A	1.00485	O_X	9.32889	O_Y	0.199366	g_odom_x	0	g_odom_y	0
W_X	9.38081	W_Y	-0.10718	A	1.2859	O_X	9.3494	O_Y	0.199725	g_odom_x	0	g_odom_y	0
W_X	9.40131	W_Y	-0.107899	A	1.2859	O_X	9.3699	O_Y	0.200186	g_odom_x	0	g_odom_y	0
W_X	9.42181	W_Y	-0.108618	A	1.53048	O_X	9.39041	O_Y	0.200646	g_odom_x	0	g_odom_y	0
W_X	9.44231	W_Y	-0.109249	A	1.53048	O_X	9.41092	O_Y	0.201194	g_odom_x	0	g_odom_y	0
W_X	9.46281	W_Y	-0.109881	A	1.53048	O_X	9.43142	O_Y	0.201742	g_odom_x	0	g_odom_y	0
W_X	9.48332	W_Y	-0.110512	A	1.53048	O_X	9.45193	O_Y	0.20229	g_odom_x	0	g_odom_y	0
W_X	9.52432	W_Y	-0.111775	A	1.53048	O_X	9.49294	O_Y	0.203386	g_odom_x	0	g_odom_y	0
W_X	9.54438	W_Y	-0.109319	A	1.53048	O_X	9.51345	O_Y	0.203933	g_odom_x	0	g_odom_y	0
W_X	9.56468	W_Y	-0.108576	A	1.53048	O_X	9.53395	O_Y	0.204481	g_odom_x	0	g_odom_y	0
W_X	9.58518	W_Y	-0.109163	A	1.81158	O_X	9.55446	O_Y	0.205029	g_odom_x	0	g_odom_y	0
W_X	9.60568	W_Y	-0.10965	A	1.99519	O_X	9.57495	O_Y	0.205677	g_odom_x	0	g_odom_y	0
W_X	9.62617	W_Y	-0.110071	A	1.99519	O_X	9.59544	O_Y	0.206391	g_odom_x	0	g_odom_y	0
W_X	9.66718	W_Y	-0.110913	A	1.99519	O_X	9.63643	O_Y	0.207819	g_odom_x	0	g_odom_y	0
W_X	9.6877	W_Y	-0.111334	A	2.3626	O_X	9.65694	O_Y	0.208533	g_odom_x	0	g_odom_y	0
W_X	9.70821	W_Y	-0.111623	A	2.56454	O_X	9.67743	O_Y	0.209379	g_odom_x	0	g_odom_y	0
W_X	9.72872	W_Y	-0.111841	A	2.73	O_X	9.69793	O_Y	0.210297	g_odom_x	0	g_odom_y	0
W_X	9.75079	W_Y	-0.110412	A	3.01108	O_X	9.71842	O_Y	0.211274	g_odom_x	0	g_odom_y	0
W_X	9.77402	W_Y	-0.107618	A	3.01108	O_X	9.7389	O_Y	0.212352	g_odom_x	0	g_odom_y	0
W_X	9.79453	W_Y	-0.107621	A	3.01108	O_X	9.75939	O_Y	0.213429	g_odom_x	0	g_odom_y	0
W_X	9.83556	W_Y	-0.107626	A	3.65849	O_X	9.80036	O_Y	0.215584	g_odom_x	0	g_odom_y	0
W_X	9.85607	W_Y	-0.107397	A	3.65849	O_X	9.82083	O_Y	0.216893	g_odom_x	0	g_odom_y	0
W_X	9.87658	W_Y	-0.107168	A	3.84219	O_X	9.8413	O_Y	0.218202	g_odom_x	0	g_odom_y	0
W_X	9.89709	W_Y	-0.106873	A	3.99546	O_X	9.86177	O_Y	0.219577	g_odom_x	0	g_odom_y	0
W_X	9.9176	W_Y	-0.106523	A	3.99546	O_X	9.88223	O_Y	0.221006	g_odom_x	0	g_odom_y	0
W_X	9.93811	W_Y	-0.106173	A	4.19134	O_X	9.90269	O_Y	0.222435	g_odom_x	0	g_odom_y	0
W_X	9.9588	W_Y	-0.105032	A	4.38722	O_X	9.92315	O_Y	0.223935	g_odom_x	0	g_odom_y	0
W_X	10.0016	W_Y	-0.0964152	A	4.75462	O_X	9.96406	O_Y	0.227073	g_odom_x	0	g_odom_y	0
W_X	10.0225	W_Y	-0.0943277	A	4.75462	O_X	9.9845	O_Y	0.228773	g_odom_x	0	g_odom_y	0
W_X	10.043	W_Y	-0.093644	A	4.75462	O_X	10.0049	O_Y	0.230473	g_odom_x	0	g_odom_y	0
W_X	10.0635	W_Y	-0.0929601	A	4.95659	O_X	10.0254	O_Y	0.232174	g_odom_x	0	g_odom_y	0
W_X	10.084	W_Y	-0.0922039	A	5.10987	O_X	10.0458	O_Y	0.233946	g_odom_x	0	g_odom_y	0
W_X	10.1045	W_Y	-0.091393	A	5.10987	O_X	10.0663	O_Y	0.235773	g_odom_x	0	g_odom_y	0
W_X	10.125	W_Y	-0.090582	A	5.10987	O_X	10.0867	O_Y	0.2376	g_odom_x	0	g_odom_y	0
W_X	10.166	W_Y	-0.0889601	A	5.72073	O_X	10.1276	O_Y	0.241254	g_odom_x	0	g_odom_y	0
W_X	10.1864	W_Y	-0.0879307	A	5.89834	O_X	10.148	O_Y	0.243299	g_odom_x	0	g_odom_y	0
W_X	10.2081	W_Y	-0.0831688	A	6.12471	O_X	10.1684	O_Y	0.245408	g_odom_x	0	g_odom_y	0
W_X	10.2296	W_Y	-0.078848	A	6.12471	O_X	10.1888	O_Y	0.247596	g_odom_x	0	g_odom_y	0
W_X	10.25	W_Y	-0.0776328	A	6.12471	O_X	10.2092	O_Y	0.249784	g_odom_x	0	g_odom_y	0
W_X	10.2705	W_Y	-0.0764176	A	6.27798	O_X	10.2296	O_Y	0.251973	g_odom_x	0	g_odom_y	0
W_X	10.291	W_Y	-0.0751477	A	6.43125	O_X	10.2499	O_Y	0.254216	g_odom_x	0	g_odom_y	0
W_X	10.3319	W_Y	-0.0724982	A	6.79866	O_X	10.2907	O_Y	0.258812	g_odom_x	0	g_odom_y	0
W_X	10.3524	W_Y	-0.0710422	A	6.79866	O_X	10.3111	O_Y	0.26124	g_odom_x	0	g_odom_y	0
W_X	10.3729	W_Y	-0.0695866	A	6.79866	O_X	10.3314	O_Y	0.263668	g_odom_x	0	g_odom_y	0
W_X	10.3933	W_Y	-0.068131	A	6.79866	O_X	10.3518	O_Y	0.266095	g_odom_x	0	g_odom_y	0
W_X	10.415	W_Y	-0.0634554	A	6.79866	O_X	10.3722	O_Y	0.268524	g_odom_x	0	g_odom_y	0
W_X	10.4395	W_Y	-0.0509637	A	6.79866	O_X	10.3925	O_Y	0.270952	g_odom_x	0	g_odom_y	0
W_X	10.46	W_Y	-0.0494313	A	6.79866	O_X	10.4129	O_Y	0.273383	g_odom_x	0	g_odom_y	0
W_X	10.4804	W_Y	-0.0479011	A	6.79866	O_X	10.4333	O_Y	0.27581	g_odom_x	0	g_odom_y	0
W_X	10.5009	W_Y	-0.0463704	A	6.79866	O_X	10.4537	O_Y	0.278238	g_odom_x	0	g_odom_y	0
section	ahead	liner											
W_X	10.7844	W_Y	-0.0167509	A	7.07377	O_X	10.4944	O_Y	0.283196	g_odom_x	0	g_odom_y	0
W_X	10.8048	W_Y	-0.014756	A	8.0818	O_X	10.7586	O_Y	0.31937	g_odom_x	0	g_odom_y	0
W_X	10.8236	W_Y	-0.0129176	A	8.0818	O_X	10.7773	O_Y	0.322027	g_odom_x	0	g_odom_y	0
W_X	10.8428	W_Y	-0.00935868	A	8.0818	O_X	10.796	O_Y	0.324682	g_odom_x	0	g_odom_y	0
W_X	10.8616	W_Y	-0.00477433	A	7.72984	O_X	10.8142	O_Y	0.327263	g_odom_x	0	g_odom_y	0
W_X	10.8798	W_Y	-0.00307288	A	7.50575	O_X	10.8324	O_Y	0.329731	g_odom_x	0	g_odom_y	0
W_X	10.8981	W_Y	-0.00144292	A	7.28165	O_X	10.8506	O_Y	0.332128	g_odom_x	0	g_odom_y	0
W_X	10.9347	W_Y	0.00167306	A	6.7605	O_X	10.8869	O_Y	0.336779	g_odom_x	0	g_odom_y	0
W_X	10.9524	W_Y	0.00302432	A	6.7605	O_X	10.9046	O_Y	0.338876	g_odom_x	0	g_odom_y	0
W_X	10.9702	W_Y	0.00437555	A	6.7605	O_X	10.9223	O_Y	0.340973	g_odom_x	0	g_odom_y	0
W_X	10.988	W_Y	0.00572693	A	6.26854	O_X	10.94	O_Y	0.343071	g_odom_x	0	g_odom_y	0
W_X	11.0057	W_Y	0.00692544	A	6.26854	O_X	10.9577	O_Y	0.345016	g_odom_x	0	g_odom_y	0
section	ahead	liner											
section	Arc	ahead											
X	11.0264	Y	0.35256	A	6.26854	g_odom_x	0	g_odom_y	0				
X	11.1982	Y	0.370784	A	6.03226	g_odom_x	0	g_odom_y	0				
X	11.2143	Y	0.372486	A	6.18554	g_odom_x	0	g_odom_y	0				
X	11.2304	Y	0.374232	A	6.33881	g_odom_x	0	g_odom_y	0				
X	11.2626	Y	0.377808	A	6.33881	g_odom_x	0	g_odom_y	0				
X	11.2787	Y	0.379596	A	6.92422	g_odom_x	0	g_odom_y	0				
X	11.2948	Y	0.381548	A	7.49137	g_odom_x	0	g_odom_y	0				
X	11.3108	Y	0.383659	A	7.85161	g_odom_x	0	g_odom_y	0				
X	11.3269	Y	0.385871	A	8.16312	g_odom_x	0	g_odom_y	0				
X	11.3429	Y	0.388171	A	8.5538	g_odom_x	0	g_odom_y	0				
X	11.3589	Y	0.39058	A	8.94449	g_odom_x	0	g_odom_y	0				
X	11.3909	Y	0.395616	A	9.73798	g_odom_x	0	g_odom_y	0				
X	11.4069	Y	0.398356	A	10.1409	g_odom_x	0	g_odom_y	0				
X	11.4228	Y	0.401205	A	10.489	g_odom_x	0	g_odom_y	0				
X	11.4387	Y	0.404155	A	10.8552	g_odom_x	0	g_odom_y	0				
X	11.4546	Y	0.407205	A	11.2945	g_odom_x	0	g_odom_y	0				
X	11.4705	Y	0.410376	A	11.5147	g_odom_x	0	g_odom_y	0				
X	11.4864	Y	0.413609	A	11.735	g_odom_x	0	g_odom_y	0				
X	11.5181	Y	0.420197	A	12.5772	g_odom_x	0	g_odom_y	0				
X	11.5339	Y	0.423723	A	13.0713	g_odom_x	0	g_odom_y	0				
X	11.5497	Y	0.427386	A	13.3463	g_odom_x	0	g_odom_y	0				
X	11.5654	Y	0.431123	A	13.5118	g_odom_x	0	g_odom_y	0				
X	11.5812	Y	0.434907	A	13.8051	g_odom_x	0	g_odom_y	0				
X	11.5969	Y	0.438772	A	14.0983	g_odom_x	0	g_odom_y	0				
X	11.6126	Y	0.442721	A	15.2084	g_odom_x	0	g_odom_y	0				
X	11.6283	Y	0.446969	A	15.6538	g_odom_x	0	g_odom_y	0				
X	11.6439	Y	0.451339	A	16.0749	g_odom_x	0	g_odom_y	0				
X	11.6594	Y	0.45582	A	16.4775	g_odom_x	0	g_odom_y	0				
X	11.6749	Y	0.460413	A	16.8621	g_odom_x	0	g_odom_y	0				
X	11.6904	Y	0.465111	A	17.2406	g_odom_x	0	g_odom_y	0				
X	11.7059	Y	0.469911	A	17.6191	g_odom_x	0	g_odom_y	0				
X	11.7368	Y	0.479714	A	18.3395	g_odom_x	0	g_odom_y	0				
X	11.7521	Y	0.48481	A	18.7849	g_odom_x	0	g_odom_y	0				
X	11.7675	Y	0.490025	A	19.2182	g_odom_x	0	g_odom_y	0				
X	11.7828	Y	0.495356	A	19.5724	g_odom_x	0	g_odom_y	0				
X	11.798	Y	0.500781	A	19.9813	g_odom_x	0	g_odom_y	0				
X	11.8132	Y	0.506315	A	20.2441	g_odom_x	0	g_odom_y	0				
X	11.8284	Y	0.511918	A	20.5069	g_odom_x	0	g_odom_y	0				
X	11.8588	Y	0.523265	A	21.1056	g_odom_x	0	g_odom_y	0				
X	11.8739	Y	0.529091	A	21.3986	g_odom_x	0	g_odom_y	0				
X	11.8889	Y	0.534999	A	21.6432	g_odom_x	0	g_odom_y	0				
X	11.904	Y	0.540973	A	22.0826	g_odom_x	0	g_odom_y	0				
X	11.919	Y	0.547061	A	22.3515	g_odom_x	0	g_odom_y	0				
X	11.934	Y	0.553219	A	22.8334	g_odom_x	0	g_odom_y	0				
X	11.9489	Y	0.559503	A	23.3154	g_odom_x	0	g_odom_y	0				
X	11.9787	Y	0.572323	A	24.2671	g_odom_x	0	g_odom_y	0				
X	11.9934	Y	0.578978	A	24.8099	g_odom_x	0	g_odom_y	0				
X	12.0081	Y	0.585774	A	25.1215	g_odom_x	0	g_odom_y	0				
X	12.0228	Y	0.592649	A	25.5548	g_odom_x	0	g_odom_y	0				
X	12.0374	Y	0.599635	A	25.9332	g_odom_x	0	g_odom_y	0				
X	12.0519	Y	0.606717	A	26.4395	g_odom_x	0	g_odom_y	0				
X	12.0809	Y	0.621136	A	26.9458	g_odom_x	0	g_odom_y	0				
X	12.0954	Y	0.628475	A	27.6298	g_odom_x	0	g_odom_y	0				
X	12.1097	Y	0.635986	A	28.1423	g_odom_x	0	g_odom_y	0				
X	12.124	Y	0.643623	A	28.5206	g_odom_x	0	g_odom_y	0				
X	12.1382	Y	0.651355	A	28.8687	g_odom_x	0	g_odom_y	0				
X	12.1524	Y	0.659174	A	29.4054	g_odom_x	0	g_odom_y	0				
X	12.1665	Y	0.667126	A	29.9422	g_odom_x	0	g_odom_y	0				
X	12.1806	Y	0.675212	A	30.699	g_odom_x	0	g_odom_y	0				
X	12.1945	Y	0.68348	A	31.1749	g_odom_x	0	g_odom_y	0				
X	12.2083	Y	0.691863	A	31.5047	g_odom_x	0	g_odom_y	0				
X	12.2222	Y	0.700328	A	31.9503	g_odom_x	0	g_odom_y	0				
X	12.2359	Y	0.708896	A	32.2678	g_odom_x	0	g_odom_y	0				
X	12.2496	Y	0.717542	A	32.6463	g_odom_x	0	g_odom_y	0				
X	12.2632	Y	0.726279	A	33.0248	g_odom_x	0	g_odom_y	0				
X	12.2904	Y	0.743931	A	33.8548	g_odom_x	0	g_odom_y	0				
X	12.3038	Y	0.752953	A	34.3124	g_odom_x	0	g_odom_y	0				
X	12.3172	Y	0.762082	A	34.977	g_odom_x	0	g_odom_y	0				
X	12.3305	Y	0.771366	A	35.4955	g_odom_x	0	g_odom_y	0				
X	12.3437	Y	0.78077	A	35.7157	g_odom_x	0	g_odom_y	0				
X	12.3568	Y	0.790223	A	36.0516	g_odom_x	0	g_odom_y	0				
X	12.3699	Y	0.799753	A	36.3874	g_odom_x	0	g_odom_y	0				
X	12.396	Y	0.818968	A	37.5096	g_odom_x	0	g_odom_y	0				
X	12.4088	Y	0.828836	A	38.0405	g_odom_x	0	g_odom_y	0				
X	12.4216	Y	0.838815	A	38.7721	g_odom_x	0	g_odom_y	0				
X	12.4342	Y	0.848955	A	39.3271	g_odom_x	0	g_odom_y	0				
X	12.4467	Y	0.859218	A	39.7238	g_odom_x	0	g_odom_y	0				
X	12.4592	Y	0.869568	A	40.1205	g_odom_x	0	g_odom_y	0				
X	12.4831	Y	0.889744	A	40.9871	g_odom_x	0	g_odom_y	0				
X	12.495	Y	0.900011	A	41.4446	g_odom_x	0	g_odom_y	0				
X	12.5067	Y	0.910377	A	42.0119	g_odom_x	0	g_odom_y	0				
X	12.5183	Y	0.920852	A	42.4939	g_odom_x	0	g_odom_y	0				
X	12.5299	Y	0.931424	A	43.0494	g_odom_x	0	g_odom_y	0				
X	12.5413	Y	0.942102	A	43.5612	g_odom_x	0	g_odom_y	0				
X	12.5526	Y	0.952889	A	44.0731	g_odom_x	0	g_odom_y	0				
X	12.5639	Y	0.963783	A	45.1098	g_odom_x	0	g_odom_y	0				
X	12.5749	Y	0.974873	A	45.5066	g_odom_x	0	g_odom_y	0				
X	12.5859	Y	0.986041	A	45.9216	g_odom_x	0	g_odom_y	0				
X	12.5968	Y	0.997288	A	46.3549	g_odom_x	0	g_odom_y	0				
X	12.6076	Y	1.00861	A	46.9342	g_odom_x	0	g_odom_y	0				
X	12.6183	Y	1.02005	A	47.5622	g_odom_x	0	g_odom_y	0				
X	12.6289	Y	1.03161	A	48.1903	g_odom_x	0	g_odom_y	0				
X	12.6497	Y	1.05494	A	49.556	g_odom_x	0	g_odom_y	0				
X	12.6599	Y	1.06686	A	50.1048	g_odom_x	0	g_odom_y	0				
X	12.6699	Y	1.07887	A	50.7146	g_odom_x	0	g_odom_y	0				
X	12.6798	Y	1.09098	A	51.1236	g_odom_x	0	g_odom_y	0				
X	12.6897	Y	1.10317	A	51.7942	g_odom_x	0	g_odom_y	0				
X	12.6993	Y	1.11547	A	52.2762	g_odom_x	0	g_odom_y	0				
X	12.7089	Y	1.12786	A	52.7583	g_odom_x	0	g_odom_y	0				
X	12.7279	Y	1.15278	A	54.2943	g_odom_x	0	g_odom_y	0				
X	12.737	Y	1.1655	A	54.8494	g_odom_x	0	g_odom_y	0				
X	12.746	Y	1.1783	A	55.4226	g_odom_x	0	g_odom_y	0				
X	12.7549	Y	1.19118	A	56.1237	g_odom_x	0	g_odom_y	0				
X	12.7636	Y	1.20418	A	56.6787	g_odom_x	0	g_odom_y	0				
X	12.7722	Y	1.21726	A	57.2826	g_odom_x	0	g_odom_y	0				
X	12.7886	Y	1.24269	A	57.8866	g_odom_x	0	g_odom_y	0				
X	12.7966	Y	1.2555	A	59.0694	g_odom_x	0	g_odom_y	0				
X	12.8044	Y	1.26846	A	59.7583	g_odom_x	0	g_odom_y	0				
X	12.812	Y	1.28152	A	60.4412	g_odom_x	0	g_odom_y	0				
X	12.8194	Y	1.29467	A	61.1057	g_odom_x	0	g_odom_y	0				
X	12.8268	Y	1.3079	A	61.8251	g_odom_x	0	g_odom_y	0				
X	12.8339	Y	1.32123	A	62.5444	g_odom_x	0	g_odom_y	0				
X	12.8478	Y	1.34805	A	63.6422	g_odom_x	0	g_odom_y	0				
X	12.8545	Y	1.36159	A	64.3252	g_odom_x	0	g_odom_y	0				
X	12.8611	Y	1.37521	A	64.9898	g_odom_x	0	g_odom_y	0				
X	12.8675	Y	1.38891	A	65.7274	g_odom_x	0	g_odom_y	0				
X	12.8735	Y	1.4022	A	66.5016	g_odom_x	0	g_odom_y	0				
X	12.8793	Y	1.41556	A	67.3365	g_odom_x	0	g_odom_y	0				
X	12.8849	Y	1.42901	A	68.1714	g_odom_x	0	g_odom_y	0				
X	12.8903	Y	1.44255	A	69.9386	g_odom_x	0	g_odom_y	0				
X	12.8953	Y	1.45624	A	70.8407	g_odom_x	0	g_odom_y	0				
X	12.9001	Y	1.47001	A	71.8521	g_odom_x	0	g_odom_y	0				
X	12.9046	Y	1.48386	A	72.6992	g_odom_x	0	g_odom_y	0				
X	12.909	Y	1.49778	A	73.5895	g_odom_x	0	g_odom_y	0				
X	12.9131	Y	1.51178	A	74.522	g_odom_x	0	g_odom_y	0				
X	12.9206	Y	1.53882	A	75.4545	g_odom_x	0	g_odom_y	0				
X	12.9241	Y	1.55241	A	77.307	g_odom_x	0	g_odom_y	0				
X	12.9272	Y	1.56611	A	78.416	g_odom_x	0	g_odom_y	0				
X	12.9302	Y	1.5809	A	79.3236	g_odom_x	0	g_odom_y	0				
X	12.9331	Y	1.59628	A	80.244	g_odom_x	0	g_odom_y	0				
X	12.9358	Y	1.61171	A	81.1643	g_odom_x	0	g_odom_y	0				
X	12.9383	Y	1.62771	A	82.0846	g_odom_x	0	g_odom_y	0				
X	12.9406	Y	1.6443	A	82.9267	g_odom_x	0	g_odom_y	0				
X	12.9426	Y	1.6609	A	83.4086	g_odom_x	0	g_odom_y	0				
X	12.9446	Y	1.67752	A	83.7688	g_odom_x	0	g_odom_y	0				
X	12.9464	Y	1.69416	A	83.7688	g_odom_x	0	g_odom_y	0				
X	12.9482	Y	1.7108	A	83.9829	g_odom_x	0	g_odom_y	0				
X	12.95	Y	1.72797	A	83.9829	g_odom_x	0	g_odom_y	0				
X	12.9518	Y	1.74515	A	83.9829	g_odom_x	0	g_odom_y	0				
X	12.9554	Y	1.77951	A	84.4355	g_odom_x	0	g_odom_y	0				
X	12.9571	Y	1.7967	A	84.4355	g_odom_x	0	g_odom_y	0				
X	12.9588	Y	1.8139	A	84.6923	g_odom_x	0	g_odom_y	0				
X	12.9604	Y	1.8311	A	84.6923	g_odom_x	0	g_odom_y	0				
X	12.962	Y	1.84831	A	84.6923	g_odom_x	0	g_odom_y	0				
X	12.9636	Y	1.86551	A	84.9063	g_odom_x	0	g_odom_y	0				
X	12.9651	Y	1.88271	A	85.1204	g_odom_x	0	g_odom_y	0				
section	amcl_linear_Y_ahead												
W_X	13.0451	W_Y	1.8482	A	85.1204	O_X	12.968	O_Y	1.91713	g_odom_x	0	g_odom_y	0
section	amcl_linear_Y_ahead												
W_X	13.0598	W_Y	2.09221	A	85.5365	O_X	12.9852	O_Y	2.13401	g_odom_x	0	g_odom_y	0
W_X	13.0609	W_Y	2.10861	A	86.3748	O_X	13.0007	O_Y	2.34395	g_odom_x	0	g_odom_y	0
W_X	13.0578	W_Y	2.1305	A	86.6011	O_X	13.0018	O_Y	2.36012	g_odom_x	0	g_odom_y	0
W_X	13.0574	W_Y	2.14849	A	86.6011	O_X	13.0027	O_Y	2.37628	g_odom_x	0	g_odom_y	0
W_X	13.0585	W_Y	2.16466	A	86.6011	O_X	13.0037	O_Y	2.39245	g_odom_x	0	g_odom_y	0
W_X	13.0605	W_Y	2.19698	A	86.6011	O_X	13.0056	O_Y	2.42478	g_odom_x	0	g_odom_y	0
W_X	13.0616	W_Y	2.21367	A	86.6011	O_X	13.0066	O_Y	2.44148	g_odom_x	0	g_odom_y	0
W_X	13.0626	W_Y	2.23037	A	86.6011	O_X	13.0076	O_Y	2.45817	g_odom_x	0	g_odom_y	0
W_X	13.0637	W_Y	2.24707	A	86.6011	O_X	13.0086	O_Y	2.47488	g_odom_x	0	g_odom_y	0
W_X	13.0647	W_Y	2.26377	A	86.6011	O_X	13.0096	O_Y	2.49158	g_odom_x	0	g_odom_y	0
W_X	13.0658	W_Y	2.28047	A	86.6011	O_X	13.0106	O_Y	2.50829	g_odom_x	0	g_odom_y	0
W_X	13.0668	W_Y	2.29717	A	86.6011	O_X	13.0115	O_Y	2.52499	g_odom_x	0	g_odom_y	0
W_X	13.0679	W_Y	2.31388	A	86.6011	O_X	13.0125	O_Y	2.54171	g_odom_x	0	g_odom_y	0
W_X	13.0689	W_Y	2.33058	A	86.6011	O_X	13.0135	O_Y	2.55841	g_odom_x	0	g_odom_y	0
W_X	13.0708	W_Y	2.35165	A	86.6011	O_X	13.0145	O_Y	2.57512	g_odom_x	0	g_odom_y	0
W_X	13.0722	W_Y	2.37037	A	86.6011	O_X	13.0155	O_Y	2.59182	g_odom_x	0	g_odom_y	0
W_X	13.0733	W_Y	2.38707	A	86.6011	O_X	13.0165	O_Y	2.60853	g_odom_x	0	g_odom_y	0
W_X	13.0744	W_Y	2.40377	A	86.6011	O_X	13.0175	O_Y	2.62523	g_odom_x	0	g_odom_y	0
W_X	13.0765	W_Y	2.43717	A	86.6011	O_X	13.0195	O_Y	2.65864	g_odom_x	0	g_odom_y	0
W_X	13.0775	W_Y	2.45387	A	86.6011	O_X	13.0205	O_Y	2.67534	g_odom_x	0	g_odom_y	0
W_X	13.0786	W_Y	2.47057	A	86.6011	O_X	13.0215	O_Y	2.69205	g_odom_x	0	g_odom_y	0
W_X	13.0797	W_Y	2.48727	A	86.6011	O_X	13.0225	O_Y	2.70875	g_odom_x	0	g_odom_y	0
W_X	13.0807	W_Y	2.50397	A	86.6011	O_X	13.0235	O_Y	2.72546	g_odom_x	0	g_odom_y	0
W_X	13.0818	W_Y	2.52067	A	86.6011	O_X	13.0244	O_Y	2.74216	g_odom_x	0	g_odom_y	0
W_X	13.0828	W_Y	2.53737	A	86.6011	O_X	13.0254	O_Y	2.75887	g_odom_x	0	g_odom_y	0
W_X	13.0849	W_Y	2.57077	A	86.6011	O_X	13.0274	O_Y	2.79228	g_odom_x	0	g_odom_y	0
W_X	13.0828	W_Y	2.58392	A	86.6011	O_X	13.0284	O_Y	2.80898	g_odom_x	0	g_odom_y	0
W_X	13.0822	W_Y	2.5987	A	86.6011	O_X	13.0294	O_Y	2.82569	g_odom_x	0	g_odom_y	0
W_X	13.0832	W_Y	2.61486	A	86.6011	O_X	13.0304	O_Y	2.84185	g_odom_x	0	g_odom_y	0
W_X	13.0842	W_Y	2.63103	A	86.6011	O_X	13.0313	O_Y	2.85802	g_odom_x	0	g_odom_y	0
W_X	13.0853	W_Y	2.64773	A	86.4317	O_X	13.0323	O_Y	2.87472	g_odom_x	0	g_odom_y	0
W_X	13.0864	W_Y	2.66442	A	86.2624	O_X	13.0334	O_Y	2.89143	g_odom_x	0	g_odom_y	0
W_X	13.0888	W_Y	2.69781	A	86.2624	O_X	13.0355	O_Y	2.92482	g_odom_x	0	g_odom_y	0
W_X	13.0899	W_Y	2.71451	A	86.2624	O_X	13.0366	O_Y	2.94152	g_odom_x	0	g_odom_y	0
W_X	13.0911	W_Y	2.7312	A	86.2624	O_X	13.0377	O_Y	2.95822	g_odom_x	0	g_odom_y	0
W_X	13.0923	W_Y	2.74789	A	86.2624	O_X	13.0388	O_Y	2.97492	g_odom_x	0	g_odom_y	0
W_X	13.093	W_Y	2.76501	A	86.2624	O_X	13.0399	O_Y	2.99161	g_odom_x	0	g_odom_y	0
W_X	13.0915	W_Y	2.78445	A	86.2624	O_X	13.041	O_Y	3.00831	g_odom_x	0	g_odom_y	0
W_X	13.0921	W_Y	2.80171	A	86.2624	O_X	13.0421	O_Y	3.02501	g_odom_x	0	g_odom_y	0
W_X	13.0932	W_Y	2.81841	A	86.2624	O_X	13.0432	O_Y	3.04172	g_odom_x	0	g_odom_y	0
W_X	13.0944	W_Y	2.8351	A	86.5009	O_X	13.0443	O_Y	3.05842	g_odom_x	0	g_odom_y	0
W_X	13.0955	W_Y	2.8518	A	86.5009	O_X	13.0453	O_Y	3.07512	g_odom_x	0	g_odom_y	0
W_X	13.0966	W_Y	2.8685	A	86.5009	O_X	13.0463	O_Y	3.09182	g_odom_x	0	g_odom_y	0
W_X	13.0976	W_Y	2.8852	A	86.5009	O_X	13.0473	O_Y	3.10853	g_odom_x	0	g_odom_y	0
W_X	13.0987	W_Y	2.9019	A	86.5009	O_X	13.0484	O_Y	3.12523	g_odom_x	0	g_odom_y	0
W_X	13.1009	W_Y	2.93529	A	86.5009	O_X	13.0504	O_Y	3.15863	g_odom_x	0	g_odom_y	0
W_X	13.102	W_Y	2.952	A	86.5009	O_X	13.0514	O_Y	3.17534	g_odom_x	0	g_odom_y	0
W_X	13.1031	W_Y	2.9687	A	86.5009	O_X	13.0524	O_Y	3.19204	g_odom_x	0	g_odom_y	0
W_X	13.1037	W_Y	2.98555	A	86.5009	O_X	13.0535	O_Y	3.20875	g_odom_x	0	g_odom_y	0
W_X	13.0994	W_Y	3.00417	A	86.5009	O_X	13.0545	O_Y	3.22545	g_odom_x	0	g_odom_y	0
section	amcl_linear_Y_ahead												
section	Arc	BACK											
X	13.0824	Y	3.66398	A	-99.0052								
X	13.0824	Y	3.66398	A	-99.0052								
X	13.0797	Y	3.64692	A	-99.0052								
X	13.077	Y	3.62986	A	-98.8032								
X	13.0743	Y	3.61279	A	-99.3987								
X	13.0715	Y	3.59575	A	-100.432								
X	13.0684	Y	3.57876	A	-101.466								
X	13.0615	Y	3.5449	A	-100.611								
X	13.0583	Y	3.52793	A	-100.209								
X	13.0553	Y	3.51093	A	-100.488								
X	13.0521	Y	3.49395	A	-100.974								
X	13.0488	Y	3.47698	A	-101.258								
X	13.0455	Y	3.46003	A	-101.258								
X	13.0387	Y	3.42616	A	-101.258								
X	13.0353	Y	3.40921	A	-101.258								
X	13.032	Y	3.39227	A	-101.258								
X	13.0286	Y	3.37532	A	-101.47								
X	13.0252	Y	3.35838	A	-101.658								
X	13.0217	Y	3.34147	A	-101.505								
X	13.0182	Y	3.32454	A	-101.352								
X	13.0114	Y	3.29068	A	-101.982								
X	13.0078	Y	3.27378	A	-101.982								
X	13.0043	Y	3.25688	A	-101.982								
X	13.0007	Y	3.23998	A	-102.133								
X	12.997	Y	3.22309	A	-102.291								
X	12.9934	Y	3.20622	A	-102.291								
X	12.9897	Y	3.18934	A	-102.291								
X	12.9823	Y	3.15558	A	-102.727								
X	12.9785	Y	3.13873	A	-102.926								
X	12.9747	Y	3.12189	A	-102.926								
X	12.9708	Y	3.10505	A	-103.175								
X	12.9669	Y	3.08825	A	-103.175								
X	12.9629	Y	3.07143	A	-103.411								
X	12.9589	Y	3.05462	A	-103.648								
X	12.9548	Y	3.03783	A	-103.648								
X	12.9508	Y	3.02104	A	-103.878								
X	12.9466	Y	3.00427	A	-103.878								
X	12.9425	Y	2.9875	A	-103.878								
X	12.9383	Y	2.97073	A	-103.878								
X	12.9342	Y	2.95396	A	-103.878								
X	12.9259	Y	2.92042	A	-103.878								
X	12.9218	Y	2.90365	A	-103.878								
X	12.9176	Y	2.88688	A	-104.077								
X	12.9134	Y	2.87013	A	-104.235								
X	12.9092	Y	2.85338	A	-104.235								
X	12.9049	Y	2.83664	A	-104.544								
X	12.9006	Y	2.81992	A	-104.853								
X	12.8917	Y	2.78652	A	-104.853								
X	12.8873	Y	2.76983	A	-105.035								
X	12.8828	Y	2.75314	A	-105.277								
X	12.8783	Y	2.73648	A	-105.277								
X	12.8737	Y	2.71982	A	-105.471								
X	12.8691	Y	2.70317	A	-105.471								
X	12.8645	Y	2.68652	A	-105.471								
X	12.8553	Y	2.65323	A	-105.471								
X	12.8508	Y	2.6371	A	-105.471								
X	12.8464	Y	2.62097	A	-105.628								
X	12.8418	Y	2.60485	A	-105.628								
X	12.8373	Y	2.58874	A	-105.913								
X	12.8327	Y	2.57265	A	-105.913								
X	12.8282	Y	2.55655	A	-105.913								
X	12.819	Y	2.52437	A	-106.471								
X	12.8142	Y	2.50832	A	-106.64								
X	12.8094	Y	2.49229	A	-106.944								
X	12.8046	Y	2.47628	A	-107.198								
X	12.7996	Y	2.4603	A	-107.453								
X	12.7946	Y	2.44433	A	-107.707								
X	12.7895	Y	2.42837	A	-108.484								
X	12.7842	Y	2.4125	A	-108.702								
X	12.7788	Y	2.39665	A	-108.859								
X	12.7734	Y	2.38081	A	-109.059								
X	12.768	Y	2.36499	A	-109.059								
X	12.7625	Y	2.34919	A	-109.411								
X	12.7569	Y	2.33342	A	-109.763								
X	12.7456	Y	2.30193	A	-109.763								
X	12.74	Y	2.28618	A	-110.029								
X	12.7342	Y	2.27045	A	-110.284								
X	12.7284	Y	2.25476	A	-110.49								
X	12.7226	Y	2.23908	A	-110.696								
X	12.7167	Y	2.22343	A	-110.871								
X	12.7107	Y	2.20779	A	-111.047								
X	12.6987	Y	2.17655	A	-111.47								
X	12.6926	Y	2.16098	A	-111.652								
X	12.6864	Y	2.14543	A	-111.906								
X	12.6801	Y	2.1299	A	-112.179								
X	12.6738	Y	2.1144	A	-112.525								
X	12.6674	Y	2.09895	A	-112.853								
X	12.6609	Y	2.08353	A	-113.18								
X	12.6477	Y	2.05276	A	-113.872								
X	12.641	Y	2.03746	A	-114.041								
X	12.6341	Y	2.02217	A	-114.235								
X	12.6273	Y	2.00691	A	-114.235								
X	12.6204	Y	1.99166	A	-114.235								
X	12.6135	Y	1.9764	A	-114.235								
X	12.6067	Y	1.96114	A	-114.671								
X	12.5997	Y	1.94593	A	-114.671								
X	12.5927	Y	1.93072	A	-114.671								
X	12.5857	Y	1.91551	A	-115.035								
X	12.5786	Y	1.90035	A	-115.217								
X	12.5715	Y	1.88521	A	-115.49								
X	12.5643	Y	1.87011	A	-115.762								
X	12.5498	Y	1.83996	A	-116.089								
X	12.5424	Y	1.82494	A	-116.404								
X	12.535	Y	1.80994	A	-116.695								
X	12.5274	Y	1.79499	A	-116.95								
X	12.5199	Y	1.78008	A	-117.265								
X	12.5122	Y	1.7652	A	-117.581								
X	12.5044	Y	1.75037	A	-117.896								
X	12.4888	Y	1.72079	A	-118.271								
X	12.4809	Y	1.70605	A	-118.435								
X	12.4729	Y	1.69133	A	-118.435								
X	12.4649	Y	1.67662	A	-118.647								
X	12.4569	Y	1.66193	A	-118.647								
X	12.4489	Y	1.64725	A	-118.822								
X	12.4408	Y	1.63259	A	-118.997								
X	12.4246	Y	1.60331	A	-119.482								
X	12.4163	Y	1.58875	A	-119.779								
X	12.408	Y	1.57421	A	-120.034								
X	12.3997	Y	1.55972	A	-120.246								
X	12.3912	Y	1.54527	A	-120.537								
X	12.3827	Y	1.53083	A	-120.756								
X	12.3741	Y	1.51643	A	-120.974								
X	12.3569	Y	1.48776	A	-121.373								
X	12.3482	Y	1.47348	A	-121.701								
X	12.3394	Y	1.45925	A	-121.895								
X	12.3306	Y	1.44504	A	-122.283								
X	12.3216	Y	1.43089	A	-122.452								
X	12.3127	Y	1.41677	A	-122.622								
X	12.3036	Y	1.40267	A	-123.009								
X	12.2945	Y	1.38864	A	-123.227								
X	12.2854	Y	1.37464	A	-123.39								
X	12.2761	Y	1.36066	A	-123.39								
X	12.2669	Y	1.34668	A	-123.572								
X	12.2577	Y	1.33275	A	-123.572								
X	12.2484	Y	1.31882	A	-123.572								
X	12.2299	Y	1.29093	A	-123.959								
X	12.2206	Y	1.27705	A	-124.183								
X	12.2112	Y	1.26321	A	-124.481								
X	12.2017	Y	1.24941	A	-124.723								
X	12.1922	Y	1.23566	A	-125.166								
X	12.1825	Y	1.22198	A	-125.39								
X	12.1728	Y	1.20834	A	-125.614								
X	12.1534	Y	1.18113	A	-126.379								
X	12.1434	Y	1.16765	A	-126.701								
X	12.1334	Y	1.15424	A	-127.004								
X	12.1234	Y	1.14087	A	-127.277								
X	12.1132	Y	1.12756	A	-127.598								
X	12.103	Y	1.1143	A	-127.902								
X	12.0927	Y	1.1011	A	-128.205								
X	12.072	Y	1.0748	A	-128.884								
X	12.0615	Y	1.06177	A	-129.157								
X	12.051	Y	1.04879	A	-129.418								
X	12.0403	Y	1.03586	A	-129.733								
X	12.0296	Y	1.023	A	-129.976								
X	12.0189	Y	1.01018	A	-130.218								
X	12.0081	Y	0.997393	A	-130.557								
X	11.9972	Y	0.984678	A	-130.945								
X	11.9862	Y	0.972038	A	-131.102								
X	11.9752	Y	0.959427	A	-131.54								
X	11.9641	Y	0.946902	A	-131.745								
X	11.953	Y	0.934416	A	-132.097								
X	11.9418	Y	0.921999	A	-132.449								
X	11.9192	Y	0.897303	A	-133.165								
X	11.9077	Y	0.885099	A	-133.481								
X	11.8962	Y	0.872954	A	-133.778								
X	11.8846	Y	0.860872	A	-134.166								
X	11.873	Y	0.848868	A	-134.391								
X	11.8613	Y	0.836904	A	-134.657								
X	11.8495	Y	0.824995	A	-134.924								
X	11.8259	Y	0.801297	A	-135.652								
X	11.8139	Y	0.789612	A	-135.877								
X	11.8019	Y	0.777957	A	-136.18								
X	11.7898	Y	0.766369	A	-136.434								
X	11.7777	Y	0.754834	A	-136.61								
X	11.7655	Y	0.743346	A	-136.998								
X	11.7533	Y	0.731941	A	-137.386								
X	11.7287	Y	0.709281	A	-137.386								
X	11.7164	Y	0.697951	A	-137.659								
X	11.704	Y	0.686679	A	-138.023								
X	11.6916	Y	0.675487	A	-138.235								
X	11.6791	Y	0.664341	A	-138.672								
X	11.6665	Y	0.65329	A	-138.933								
X	11.6539	Y	0.642297	A	-139.193								
X	11.6286	Y	0.620425	A	-139.958								
X	11.6162	Y	0.610011	A	-140.255								
X	11.6037	Y	0.599653	A	-140.681								
X	11.5912	Y	0.589395	A	-141.02								
X	11.5786	Y	0.579208	A	-141.457								
X	11.5659	Y	0.569116	A	-141.895								
X	11.5532	Y	0.559117	A	-142.635								
X	11.5403	Y	0.54929	A	-142.914								
X	11.5274	Y	0.539523	A	-143.321								
X	11.5144	Y	0.52985	A	-143.666								
X	11.5014	Y	0.520254	A	-143.86								
X	11.4883	Y	0.510704	A	-144.309								
X	11.4751	Y	0.501257	A	-144.759								
X	11.4487	Y	0.482568	A	-145.329								
X	11.4354	Y	0.473355	A	-145.735								
X	11.422	Y	0.464237	A	-146.02								
X	11.4085	Y	0.455186	A	-146.439								
X	11.395	Y	0.446234	A	-146.852								
X	11.3815	Y	0.437378	A	-147.259								
X	11.3679	Y	0.42862	A	-147.665								
X	11.3405	Y	0.411296	A	-148.601								
X	11.3267	Y	0.402858	A	-148.934								
X	11.3128	Y	0.394502	A	-149.365								
X	11.2989	Y	0.386249	A	-149.711								
X	11.2849	Y	0.378082	A	-150.075								
X	11.2708	Y	0.370003	A	-150.488								
X	11.2568	Y	0.362026	A	-150.901								
X	11.2285	Y	0.346274	A	-151.288								
X	11.2142	Y	0.338493	A	-151.665								
X	11.2	Y	0.330807	A	-152.047								
X	11.1857	Y	0.323216	A	-152.35								
X	11.1714	Y	0.315705	A	-152.775								
X	11.157	Y	0.308296	A	-153.201								
X	11.1425	Y	0.300991	A	-154.002								
X	11.1279	Y	0.293887	A	-154.421								
X	11.1133	Y	0.286894	A	-154.931								
X	11.0987	Y	0.280038	A	-155.277								
X	11.0839	Y	0.273265	A	-155.878								
X	11.0692	Y	0.266647	A	-156.261								
X	11.0543	Y	0.260128	A	-156.643								
X	11.0246	Y	0.247286	A	-157.554								
X	11.0096	Y	0.241103	A	-158.101								
X	10.9946	Y	0.235062	A	-158.477								
X	10.9795	Y	0.229121	A	-159.036								
X	10.9644	Y	0.223327	A	-159.43								
X	10.9493	Y	0.217637	A	-159.837								
X	10.9341	Y	0.212055	A	-160.244								
X	10.9036	Y	0.201107	A	-161.082								
X	10.8883	Y	0.195856	A	-161.464								
X	10.8729	Y	0.190708	A	-161.84								
X	10.858	Y	0.185828	A	-162.259								
X	10.8431	Y	0.181059	A	-162.696								
X	10.8277	Y	0.176242	A	-163.188								
X	10.8122	Y	0.171558	A	-163.68								
X	10.7811	Y	0.162456	A	-164.518								
X	10.7655	Y	0.158133	A	-164.961								
X	10.7498	Y	0.153931	A	-165.374								
X	10.7342	Y	0.149842	A	-165.945								
X	10.7184	Y	0.145909	A	-166.322								
X	10.7032	Y	0.142207	A	-166.856								
X	10.688	Y	0.138648	A	-167.39								
X	10.6574	Y	0.131813	A	-168.314								
X	10.6421	Y	0.128643	A	-168.885								
X	10.6267	Y	0.125625	A	-169.438								
X	10.6114	Y	0.122756	A	-169.881								
X	10.5954	Y	0.11991	A	-170.409								
section	back	liner											
W_X	10.238	W_Y	0.0103497	A	-170.938	OX	10.5794	O_Y	0.117212				
W_X	10.2152	W_Y	0.0163556	A	-172.146	OX	10.3972	O_Y	0.0911904				
W_X	10.1985	W_Y	0.0151184	A	-172.146	OX	10.3806	O_Y	0.0889036				
W_X	10.1839	W_Y	0.0140405	A	-172.146	OX	10.3662	O_Y	0.0869114				
W_X	10.1694	W_Y	0.0129635	A	-172.316	OX	10.3518	O_Y	0.0849207				
W_X	10.1549	W_Y	0.0119294	A	-172.485	OX	10.3373	O_Y	0.0829727				
W_X	10.1269	W_Y	0.0100196	A	-173.566	OX	10.3095	O_Y	0.0793014				
W_X	10.1129	W_Y	0.00932918	A	-173.76	OX	10.2955	O_Y	0.0777287				
W_X	10.0988	W_Y	0.00868606	A	-173.99	OX	10.2816	O_Y	0.076203				
W_X	10.0854	W_Y	0.00812156	A	-173.99	OX	10.2682	O_Y	0.0747892				
W_X	10.0719	W_Y	0.00755726	A	-174.257	OX	10.2547	O_Y	0.073376				
W_X	10.0589	W_Y	0.00707596	A	-174.257	OX	10.2419	O_Y	0.0720796				
W_X	10.0445	W_Y	0.0090255	A	-174.257	OX	10.229	O_Y	0.0707832				
W_X	10.0116	W_Y	0.0198714	A	-174.924	OX	10.2032	O_Y	0.0681902				
W_X	9.99817	W_Y	0.0203966	A	-174.924	OX	10.1903	O_Y	0.067044				
section	back	liner											
section	back	liner											
W_X	9.8324	W_Y	0.028242	A	-175.342	OX	10.165	O_Y	0.0648464				
W_X	9.81753	W_Y	0.033138	A	-178.244	OX	10.0163	O_Y	0.0563735				
W_X	9.80513	W_Y	0.0336716	A	-178.523	OX	10.0039	O_Y	0.055993				
W_X	9.78464	W_Y	0.034653	A	-178.777	OX	9.98336	O_Y	0.0554642				
W_X	9.76415	W_Y	0.0357253	A	-178.777	OX	9.96285	O_Y	0.0550265				
W_X	9.74367	W_Y	0.0367976	A	-179.513	OX	9.94234	O_Y	0.0545889				
W_X	9.7232	W_Y	0.0381327	A	179.752	OX	9.92183	O_Y	0.0544145				
W_X	9.6823	W_Y	0.0413282	A	179.401	OX	9.8808	O_Y	0.0545922				
W_X	9.66186	W_Y	0.0430512	A	179.993	OX	9.86029	O_Y	0.0548067				
W_X	9.6414	W_Y	0.044563	A	-178.978	OX	9.83978	O_Y	0.0548094				
W_X	9.62092	W_Y	0.0457069	A	-179.427	OX	9.81927	O_Y	0.0544434				
W_X	9.60044	W_Y	0.0470115	A	-179.427	OX	9.79875	O_Y	0.0542382				
W_X	9.57977	W_Y	0.048329	A	-179.131	OX	9.77804	O_Y	0.0540311				
W_X	9.55909	W_Y	0.0495396	A	-178.835	OX	9.75732	O_Y	0.0537168				
W_X	9.51782	W_Y	0.0527254	A	-178.835	OX	9.71651	O_Y	0.0528866				
W_X	9.48718	W_Y	0.0736734	A	-178.835	OX	9.696	O_Y	0.0524694				
W_X	9.46349	W_Y	0.0810393	A	-178.835	OX	9.67549	O_Y	0.0520522				
W_X	9.44302	W_Y	0.0823636	A	-178.639	OX	9.65498	O_Y	0.051635				
W_X	9.42253	W_Y	0.0836186	A	-178.639	OX	9.63446	O_Y	0.0511475				
W_X	9.40204	W_Y	0.0848735	A	-178.431	OX	9.61394	O_Y	0.0506599				
W_X	9.36111	W_Y	0.0872322	A	-178.223	OX	9.57295	O_Y	0.049537				
W_X	9.34061	W_Y	0.0883383	A	-178.223	OX	9.55244	O_Y	0.0489006				
W_X	9.32014	W_Y	0.0894436	A	-178.051	OX	9.53194	O_Y	0.0482647				
W_X	9.29965	W_Y	0.0904878	A	-178.051	OX	9.51144	O_Y	0.0475672				
W_X	9.27589	W_Y	0.102593	A	-178.051	OX	9.49094	O_Y	0.0468697				
W_X	9.25209	W_Y	0.114592	A	-177.697	OX	9.47044	O_Y	0.0461721				
W_X	9.2316	W_Y	0.115669	A	-177.343	OX	9.44994	O_Y	0.0453478				
W_X	9.2111	W_Y	0.116619	A	-176.781	OX	9.42944	O_Y	0.0443966				
W_X	9.1906	W_Y	0.117368	A	-176.561	OX	9.40896	O_Y	0.0432447				
W_X	9.1701	W_Y	0.118039	A	-176.561	OX	9.38849	O_Y	0.042014				
W_X	9.14959	W_Y	0.118709	A	-176.561	OX	9.36801	O_Y	0.0407834				
W_X	9.12909	W_Y	0.119379	A	-176.561	OX	9.34753	O_Y	0.0395528				
W_X	9.10851	W_Y	0.120052	A	-176.561	OX	9.32698	O_Y	0.0383176				
W_X	9.08707	W_Y	0.123235	A	-176.561	OX	9.30643	O_Y	0.0370825				
W_X	9.04252	W_Y	0.134914	A	-176.084	OX	9.26553	O_Y	0.0346244				
W_X	9.02163	W_Y	0.13661	A	-176.084	OX	9.24507	O_Y	0.0332236				
W_X	9.00113	W_Y	0.137221	A	-175.907	OX	9.22461	O_Y	0.0318232				
W_X	8.98062	W_Y	0.137768	A	-175.907	OX	9.20414	O_Y	0.0303587				
W_X	8.96012	W_Y	0.138315	A	-175.907	OX	9.18368	O_Y	0.0288948				
W_X	8.93962	W_Y	0.138862	A	-175.729	OX	9.16323	O_Y	0.0274309				
W_X	8.89861	W_Y	0.139829	A	-175.551	OX	9.12233	O_Y	0.0243764				
W_X	8.87809	W_Y	0.14025	A	-175.551	OX	9.10186	O_Y	0.0227843				
W_X	8.85758	W_Y	0.14067	A	-175.155	OX	9.08141	O_Y	0.0211933				
W_X	8.83309	W_Y	0.15055	A	-174.837	OX	9.06097	O_Y	0.0194605				
W_X	8.81025	W_Y	0.156312	A	-174.507	OX	9.04053	O_Y	0.0176139				
W_X	8.78974	W_Y	0.156442	A	-174.354	OX	9.02011	O_Y	0.0156504				
W_X	8.76923	W_Y	0.156517	A	-174.036	OX	8.9997	O_Y	0.0136323				
W_X	8.72822	W_Y	0.15644	A	-173.719	OX	8.95892	O_Y	0.00937183				
W_X	8.70769	W_Y	0.156288	A	-173.719	OX	8.93851	O_Y	0.00712588				
W_X	8.68718	W_Y	0.156136	A	-173.547	OX	8.91812	O_Y	0.00488151				
W_X	8.66666	W_Y	0.155922	A	-173.254	OX	8.89773	O_Y	0.00257542				
W_X	8.64616	W_Y	0.155604	A	-173.083	OX	8.87737	O_Y	0.000167002				
W_X	8.62417	W_Y	0.158786	A	-172.826	OX	8.85702	O_Y	-0.0023022				
W_X	8.60008	W_Y	0.166764	A	-172.569	OX	8.83667	O_Y	-0.00486348				
W_X	8.57954	W_Y	0.166298	A	-172.569	OX	8.81629	O_Y	-0.00752165				
W_X	8.55906	W_Y	0.165833	A	-172.385	OX	8.79598	O_Y	-0.0101705				
W_X	8.53856	W_Y	0.165302	A	-172.153	OX	8.77565	O_Y	-0.0128881				
W_X	8.51805	W_Y	0.164687	A	-171.994	OX	8.75533	O_Y	-0.0156888				
W_X	8.49755	W_Y	0.164016	A	-171.664	OX	8.73502	O_Y	-0.018546				
W_X	8.47705	W_Y	0.163226	A	-171.48	OX	8.71472	O_Y	-0.0215205				
W_X	8.45655	W_Y	0.162371	A	-171.296	OX	8.69443	O_Y	-0.0245602				
W_X	8.41547	W_Y	0.160791	A	-170.625	OX	8.65388	O_Y	-0.030768				
W_X	8.39227	W_Y	0.167046	A	-170.337	OX	8.63364	O_Y	-0.03411				
W_X	8.37037	W_Y	0.16819	A	-170.005	OX	8.61288	O_Y	-0.0376437				
W_X	8.35044	W_Y	0.166898	A	-169.779	OX	8.59321	O_Y	-0.0411102				
W_X	8.32998	W_Y	0.16549	A	-169.522	OX	8.57303	O_Y	-0.0447499				
W_X	8.30951	W_Y	0.16399	A	-169.265	OX	8.55285	O_Y	-0.0484818				
W_X	8.28905	W_Y	0.162399	A	-169.008	OX	8.53268	O_Y	-0.0523042				
W_X	8.24817	W_Y	0.159034	A	-168.507	OX	8.49242	O_Y	-0.0601253				
W_X	8.22774	W_Y	0.157172	A	-168.336	OX	8.47232	O_Y	-0.0642122				
W_X	8.20731	W_Y	0.155249	A	-168.134	OX	8.45222	O_Y	-0.0683601				
W_X	8.18643	W_Y	0.155839	A	-168.134	OX	8.43215	O_Y	-0.0725777				
W_X	8.16558	W_Y	0.156139	A	-167.895	OX	8.41207	O_Y	-0.0767971				
W_X	8.14516	W_Y	0.154106	A	-167.663	OX	8.39201	O_Y	-0.0811001				
W_X	8.10437	W_Y	0.149879	A	-167.43	OX	8.35194	O_Y	-0.0898628				
W_X	8.08397	W_Y	0.14768	A	-166.807	OX	8.33191	O_Y	-0.0943289				
W_X	8.0636	W_Y	0.145261	A	-166.654	OX	8.31194	O_Y	-0.0990106				
W_X	8.04323	W_Y	0.142788	A	-166.294	OX	8.29198	O_Y	-0.103746				
W_X	8.02288	W_Y	0.140186	A	-166.128	OX	8.27205	O_Y	-0.108607				
W_X	8.00254	W_Y	0.137526	A	-165.896	OX	8.25213	O_Y	-0.113525				
W_X	7.98164	W_Y	0.135045	A	-165.523	OX	8.23224	O_Y	-0.118524				
W_X	7.93902	W_Y	0.130222	A	-165.15	OX	8.19252	O_Y	-0.128777				
W_X	7.91858	W_Y	0.127285	A	-164.722	OX	8.17269	O_Y	-0.134037				
W_X	7.89831	W_Y	0.124134	A	-164.49	OX	8.1529	O_Y	-0.139442				
W_X	7.87805	W_Y	0.1209	A	-164.288	OX	8.13313	O_Y	-0.144927				
W_X	7.8578	W_Y	0.117594	A	-164.288	OX	8.11338	O_Y	-0.150485				
W_X	7.83756	W_Y	0.11429	A	-164.288	OX	8.09364	O_Y	-0.156038				
W_X	7.81731	W_Y	0.110985	A	-164.288	OX	8.07389	O_Y	-0.161593				
W_X	7.79703	W_Y	0.107674	A	-164.288	OX	8.05411	O_Y	-0.167158				
W_X	7.77681	W_Y	0.104372	A	-164.288	OX	8.03438	O_Y	-0.172708				
W_X	7.73579	W_Y	0.0999294	A	-163.964	OX	7.99489	O_Y	-0.183817				
W_X	7.71534	W_Y	0.0964785	A	-163.964	OX	7.99489	O_Y	-0.183817				
W_X	7.69534	W_Y	0.0931019	A	-163.964	OX	7.95546	O_Y	-0.19515				
W_X	7.67533	W_Y	0.0897254	A	-163.964	OX	7.93596	O_Y	-0.200755				
W_X	7.63489	W_Y	0.0829007	A	-163.39	OX	7.89654	O_Y	-0.212084				
W_X	7.6147	W_Y	0.0792845	A	-163.39	OX	7.87689	O_Y	-0.217948				
W_X	7.59451	W_Y	0.0756684	A	-163.231	OX	7.85723	O_Y	-0.223811				
W_X	7.57432	W_Y	0.0719959	A	-162.895	OX	7.83759	O_Y	-0.22973				
W_X	7.55416	W_Y	0.0682051	A	-162.895	OX	7.81798	O_Y	-0.235764				
W_X	7.53407	W_Y	0.0643096	A	-162.662	OX	7.79838	O_Y	-0.241796				
W_X	7.51465	W_Y	0.0592	A	-162.43	OX	7.7788	O_Y	-0.247908				
W_X	7.47454	W_Y	0.0509691	A	-162.43	OX	7.73969	O_Y	-0.260293				
W_X	7.45443	W_Y	0.046976	A	-162.43	OX	7.72014	O_Y	-0.266483				
W_X	7.43431	W_Y	0.0429816	A	-162.43	OX	7.70058	O_Y	-0.272676				
W_X	7.41419	W_Y	0.0389869	A	-162.43	OX	7.68102	O_Y	-0.278869				
W_X	7.39407	W_Y	0.0349933	A	-162.277	OX	7.66147	O_Y	-0.28506				
W_X	7.37396	W_Y	0.0309459	A	-162.277	OX	7.64193	O_Y	-0.291304				
W_X	7.33375	W_Y	0.0228512	A	-162.277	OX	7.60286	O_Y	-0.30379				
W_X	7.31363	W_Y	0.0188015	A	-162.277	OX	7.58332	O_Y	-0.310037				
W_X	7.29292	W_Y	0.0103845	A	-162.696	OX	7.56378	O_Y	-0.316282				
W_X	7.2723	W_Y	0.00302067	A	-162.696	OX	7.54419	O_Y	-0.322384				
W_X	7.25218	W_Y	-0.00094274	A	-162.938	OX	7.5246	O_Y	-0.328486				
W_X	7.23204	W_Y	-0.00481902	A	-162.938	OX	7.505	O_Y	-0.334502				
W_X	7.2119	W_Y	-0.00869711	A	-162.938	OX	7.48539	O_Y	-0.34052				
W_X	7.19175	W_Y	-0.0125769	A	-163.265	OX	7.46577	O_Y	-0.346541				
W_X	7.17158	W_Y	-0.0163404	A	-163.44	OX	7.44613	O_Y	-0.352449				
W_X	7.15141	W_Y	-0.0200417	A	-163.44	OX	7.42647	O_Y	-0.358295				
W_X	7.13117	W_Y	-0.0237541	A	-163.44	OX	7.40675	O_Y	-0.364159				
W_X	7.11125	W_Y	-0.0297535	A	-163.44	OX	7.38714	O_Y	-0.369988				
W_X	7.09164	W_Y	-0.0404885	A	-163.44	OX	7.36748	O_Y	-0.375835				
W_X	7.0715	W_Y	-0.0445344	A	-163.44	OX	7.34782	O_Y	-0.381681				
W_X	7.03118	W_Y	-0.0520922	A	-163.44	OX	7.3085	O_Y	-0.393374				
W_X	7.01102	W_Y	-0.0558709	A	-163.44	OX	7.28883	O_Y	-0.399221				
W_X	6.99085	W_Y	-0.0596513	A	-163.44	OX	7.26916	O_Y	-0.40507				
W_X	6.97066	W_Y	-0.0634353	A	-163.44	OX	7.24947	O_Y	-0.410925				
W_X	6.95048	W_Y	-0.0672169	A	-163.44	OX	7.2298	O_Y	-0.416776				
W_X	6.93036	W_Y	-0.0709871	A	-163.44	OX	7.21018	O_Y	-0.422609				
W_X	6.91025	W_Y	-0.0747572	A	-163.44	OX	7.19056	O_Y	-0.428442				
W_X	6.86993	W_Y	-0.0823141	A	-163.44	OX	7.15124	O_Y	-0.440134				
W_X	6.85014	W_Y	-0.0905904	A	-163.44	OX	7.13157	O_Y	-0.445982				
W_X	6.83044	W_Y	-0.100036	A	-163.44	OX	7.11191	O_Y	-0.451828				
W_X	6.81029	W_Y	-0.103872	A	-163.44	OX	7.09225	O_Y	-0.457675				
W_X	6.79011	W_Y	-0.107714	A	-163.616	OX	7.07256	O_Y	-0.46353				
W_X	6.76992	W_Y	-0.111494	A	-163.791	OX	7.05285	O_Y	-0.469325				
W_X	6.72959	W_Y	-0.118918	A	-163.791	OX	7.01347	O_Y	-0.480773				
W_X	6.70941	W_Y	-0.12263	A	-163.985	OX	6.99377	O_Y	-0.486499				
W_X	6.68922	W_Y	-0.126276	A	-164.197	OX	6.97406	O_Y	-0.492159				
W_X	6.66903	W_Y	-0.129845	A	-164.354	OX	6.95432	O_Y	-0.497744				
W_X	6.64921	W_Y	-0.133939	A	-164.354	OX	6.93457	O_Y	-0.503276				
W_X	6.63131	W_Y	-0.140897	A	-164.354	OX	6.91482	O_Y	-0.508809				
W_X	6.61136	W_Y	-0.144831	A	-164.354	OX	6.89506	O_Y	-0.514341				
W_X	6.57097	W_Y	-0.151953	A	-164.354	OX	6.85556	O_Y	-0.525403				
W_X	6.55077	W_Y	-0.155514	A	-164.517	OX	6.83582	O_Y	-0.530934				
W_X	6.53057	W_Y	-0.159017	A	-164.693	OX	6.81605	O_Y	-0.536408				
W_X	6.51034	W_Y	-0.162459	A	-164.917	OX	6.79627	O_Y	-0.541824				
W_X	6.49011	W_Y	-0.165822	A	-165.141	OX	6.77646	O_Y	-0.547162				
W_X	6.46986	W_Y	-0.169106	A	-165.141	OX	6.75664	O_Y	-0.552422				
W_X	6.44961	W_Y	-0.172391	A	-165.141	OX	6.73681	O_Y	-0.557683				
W_X	6.42806	W_Y	-0.176858	A	-165.857	OX	6.71697	O_Y	-0.562946				
W_X	6.40673	W_Y	-0.18082	A	-165.857	OX	6.69708	O_Y	-0.567959				
W_X	6.38645	W_Y	-0.183838	A	-166.105	OX	6.67719	O_Y	-0.57297				
W_X	6.36613	W_Y	-0.18677	A	-166.299	OX	6.65727	O_Y	-0.577899				
W_X	6.34583	W_Y	-0.189631	A	-166.608	OX	6.63735	O_Y	-0.582755				
W_X	6.3255	W_Y	-0.192383	A	-166.978	OX	6.61739	O_Y	-0.587506				
W_X	6.30516	W_Y	-0.195003	A	-167.349	OX	6.59741	O_Y	-0.592127				
W_X	6.26444	W_Y	-0.199982	A	-167.833	OX	6.55738	O_Y	-0.601113				
W_X	6.24402	W_Y	-0.202303	A	-168.107	OX	6.53729	O_Y	-0.605444				
W_X	6.22368	W_Y	-0.205041	A	-168.282	OX	6.51725	O_Y	-0.609664				
W_X	6.2033	W_Y	-0.208275	A	-168.482	OX	6.49717	O_Y	-0.613831				
W_X	6.1829	W_Y	-0.210364	A	-168.482	OX	6.47707	O_Y	-0.617926				
W_X	6.16249	W_Y	-0.212453	A	-168.482	OX	6.45697	O_Y	-0.622022				
W_X	6.12168	W_Y	-0.216631	A	-168.905	OX	6.41677	O_Y	-0.630215				
W_X	6.10126	W_Y	-0.218569	A	-169.123	OX	6.39664	O_Y	-0.634162				
W_X	6.08083	W_Y	-0.22043	A	-169.287	OX	6.37649	O_Y	-0.638033				
W_X	6.0604	W_Y	-0.222232	A	-169.584	OX	6.35634	O_Y	-0.641846				
W_X	6.03995	W_Y	-0.223928	A	-169.759	OX	6.33616	O_Y	-0.645555				
W_X	6.01949	W_Y	-0.225567	A	-170.008	OX	6.31597	O_Y	-0.649202				
W_X	5.99765	W_Y	-0.227666	A	-170.256	OX	6.29577	O_Y	-0.652761				
W_X	5.95623	W_Y	-0.230766	A	-170.256	OX	6.25534	O_Y	-0.659704				
W_X	5.93576	W_Y	-0.232216	A	-170.608	OX	6.23512	O_Y	-0.663177				
W_X	5.91529	W_Y	-0.23354	A	-170.863	OX	6.21488	O_Y	-0.666524				
W_X	5.89481	W_Y	-0.234774	A	-171.172	OX	6.19463	O_Y	-0.669781				
W_X	5.87433	W_Y	-0.235897	A	-171.329	OX	6.17436	O_Y	-0.67293				
W_X	5.85386	W_Y	-0.236963	A	-171.651	OX	6.15409	O_Y	-0.67602				
W_X	5.83336	W_Y	-0.237914	A	-171.973	OX	6.13379	O_Y	-0.678999				
W_X	5.8128	W_Y	-0.238754	A	-171.973	OX	6.11341	O_Y	-0.681873				
W_X	5.77212	W_Y	-0.243944	A	-171.973	OX	6.09315	O_Y	-0.684731				
W_X	5.75162	W_Y	-0.24471	A	-172.36	OX	6.05253	O_Y	-0.690403				
W_X	5.73112	W_Y	-0.245393	A	-172.547	OX	6.0322	O_Y	-0.69313				
W_X	5.71061	W_Y	-0.246008	A	-172.851	OX	6.01186	O_Y	-0.695791				
W_X	5.66961	W_Y	-0.247023	A	-173.154	OX	5.97116	O_Y	-0.700896				
W_X	5.64908	W_Y	-0.247422	A	-173.578	OX	5.95077	O_Y	-0.703343				
W_X	5.62856	W_Y	-0.247669	A	-173.578	OX	5.93038	O_Y	-0.705638				
W_X	5.60805	W_Y	-0.247916	A	-173.875	OX	5.91	O_Y	-0.707932				
W_X	5.58726	W_Y	-0.247887	A	-174.087	OX	5.8896	O_Y	-0.710121				
W_X	5.56541	W_Y	-0.247102	A	-174.506	OX	5.8692	O_Y	-0.712234				
W_X	5.54469	W_Y	-0.246845	A	-174.925	OX	5.84878	O_Y	-0.714198				
W_X	5.50366	W_Y	-0.246303	A	-175.422	OX	5.80792	O_Y	-0.717828				
W_X	5.48316	W_Y	-0.245854	A	-175.591	OX	5.78747	O_Y	-0.719465				
W_X	5.46265	W_Y	-0.245344	A	-175.754	OX	5.76702	O_Y	-0.721042				
W_X	5.44198	W_Y	-0.244772	A	-175.968	OX	5.7464	O_Y	-0.722572				
W_X	5.42164	W_Y	-0.244133	A	-175.968	OX	5.7261	O_Y	-0.724003				
W_X	5.40114	W_Y	-0.243488	A	-176.204	OX	5.70564	O_Y	-0.725446				
W_X	5.38064	W_Y	-0.242759	A	-176.44	OX	5.68517	O_Y	-0.726804				
W_X	5.33864	W_Y	-0.241641	A	-176.44	OX	5.64422	O_Y	-0.729351				
W_X	5.31742	W_Y	-0.2412	A	-176.732	OX	5.62375	O_Y	-0.730625				
W_X	5.29693	W_Y	-0.24029	A	-176.968	OX	5.60327	O_Y	-0.731794				
W_X	5.27644	W_Y	-0.239295	A	-177.174	OX	5.58278	O_Y	-0.732879				
W_X	5.25596	W_Y	-0.238227	A	-177.513	OX	5.56229	O_Y	-0.733891				
W_X	5.23548	W_Y	-0.237037	A	-177.677	OX	5.5418	O_Y	-0.734781				
W_X	5.21501	W_Y	-0.235789	A	-177.84	OX	5.52131	O_Y	-0.735612				
W_X	5.17406	W_Y	-0.233176	A	-178.544	OX	5.48031	O_Y	-0.737158				
W_X	5.15361	W_Y	-0.231619	A	-178.544	OX	5.4598	O_Y	-0.73768				
W_X	5.13258	W_Y	-0.230516	A	-179.03	OX	5.43931	O_Y	-0.738201				
W_X	5.11088	W_Y	-0.229794	A	-179.248	OX	5.4188	O_Y	-0.738548				
W_X	5.09045	W_Y	-0.228012	A	-179.527	OX	5.39829	O_Y	-0.738817				
W_X	5.07003	W_Y	-0.226132	A	-179.527	OX	5.37778	O_Y	-0.738986				
W_X	5.0496	W_Y	-0.224251	A	-179.527	OX	5.35727	O_Y	-0.739156				
W_X	5.02917	W_Y	-0.222369	A	-179.527	OX	5.33675	O_Y	-0.739325				
W_X	5.00874	W_Y	-0.220488	A	-179.678	OX	5.31624	O_Y	-0.739495				
W_X	4.9881	W_Y	-0.218533	A	-179.917	OX	5.29551	O_Y	-0.739611				
W_X	4.9679	W_Y	-0.216534	A	179.934	OX	5.27521	O_Y	-0.739641				
W_X	4.9475	W_Y	-0.214461	A	179.655	OX	5.2547	O_Y	-0.739617				
W_X	4.92731	W_Y	-0.212241	A	179.437	OX	5.23419	O_Y	-0.739493				
W_X	4.88659	W_Y	-0.207704	A	179.219	OX	5.19316	O_Y	-0.73909				
W_X	4.86632	W_Y	-0.205377	A	178.685	OX	5.17276	O_Y	-0.738812				
W_X	4.84596	W_Y	-0.202848	A	178.443	OX	5.15224	O_Y	-0.738341				
W_X	4.82561	W_Y	-0.200234	A	178.2	OX	5.13174	O_Y	-0.737784				
W_X	4.80528	W_Y	-0.197533	A	177.94	OX	5.11124	O_Y	-0.737139				
W_X	4.78496	W_Y	-0.19474	A	177.734	OX	5.09074	O_Y	-0.736402				
W_X	4.76465	W_Y	-0.191873	A	177.528	OX	5.07024	O_Y	-0.735591				
W_X	4.72404	W_Y	-0.185995	A	177.056	OX	5.02925	O_Y	-0.733822				
W_X	4.70377	W_Y	-0.182888	A	176.801	OX	5.00877	O_Y	-0.732768				
W_X	4.68327	W_Y	-0.179783	A	176.801	OX	4.98829	O_Y	-0.731623				
W_X	4.66227	W_Y	-0.176836	A	176.619	OX	4.9678	O_Y	-0.730478				
W_X	4.64199	W_Y	-0.173549	A	176.619	OX	4.94733	O_Y	-0.729269				
W_X	4.62174	W_Y	-0.170251	A	176.45	OX	4.92685	O_Y	-0.728059				
W_X	4.60151	W_Y	-0.166893	A	176.281	OX	4.90637	O_Y	-0.726789				
W_X	4.56105	W_Y	-0.160058	A	175.699	OX	4.86543	O_Y	-0.724128				
W_X	4.54086	W_Y	-0.156435	A	175.529	OX	4.84498	O_Y	-0.722589				
W_X	4.52068	W_Y	-0.152752	A	175.159	OX	4.82453	O_Y	-0.72099				
W_X	4.50051	W_Y	-0.148936	A	174.947	OX	4.80407	O_Y	-0.719258				
W_X	4.48037	W_Y	-0.145048	A	174.668	OX	4.78364	O_Y	-0.717451				
W_X	4.46012	W_Y	-0.14549	A	174.298	OX	4.76323	O_Y	-0.715546				
W_X	4.43996	W_Y	-0.143214	A	173.927	OX	4.74281	O_Y	-0.713507				
W_X	4.41987	W_Y	-0.138999	A	173.26	OX	4.7224	O_Y	-0.711336				
W_X	4.39984	W_Y	-0.134551	A	173.005	OX	4.70203	O_Y	-0.708928				
W_X	4.37985	W_Y	-0.130018	A	172.848	OX	4.68168	O_Y	-0.706431				
W_X	4.35985	W_Y	-0.125427	A	172.848	OX	4.66132	O_Y	-0.703877				
W_X	4.33986	W_Y	-0.120838	A	172.848	OX	4.64097	O_Y	-0.701324				
W_X	4.31987	W_Y	-0.116248	A	172.848	OX	4.62062	O_Y	-0.69877				
W_X	4.27988	W_Y	-0.107067	A	172.848	OX	4.57991	O_Y	-0.693663				
W_X	4.25992	W_Y	-0.102605	A	172.848	OX	4.55956	O_Y	-0.691109				
W_X	4.23996	W_Y	-0.0982448	A	172.848	OX	4.5392	O_Y	-0.688555				
W_X	4.21996	W_Y	-0.0936701	A	172.848	OX	4.51885	O_Y	-0.686001				
W_X	4.19998	W_Y	-0.0890978	A	172.848	OX	4.49851	O_Y	-0.683449				
W_X	4.17999	W_Y	-0.0845229	A	172.545	OX	4.47816	O_Y	-0.680895				
W_X	4.16002	W_Y	-0.0798423	A	172.242	OX	4.45782	O_Y	-0.678234				
W_X	4.12012	W_Y	-0.0702691	A	172.242	OX	4.41717	O_Y	-0.672696				
W_X	4.10018	W_Y	-0.0654829	A	172.067	OX	4.39684	O_Y	-0.669927				
W_X	4.08024	W_Y	-0.0606349	A	171.873	OX	4.37653	O_Y	-0.667096				
W_X	4.06034	W_Y	-0.0562291	A	171.691	OX	4.35622	O_Y	-0.664196				
W_X	4.04055	W_Y	-0.0562193	A	171.691	OX	4.33592	O_Y	-0.661231				
W_X	4.02067	W_Y	-0.0524788	A	171.691	OX	4.31562	O_Y	-0.658267				
W_X	4.00077	W_Y	-0.0475238	A	171.691	OX	4.29533	O_Y	-0.655304				
W_X	3.96096	W_Y	-0.0376128	A	171.691	OX	4.25473	O_Y	-0.649375				
W_X	3.94105	W_Y	-0.0326572	A	171.691	OX	4.23443	O_Y	-0.646411				
W_X	3.92115	W_Y	-0.0277016	A	171.691	OX	4.21414	O_Y	-0.643446				
W_X	3.90124	W_Y	-0.0227458	A	171.691	OX	4.19384	O_Y	-0.640482				
W_X	3.88133	W_Y	-0.0177907	A	171.412	OX	4.17354	O_Y	-0.637518				
W_X	3.86145	W_Y	-0.0127388	A	171.894	OX	4.15326	O_Y	-0.634455				
W_X	3.82181	W_Y	-0.00322031	A	172.376	OX	4.11265	O_Y	-0.628671				
W_X	3.78199	W_Y	0.00595539	A	172.805	OX	4.0923	O_Y	-0.625948				
W_X	3.762	W_Y	0.0105537	A	173.043	OX	4.05161	O_Y	-0.62081				
W_X	3.74199	W_Y	0.0150703	A	173.043	OX	4.03125	O_Y	-0.618326				
W_X	3.72198	W_Y	0.0195867	A	173.233	OX	4.01088	O_Y	-0.615841				
W_X	3.70196	W_Y	0.0240367	A	173.233	OX	3.99052	O_Y	-0.613425				
W_X	3.66192	W_Y	0.0329361	A	173.233	OX	3.94978	O_Y	-0.608591				
W_X	3.64183	W_Y	0.0374001	A	173.233	OX	3.92935	O_Y	-0.606166				
W_X	3.62214	W_Y	0.0414899	A	173.233	OX	3.90902	O_Y	-0.603755				
W_X	3.60286	W_Y	0.045041	A	173.233	OX	3.88865	O_Y	-0.601337				
W_X	3.58285	W_Y	0.0495017	A	173.441	OX	3.86829	O_Y	-0.598921				
W_X	3.56281	W_Y	0.0538904	A	173.441	OX	3.84791	O_Y	-0.596578				
W_X	3.54277	W_Y	0.0582792	A	173.441	OX	3.82753	O_Y	-0.594235				
W_X	3.5027	W_Y	0.0670578	A	173.441	OX	3.78678	O_Y	-0.589549				
W_X	3.48266	W_Y	0.0714464	A	173.441	OX	3.7664	O_Y	-0.587206				
W_X	3.46262	W_Y	0.0758365	A	173.637	OX	3.74602	O_Y	-0.584862				
W_X	3.44257	W_Y	0.0801567	A	173.637	OX	3.72563	O_Y	-0.582589				
W_X	3.42252	W_Y	0.0844778	A	173.894	OX	3.70524	O_Y	-0.580316				
W_X	3.40399	W_Y	0.0854928	A	173.894	OX	3.68485	O_Y	-0.578134				
W_X	3.38448	W_Y	0.0885813	A	173.894	OX	3.66445	O_Y	-0.575952				
W_X	3.34434	W_Y	0.0970675	A	173.894	OX	3.62366	O_Y	-0.571588				
W_X	3.32427	W_Y	0.101311	A	173.894	OX	3.60326	O_Y	-0.569405				
W_X	3.30421	W_Y	0.105552	A	174.047	OX	3.58287	O_Y	-0.567224				
W_X	3.28412	W_Y	0.109743	A	174.218	OX	3.56246	O_Y	-0.565096				
W_X	3.26402	W_Y	0.113873	A	174.372	OX	3.54205	O_Y	-0.563029				
W_X	3.24392	W_Y	0.117947	A	174.525	OX	3.52164	O_Y	-0.561018				
W_X	3.22381	W_Y	0.121968	A	174.678	OX	3.50123	O_Y	-0.559061				
W_X	3.18409	W_Y	0.131637	A	175.07	OX	3.46038	O_Y	-0.555256				
W_X	3.16454	W_Y	0.137465	A	175.254	OX	3.43995	O_Y	-0.553493				
W_X	3.14439	W_Y	0.141271	A	175.462	OX	3.4195	O_Y	-0.551796				
W_X	3.12422	W_Y	0.145003	A	175.682	OX	3.39906	O_Y	-0.550173				
W_X	3.10404	W_Y	0.148657	A	175.847	OX	3.37861	O_Y	-0.548629				
W_X	3.08386	W_Y	0.152253	A	176.013	OX	3.35816	O_Y	-0.547144				
W_X	3.06364	W_Y	0.155794	A	176.709	OX	3.33769	O_Y	-0.545717				
W_X	3.04339	W_Y	0.159087	A	176.709	OX	3.31721	O_Y	-0.54454				
W_X	3.02315	W_Y	0.16238	A	176.965	OX	3.29673	O_Y	-0.543362				
W_X	3.00306	W_Y	0.166119	A	176.965	OX	3.27625	O_Y	-0.542276				
W_X	2.98398	W_Y	0.172949	A	177.198	OX	3.25576	O_Y	-0.54119				
W_X	2.96395	W_Y	0.176857	A	177.376	OX	3.23527	O_Y	-0.540187				
W_X	2.9234	W_Y	0.183022	A	177.554	OX	3.1943	O_Y	-0.538309				
W_X	2.9031	W_Y	0.186043	A	177.86	OX	3.17379	O_Y	-0.537433				
W_X	2.8828	W_Y	0.188954	A	178.129	OX	3.15329	O_Y	-0.536667				
W_X	2.86248	W_Y	0.191771	A	178.319	OX	3.13279	O_Y	-0.535998				
W_X	2.84215	W_Y	0.194519	A	178.618	OX	3.11229	O_Y	-0.535396				
W_X	2.82181	W_Y	0.197162	A	178.905	OX	3.09178	O_Y	-0.534901				
W_X	2.80145	W_Y	0.199702	A	179.199	OX	3.07127	O_Y	-0.534509				
W_X	2.78108	W_Y	0.202139	A	179.492	OX	3.05076	O_Y	-0.534222				
W_X	2.74074	W_Y	0.206511	A	179.969	OX	3.00973	O_Y	-0.533858				
W_X	2.72111	W_Y	0.208135	A	-179.567	OX	2.98922	O_Y	-0.533847				
W_X	2.7007	W_Y	0.210141	A	-179.567	OX	2.96871	O_Y	-0.534002				
W_X	2.68028	W_Y	0.212148	A	-179.213	OX	2.94819	O_Y	-0.534157				
W_X	2.65986	W_Y	0.214028	A	-179.213	OX	2.92768	O_Y	-0.534439				
W_X	2.63943	W_Y	0.215909	A	-179.042	OX	2.90717	O_Y	-0.53472				
W_X	2.619	W_Y	0.217729	A	-178.87	OX	2.88666	O_Y	-0.535063				
W_X	2.57812	W_Y	0.221245	A	-178.491	OX	2.84564	O_Y	-0.535872				
W_X	2.55767	W_Y	0.222868	A	-178.331	OX	2.82513	O_Y	-0.536413				
W_X	2.53713	W_Y	0.225645	A	-178.331	OX	2.80463	O_Y	-0.53701				
W_X	2.51592	W_Y	0.237749	A	-178.093	OX	2.78413	O_Y	-0.537607				
W_X	2.49527	W_Y	0.241921	A	-177.909	OX	2.76362	O_Y	-0.53829				
W_X	2.47481	W_Y	0.243398	A	-177.537	OX	2.74312	O_Y	-0.539039				
W_X	2.45434	W_Y	0.244742	A	-177.164	OX	2.72263	O_Y	-0.539921				
W_X	2.41338	W_Y	0.247163	A	-176.699	OX	2.68165	O_Y	-0.54195				
W_X	2.3929	W_Y	0.248208	A	-176.418	OX	2.66117	O_Y	-0.543131				
W_X	2.37242	W_Y	0.249152	A	-176.101	OX	2.64071	O_Y	-0.544412				
W_X	2.35192	W_Y	0.249983	A	-175.923	OX	2.62024	O_Y	-0.545807				
W_X	2.33142	W_Y	0.25075	A	-175.532	OX	2.59978	O_Y	-0.547265				
W_X	2.31023	W_Y	0.252534	A	-175.142	OX	2.57933	O_Y	-0.548864				
W_X	2.28902	W_Y	0.254207	A	-175.142	OX	2.55888	O_Y	-0.550601				
W_X	2.2685	W_Y	0.254691	A	-174.915	OX	2.53844	O_Y	-0.552339				
W_X	2.24799	W_Y	0.255094	A	-174.659	OX	2.518	O_Y	-0.554158				
W_X	2.22747	W_Y	0.255405	A	-174.659	OX	2.49757	O_Y	-0.556068				
W_X	2.20696	W_Y	0.255716	A	-174.262	OX	2.47715	O_Y	-0.557977				
W_X	2.18645	W_Y	0.255885	A	-174.262	OX	2.45674	O_Y	-0.560028				
W_X	2.16594	W_Y	0.256054	A	-174.262	OX	2.43633	O_Y	-0.562079				
W_X	2.12491	W_Y	0.256391	A	-173.675	OX	2.39551	O_Y	-0.566181				
W_X	2.10437	W_Y	0.25777	A	-173.675	OX	2.37512	O_Y	-0.568441				
W_X	2.08379	W_Y	0.262304	A	-173.449	OX	2.35473	O_Y	-0.570701				
W_X	2.06327	W_Y	0.262403	A	-173.217	OX	2.33435	O_Y	-0.573041				
W_X	2.04277	W_Y	0.26223	A	-173.021	OX	2.31399	O_Y	-0.575462				
W_X	2.02226	W_Y	0.261987	A	-172.661	OX	2.29363	O_Y	-0.577955				
W_X	2.00175	W_Y	0.261614	A	-172.3	OX	2.27329	O_Y	-0.580575				
W_X	1.96074	W_Y	0.260612	A	-171.921	OX	2.23263	O_Y	-0.586072				
W_X	1.94023	W_Y	0.259974	A	-171.603	OX	2.21232	O_Y	-0.588955				
W_X	1.91973	W_Y	0.259224	A	-171.346	OX	2.19203	O_Y	-0.591951				
W_X	1.89924	W_Y	0.258381	A	-171.12	OX	2.17175	O_Y	-0.595037				
W_X	1.87955	W_Y	0.260451	A	-170.876	OX	2.15148	O_Y	-0.598203				
W_X	1.85951	W_Y	0.261132	A	-170.686	OX	2.13123	O_Y	-0.601456				
W_X	1.83902	W_Y	0.260083	A	-170.496	OX	2.11099	O_Y	-0.604776				
W_X	1.79805	W_Y	0.257848	A	-169.922	OX	2.07052	O_Y	-0.61155				
W_X	1.77758	W_Y	0.256525	A	-169.72	OX	2.05033	O_Y	-0.61514				
W_X	1.75712	W_Y	0.255131	A	-169.548	OX	2.03014	O_Y	-0.618801				
W_X	1.73666	W_Y	0.253675	A	-169.31	OX	2.00997	O_Y	-0.622522				
W_X	1.7162	W_Y	0.252134	A	-169.31	OX	1.98981	O_Y	-0.626328				
W_X	1.69575	W_Y	0.250593	A	-169.31	OX	1.96966	O_Y	-0.630132				
W_X	1.67519	W_Y	0.24557	A	-168.784	OX	1.9495	O_Y	-0.633938				
W_X	1.65458	W_Y	0.238108	A	-168.466	OX	1.92938	O_Y	-0.637928				
W_X	1.63416	W_Y	0.236229	A	-168.204	OX	1.90928	O_Y	-0.64203				
W_X	1.61374	W_Y	0.234256	A	-167.941	OX	1.8892	O_Y	-0.646223				
W_X	1.59333	W_Y	0.232189	A	-167.781	OX	1.86914	O_Y	-0.650509				
W_X	1.53215	W_Y	0.225676	A	-166.976	OX	1.80903	O_Y	-0.663672				
W_X	1.51177	W_Y	0.223265	A	-166.976	OX	1.78904	O_Y	-0.668297				
W_X	1.4914	W_Y	0.220855	A	-166.731	OX	1.76905	O_Y	-0.67292				
section	back	liner											
section	back	liner											
W_X	1.2226	W_Y	0.18951	A	-166.284	OX	1.72915	O_Y	-0.682435				
W_X	1.18214	W_Y	0.182713	A	-164.005	OX	1.47122	O_Y	-0.750101				
W_X	1.16191	W_Y	0.179315	A	-163.693	OX	1.4515	O_Y	-0.755754				
W_X	1.1417	W_Y	0.175807	A	-163.461	OX	1.43181	O_Y	-0.761513				
W_X	1.12151	W_Y	0.172217	A	-163.302	OX	1.41215	O_Y	-0.767353				
W_X	1.10131	W_Y	0.16857	A	-162.972	OX	1.39249	O_Y	-0.773248				
W_X	1.08115	W_Y	0.164808	A	-162.77	OX	1.37288	O_Y	-0.779256				
W_X	1.06099	W_Y	0.160974	A	-162.567	OX	1.35328	O_Y	-0.785333				
W_X	1.02064	W_Y	0.15458	A	-162.103	OX	1.31414	O_Y	-0.797624				
W_X	1.00033	W_Y	0.15456	A	-161.913	OX	1.29462	O_Y	-0.803927				
W_X	0.980248	W_Y	0.150499	A	-161.735	OX	1.27513	O_Y	-0.810291				
W_X	0.960183	W_Y	0.146289	A	-161.582	OX	1.25567	O_Y	-0.816717				
W_X	0.940116	W_Y	0.142023	A	-161.411	OX	1.2362	O_Y	-0.823198				
W_X	0.920065	W_Y	0.137697	A	-161.239	OX	1.21676	O_Y	-0.829737				
W_X	0.900018	W_Y	0.133309	A	-160.701	OX	1.19733	O_Y	-0.836338				
W_X	0.88002	W_Y	0.128734	A	-160.701	OX	1.17797	O_Y	-0.843117				
W_X	0.860025	W_Y	0.124161	A	-160.408	OX	1.15861	O_Y	-0.849896				
W_X	0.840051	W_Y	0.119484	A	-160.206	OX	1.13928	O_Y	-0.856775				
W_X	0.817327	W_Y	0.11233	A	-160.206	OX	1.11998	O_Y	-0.863721				
W_X	0.796028	W_Y	0.106367	A	-160.206	OX	1.10068	O_Y	-0.870668				
W_X	0.776081	W_Y	0.101578	A	-160.206	OX	1.08138	O_Y	-0.877615				
W_X	0.736188	W_Y	0.0920006	A	-159.632	OX	1.04277	O_Y	-0.891508				
W_X	0.716292	W_Y	0.0870128	A	-159.632	OX	1.02355	O_Y	-0.898647				
W_X	0.696393	W_Y	0.0820241	A	-159.393	OX	1.00431	O_Y	-0.905787				
W_X	0.676517	W_Y	0.0769531	A	-159.393	OX	0.985112	O_Y	-0.913007				
W_X	0.65664	W_Y	0.0718819	A	-159.21	OX	0.965911	O_Y	-0.920227				
W_X	0.636781	W_Y	0.0667473	A	-159.21	OX	0.946735	O_Y	-0.927507				
W_X	0.616922	W_Y	0.0616128	A	-159.21	OX	0.927558	O_Y	-0.934788				
W_X	0.577133	W_Y	0.0509646	A	-159.21	OX	0.889203	O_Y	-0.949351				
W_X	0.556897	W_Y	0.0437295	A	-159.21	OX	0.870025	O_Y	-0.956632				
W_X	0.537002	W_Y	0.0383836	A	-159.21	OX	0.850847	O_Y	-0.963913				
W_X	0.517144	W_Y	0.0332432	A	-159.21	OX	0.831671	O_Y	-0.971194				
W_X	0.497285	W_Y	0.0281024	A	-158.977	OX	0.812493	O_Y	-0.978475				
W_X	0.477447	W_Y	0.022881	A	-158.977	OX	0.793345	O_Y	-0.985834				
W_X	0.457609	W_Y	0.0176597	A	-158.977	OX	0.774197	O_Y	-0.993193				
W_X	0.417934	W_Y	0.00721717	A	-158.977	OX	0.735901	O_Y	-1.00791				
W_X	0.398096	W_Y	0.0019958	A	-159.384	OX	0.716753	O_Y	-1.01527				
W_X	0.378223	W_Y	-0.00308413	A	-159.384	OX	0.697555	O_Y	-1.02249				
W_X	0.359398	W_Y	-0.0109494	A	-159.699	OX	0.678357	O_Y	-1.02971				
W_X	0.34017	W_Y	-0.0177153	A	-159.875	OX	0.659117	O_Y	-1.03683				
W_X	0.320262	W_Y	-0.0226275	A	-160.05	OX	0.639864	O_Y	-1.04389				
W_X	0.300319	W_Y	-0.0274837	A	-160.498	OX	0.62057	O_Y	-1.05089				
W_X	0.280355	W_Y	-0.0321799	A	-160.498	OX	0.601238	O_Y	-1.05774				
W_X	0.260386	W_Y	-0.0368772	A	-160.498	OX	0.581901	O_Y	-1.06459				
W_X	0.240417	W_Y	-0.0415745	A	-160.498	OX	0.562564	O_Y	-1.07143				
W_X	0.220449	W_Y	-0.0462718	A	-160.498	OX	0.543227	O_Y	-1.07828				
W_X	0.180521	W_Y	-0.055664	A	-160.498	OX	0.504563	O_Y	-1.09197				
W_X	0.16055	W_Y	-0.0603618	A	-160.498	OX	0.485223	O_Y	-1.09882				
W_X	0.140419	W_Y	-0.0655669	A	-160.498	OX	0.465878	O_Y	-1.10567				
W_X	0.118937	W_Y	-0.0752596	A	-160.498	OX	0.446543	O_Y	-1.11252				
W_X	0.098588	W_Y	-0.0812385	A	-160.723	OX	0.427207	O_Y	-1.11937				
W_X	0.0786039	W_Y	-0.0858733	A	-160.723	OX	0.407842	O_Y	-1.12614				
W_X	0.0586226	W_Y	-0.0905075	A	-160.892	OX	0.388481	O_Y	-1.13291				
W_X	0.0386258	W_Y	-0.095083	A	-160.892	OX	0.369097	O_Y	-1.13963				
W_X	0.018629	W_Y	-0.0996585	A	-160.892	OX	0.349714	O_Y	-1.14635				
W_X	-0.0213642	W_Y	-0.108809	A	-161.243	OX	0.310948	O_Y	-1.15978				
section	back	liner											
