test															
x_pos	0	y_pos	0		theta	0		num_flag	2		inc_g_vel_x	0		linear_velocity_x	0
x_pos	0	y_pos	0		theta	0		num_flag	3		inc_g_vel_x	0		linear_velocity_x	0
x_pos	0	y_pos	0		theta	0		num_flag	3		inc_g_vel_x	0		linear_velocity_x	0
x_pos	0	y_pos	0		theta	0		num_flag	3		inc_g_vel_x	0		linear_velocity_x	0
x_pos	0	y_pos	0		theta	0		num_flag	4		inc_g_vel_x	0		linear_velocity_x	0
x_pos	0	y_pos	0		theta	0		num_flag	6		inc_g_vel_x	0		linear_velocity_x	0
x_pos	0	y_pos	0		theta	0		num_flag	7		inc_g_vel_x	0		linear_velocity_x	0
x_pos	0	y_pos	0		theta	0		num_flag	7		inc_g_vel_x	0		linear_velocity_x	0
x_pos	0	y_pos	0		theta	0		num_flag	8		inc_g_vel_x	0		linear_velocity_x	0
x_pos	0	y_pos	0		theta	0		num_flag	8		inc_g_vel_x	0		linear_velocity_x	0
x_pos	0	y_pos	0		theta	0		num_flag	9		inc_g_vel_x	0		linear_velocity_x	0
x_pos	0	y_pos	0		theta	0		num_flag	9		inc_g_vel_x	0		linear_velocity_x	0
x_pos	0	y_pos	0		theta	0		num_flag	10		inc_g_vel_x	0		linear_velocity_x	0
x_pos	0	y_pos	0		theta	0		num_flag	10		inc_g_vel_x	0		linear_velocity_x	0
x_pos	0	y_pos	0		theta	0		num_flag	10		inc_g_vel_x	0		linear_velocity_x	0
x_pos	0	y_pos	0		theta	0		num_flag	10		inc_g_vel_x	0		linear_velocity_x	0
x_pos	0	y_pos	0		theta	0		num_flag	10		inc_g_vel_x	0		linear_velocity_x	0
x_pos	0	y_pos	0		theta	0		num_flag	14		inc_g_vel_x	0		linear_velocity_x	0
x_pos	0	y_pos	0		theta	0		num_flag	14		inc_g_vel_x	0		linear_velocity_x	0
x_pos	0	y_pos	0		theta	0		num_flag	14		inc_g_vel_x	0		linear_velocity_x	0
x_pos	0	y_pos	0		theta	0		num_flag	18		inc_g_vel_x	0		linear_velocity_x	0
x_pos	0	y_pos	0		theta	0		num_flag	18		inc_g_vel_x	0		linear_velocity_x	0
x_pos	0	y_pos	0		theta	0		num_flag	18		inc_g_vel_x	0		linear_velocity_x	0
x_pos	0	y_pos	0		theta	0		num_flag	19		inc_g_vel_x	0		linear_velocity_x	0
x_pos	0	y_pos	0		theta	0		num_flag	22		inc_g_vel_x	0		linear_velocity_x	0
x_pos	0	y_pos	0		theta	0		num_flag	22		inc_g_vel_x	0		linear_velocity_x	0
x_pos	0	y_pos	0		theta	0		num_flag	22		inc_g_vel_x	0		linear_velocity_x	0
x_pos	0	y_pos	0		theta	0		num_flag	22		inc_g_vel_x	0		linear_velocity_x	0
x_pos	0	y_pos	0		theta	0		num_flag	22		inc_g_vel_x	0		linear_velocity_x	0
x_pos	0	y_pos	0		theta	0		num_flag	22		inc_g_vel_x	0		linear_velocity_x	0
x_pos	0	y_pos	0		theta	0		num_flag	23		inc_g_vel_x	0		linear_velocity_x	0
x_pos	0	y_pos	0		theta	0		num_flag	23		inc_g_vel_x	0		linear_velocity_x	0
x_pos	0	y_pos	0		theta	0		num_flag	23		inc_g_vel_x	0		linear_velocity_x	0
x_pos	0	y_pos	0		theta	0		num_flag	23		inc_g_vel_x	0		linear_velocity_x	0
x_pos	0	y_pos	0		theta	0		num_flag	23		inc_g_vel_x	0		linear_velocity_x	0
x_pos	0	y_pos	0		theta	0		num_flag	23		inc_g_vel_x	0		linear_velocity_x	0
x_pos	0	y_pos	0		theta	0		num_flag	23		inc_g_vel_x	0		linear_velocity_x	0
x_pos	0	y_pos	0		theta	0		num_flag	23		inc_g_vel_x	0		linear_velocity_x	0
x_pos	0	y_pos	0		theta	0		num_flag	23		inc_g_vel_x	0		linear_velocity_x	0
x_pos	0	y_pos	0		theta	0		num_flag	23		inc_g_vel_x	0		linear_velocity_x	0
x_pos	0	y_pos	0		theta	0		num_flag	23		inc_g_vel_x	0		linear_velocity_x	0
x_pos	0	y_pos	0		theta	0		num_flag	38		inc_g_vel_x	0		linear_velocity_x	0
x_pos	0	y_pos	0		theta	0		num_flag	39		inc_g_vel_x	0		linear_velocity_x	0
x_pos	0	y_pos	0		theta	0		num_flag	39		inc_g_vel_x	0		linear_velocity_x	0
x_pos	0	y_pos	0		theta	0		num_flag	40		inc_g_vel_x	0		linear_velocity_x	0
x_pos	0	y_pos	0		theta	0		num_flag	41		inc_g_vel_x	0		linear_velocity_x	0
x_pos	0	y_pos	0		theta	0		num_flag	41		inc_g_vel_x	0		linear_velocity_x	0
x_pos	0	y_pos	0		theta	0		num_flag	42		inc_g_vel_x	0		linear_velocity_x	0
x_pos	0	y_pos	0		theta	0		num_flag	44		inc_g_vel_x	0		linear_velocity_x	0
x_pos	0	y_pos	0		theta	0		num_flag	44		inc_g_vel_x	0		linear_velocity_x	0
x_pos	0	y_pos	0		theta	0		num_flag	45		inc_g_vel_x	0		linear_velocity_x	0
x_pos	0	y_pos	0		theta	0		num_flag	45		inc_g_vel_x	0		linear_velocity_x	0
x_pos	0	y_pos	0		theta	0		num_flag	46		inc_g_vel_x	0		linear_velocity_x	0
x_pos	0	y_pos	0		theta	0		num_flag	46		inc_g_vel_x	0		linear_velocity_x	0
x_pos	0	y_pos	0		theta	0		num_flag	46		inc_g_vel_x	0		linear_velocity_x	0
x_pos	0	y_pos	0		theta	0		num_flag	49		inc_g_vel_x	0		linear_velocity_x	0
x_pos	0	y_pos	0		theta	0		num_flag	50		inc_g_vel_x	0		linear_velocity_x	0
x_pos	0	y_pos	0		theta	0		num_flag	50		inc_g_vel_x	0		linear_velocity_x	0
x_pos	0	y_pos	0		theta	0		num_flag	51		inc_g_vel_x	0		linear_velocity_x	0
x_pos	0	y_pos	0		theta	0		num_flag	52		inc_g_vel_x	0		linear_velocity_x	0
x_pos	0	y_pos	0		theta	0		num_flag	52		inc_g_vel_x	0		linear_velocity_x	0
x_pos	0	y_pos	0		theta	0		num_flag	52		inc_g_vel_x	0		linear_velocity_x	0
x_pos	0	y_pos	0		theta	0		num_flag	52		inc_g_vel_x	0		linear_velocity_x	0
x_pos	0	y_pos	0		theta	0		num_flag	52		inc_g_vel_x	0		linear_velocity_x	0
x_pos	0	y_pos	0		theta	0		num_flag	52		inc_g_vel_x	0		linear_velocity_x	0
x_pos	0	y_pos	0		theta	0		num_flag	52		inc_g_vel_x	0		linear_velocity_x	0
x_pos	0	y_pos	0		theta	0		num_flag	52		inc_g_vel_x	0		linear_velocity_x	0
x_pos	0	y_pos	0		theta	0		num_flag	52		inc_g_vel_x	0		linear_velocity_x	0
x_pos	0	y_pos	0		theta	0		num_flag	52		inc_g_vel_x	0		linear_velocity_x	0
x_pos	0	y_pos	0		theta	0		num_flag	62		inc_g_vel_x	0		linear_velocity_x	0
x_pos	0	y_pos	0		theta	0		num_flag	62		inc_g_vel_x	0		linear_velocity_x	0
x_pos	0	y_pos	0		theta	0		num_flag	62		inc_g_vel_x	0		linear_velocity_x	0
x_pos	0	y_pos	0		theta	0		num_flag	65		inc_g_vel_x	0		linear_velocity_x	0
x_pos	0	y_pos	0		theta	0		num_flag	65		inc_g_vel_x	0		linear_velocity_x	0
x_pos	0	y_pos	0		theta	0		num_flag	65		inc_g_vel_x	0		linear_velocity_x	0
x_pos	0	y_pos	0		theta	0		num_flag	66		inc_g_vel_x	0		linear_velocity_x	0
x_pos	0	y_pos	0		theta	0		num_flag	66		inc_g_vel_x	0		linear_velocity_x	0
x_pos	0	y_pos	0		theta	0		num_flag	66		inc_g_vel_x	0		linear_velocity_x	0
x_pos	0	y_pos	0		theta	0		num_flag	66		inc_g_vel_x	0		linear_velocity_x	0
x_pos	0	y_pos	0		theta	0		num_flag	67		inc_g_vel_x	0		linear_velocity_x	0
x_pos	0	y_pos	0		theta	0		num_flag	70		inc_g_vel_x	0		linear_velocity_x	0
x_pos	0	y_pos	0		theta	0		num_flag	72		inc_g_vel_x	0		linear_velocity_x	0
x_pos	0	y_pos	0		theta	0		num_flag	72		inc_g_vel_x	0		linear_velocity_x	0
x_pos	0	y_pos	0		theta	0		num_flag	73		inc_g_vel_x	0		linear_velocity_x	0
x_pos	0	y_pos	0		theta	0		num_flag	73		inc_g_vel_x	0		linear_velocity_x	0
x_pos	0	y_pos	0		theta	0		num_flag	73		inc_g_vel_x	0		linear_velocity_x	0
x_pos	0	y_pos	0		theta	0		num_flag	73		inc_g_vel_x	0		linear_velocity_x	0
x_pos	0	y_pos	0		theta	0		num_flag	74		inc_g_vel_x	0		linear_velocity_x	0
x_pos	0	y_pos	0		theta	0		num_flag	79		inc_g_vel_x	0		linear_velocity_x	0
x_pos	0	y_pos	0		theta	0		num_flag	80		inc_g_vel_x	0		linear_velocity_x	0
x_pos	0	y_pos	0		theta	0		num_flag	80		inc_g_vel_x	0		linear_velocity_x	0
x_pos	0	y_pos	0		theta	0		num_flag	80		inc_g_vel_x	0		linear_velocity_x	0
x_pos	0	y_pos	0		theta	0		num_flag	81		inc_g_vel_x	0		linear_velocity_x	0
x_pos	0	y_pos	0		theta	0		num_flag	81		inc_g_vel_x	0		linear_velocity_x	0
x_pos	0	y_pos	0		theta	0		num_flag	83		inc_g_vel_x	0		linear_velocity_x	0
x_pos	0	y_pos	0		theta	0		num_flag	85		inc_g_vel_x	0		linear_velocity_x	0
x_pos	0	y_pos	0		theta	0		num_flag	86		inc_g_vel_x	0		linear_velocity_x	0
x_pos	0	y_pos	0		theta	0		num_flag	87		inc_g_vel_x	0		linear_velocity_x	0
x_pos	0	y_pos	0		theta	0		num_flag	88		inc_g_vel_x	0		linear_velocity_x	0
x_pos	0.0104691	y_pos	0		theta	0		num_flag	89		inc_g_vel_x	0.104693		linear_velocity_x	0.104693
x_pos	0.0209401	y_pos	0		theta	0		num_flag	90		inc_g_vel_x	0.209387		linear_velocity_x	0.104693
x_pos	0.031411	y_pos	0		theta	0		num_flag	90		inc_g_vel_x	0.31408		linear_velocity_x	0.104693
x_pos	0.041882	y_pos	0		theta	0		num_flag	90		inc_g_vel_x	0.418773		linear_velocity_x	0.104693
x_pos	0.0752573	y_pos	0		theta	0		num_flag	91		inc_g_vel_x	0.53001		linear_velocity_x	0.111237
x_pos	0.0752629	y_pos	0		theta	0		num_flag	93		inc_g_vel_x	0.64779		linear_velocity_x	0.11778
x_pos	0.0870349	y_pos	0		theta	0		num_flag	94		inc_g_vel_x	0.76557		linear_velocity_x	0.11778
x_pos	0.0988069	y_pos	0		theta	0		num_flag	94		inc_g_vel_x	0.88335		linear_velocity_x	0.11778
x_pos	0.0988129	y_pos	0		theta	0		num_flag	96		inc_g_vel_x	1.00767		linear_velocity_x	0.124323
x_pos	0.0988188	y_pos	0		theta	0		num_flag	96		inc_g_vel_x	1.132		linear_velocity_x	0.124323
x_pos	0.124989	y_pos	0		theta	0		num_flag	97		inc_g_vel_x	1.26286		linear_velocity_x	0.130867
x_pos	0.138078	y_pos	0		theta	0		num_flag	98		inc_g_vel_x	1.39373		linear_velocity_x	0.130867
x_pos	0.151168	y_pos	0		theta	0		num_flag	98		inc_g_vel_x	1.5246		linear_velocity_x	0.130867
x_pos	0.17734	y_pos	0		theta	0		num_flag	99		inc_g_vel_x	1.65546		linear_velocity_x	0.130867
x_pos	0.177346	y_pos	0		theta	0		num_flag	101		inc_g_vel_x	1.79942		linear_velocity_x	0.143953
x_pos	0.177353	y_pos	0		theta	0		num_flag	101		inc_g_vel_x	1.94337		linear_velocity_x	0.143953
x_pos	0.206136	y_pos	0		theta	0		num_flag	102		inc_g_vel_x	2.08732		linear_velocity_x	0.143953
x_pos	0.234918	y_pos	0		theta	0		num_flag	102		inc_g_vel_x	2.23128		linear_velocity_x	0.143953
x_pos	0.263701	y_pos	0		theta	0		num_flag	102		inc_g_vel_x	2.37523		linear_velocity_x	0.143953
x_pos	0.306886	y_pos	0		theta	0		num_flag	103		inc_g_vel_x	2.51918		linear_velocity_x	0.143953
x_pos	0.30689	y_pos	0		theta	0		num_flag	105		inc_g_vel_x	2.66314		linear_velocity_x	0.143953
x_pos	0.322589	y_pos	0		theta	0		num_flag	106		inc_g_vel_x	2.82018		linear_velocity_x	0.15704
x_pos	0.322606	y_pos	0		theta	0		num_flag	108		inc_g_vel_x	2.97722		linear_velocity_x	0.15704
x_pos	0.322624	y_pos	0		theta	0		num_flag	108		inc_g_vel_x	3.13426		linear_velocity_x	0.15704
x_pos	0.322642	y_pos	0		theta	0		num_flag	108		inc_g_vel_x	3.2913		linear_velocity_x	0.15704
x_pos	0.322659	y_pos	0		theta	0		num_flag	108		inc_g_vel_x	3.44834		linear_velocity_x	0.15704
x_pos	0.385436	y_pos	0		theta	0		num_flag	109		inc_g_vel_x	3.60538		linear_velocity_x	0.15704
x_pos	0.448213	y_pos	0		theta	0		num_flag	109		inc_g_vel_x	3.76242		linear_velocity_x	0.15704
x_pos	0.51099	y_pos	0		theta	0		num_flag	109		inc_g_vel_x	3.91946		linear_velocity_x	0.15704
x_pos	0.510992	y_pos	0		theta	0		num_flag	112		inc_g_vel_x	4.08304		linear_velocity_x	0.163583
x_pos	0.510993	y_pos	0		theta	0		num_flag	115		inc_g_vel_x	4.25317		linear_velocity_x	0.170127
x_pos	0.529309	y_pos	0		theta	0		num_flag	116		inc_g_vel_x	4.43638		linear_velocity_x	0.183213
x_pos	0.547625	y_pos	0		theta	0		num_flag	116		inc_g_vel_x	4.61959		linear_velocity_x	0.183213
x_pos	0.56594	y_pos	0		theta	0		num_flag	116		inc_g_vel_x	4.80281		linear_velocity_x	0.183213
x_pos	0.584256	y_pos	0		theta	0		num_flag	116		inc_g_vel_x	4.98602		linear_velocity_x	0.183213
x_pos	0.657541	y_pos	0		theta	0		num_flag	117		inc_g_vel_x	5.16923		linear_velocity_x	0.183213
x_pos	0.657542	y_pos	0		theta	0		num_flag	120		inc_g_vel_x	5.35899		linear_velocity_x	0.189757
x_pos	0.657544	y_pos	0		theta	0		num_flag	120		inc_g_vel_x	5.54875		linear_velocity_x	0.189757
x_pos	0.657545	y_pos	0		theta	0		num_flag	120		inc_g_vel_x	5.7385		linear_velocity_x	0.189757
x_pos	0.657547	y_pos	0		theta	0		num_flag	120		inc_g_vel_x	5.92826		linear_velocity_x	0.189757
x_pos	0.733439	y_pos	0		theta	0		num_flag	121		inc_g_vel_x	6.11802		linear_velocity_x	0.189757
x_pos	0.80933	y_pos	0		theta	0		num_flag	121		inc_g_vel_x	6.30777		linear_velocity_x	0.189757
x_pos	0.809334	y_pos	0		theta	0		num_flag	125		inc_g_vel_x	6.51062		linear_velocity_x	0.202843
x_pos	0.830259	y_pos	0		theta	0		num_flag	126		inc_g_vel_x	6.72		linear_velocity_x	0.209387
x_pos	0.851854	y_pos	0		theta	0		num_flag	127		inc_g_vel_x	6.93593		linear_velocity_x	0.21593
x_pos	0.873448	y_pos	0		theta	0		num_flag	127		inc_g_vel_x	7.15186		linear_velocity_x	0.21593
x_pos	0.917942	y_pos	0		theta	0		num_flag	128		inc_g_vel_x	7.37434		linear_velocity_x	0.222473
x_pos	0.940185	y_pos	0		theta	0		num_flag	129		inc_g_vel_x	7.59681		linear_velocity_x	0.222473
x_pos	0.962438	y_pos	0		theta	0		num_flag	130		inc_g_vel_x	7.81928		linear_velocity_x	0.222473
x_pos	0.962448	y_pos	0		theta	0		num_flag	132		inc_g_vel_x	8.0483		linear_velocity_x	0.229017
x_pos	0.986018	y_pos	0		theta	0		num_flag	133		inc_g_vel_x	8.28386		linear_velocity_x	0.23556
x_pos	1.00959	y_pos	0		theta	0		num_flag	133		inc_g_vel_x	8.51942		linear_velocity_x	0.23556
x_pos	1.0096	y_pos	0		theta	0		num_flag	135		inc_g_vel_x	8.75498		linear_velocity_x	0.23556
x_pos	1.00961	y_pos	0		theta	0		num_flag	135		inc_g_vel_x	8.99054		linear_velocity_x	0.23556
x_pos	1.00961	y_pos	0		theta	0		num_flag	135		inc_g_vel_x	9.2261		linear_velocity_x	0.23556
x_pos	1.00963	y_pos	0		theta	0		num_flag	137		inc_g_vel_x	9.4682		linear_velocity_x	0.242103
x_pos	1.03383	y_pos	0		theta	0		num_flag	138		inc_g_vel_x	9.71031		linear_velocity_x	0.242103
x_pos	1.05869	y_pos	0		theta	0		num_flag	139		inc_g_vel_x	9.95895		linear_velocity_x	0.248647
x_pos	1.08355	y_pos	0		theta	0		num_flag	139		inc_g_vel_x	10.2076		linear_velocity_x	0.248647
x_pos	1.10841	y_pos	0		theta	0		num_flag	139		inc_g_vel_x	10.4562		linear_velocity_x	0.248647
x_pos	1.183	y_pos	0		theta	0		num_flag	140		inc_g_vel_x	10.7049		linear_velocity_x	0.248647
x_pos	1.2576	y_pos	0		theta	0		num_flag	140		inc_g_vel_x	10.9535		linear_velocity_x	0.248647
x_pos	1.30735	y_pos	0		theta	0		num_flag	141		inc_g_vel_x	11.2022		linear_velocity_x	0.248647
x_pos	1.30735	y_pos	0		theta	0		num_flag	144		inc_g_vel_x	11.4508		linear_velocity_x	0.248647
x_pos	1.30735	y_pos	0		theta	0		num_flag	144		inc_g_vel_x	11.6995		linear_velocity_x	0.248647
x_pos	1.30737	y_pos	0		theta	0		num_flag	146		inc_g_vel_x	11.9481		linear_velocity_x	0.248647
x_pos	1.33221	y_pos	0		theta	0		num_flag	147		inc_g_vel_x	12.1968		linear_velocity_x	0.248647
x_pos	1.35705	y_pos	0		theta	0		num_flag	147		inc_g_vel_x	12.4454		linear_velocity_x	0.248647
x_pos	1.38189	y_pos	0		theta	0		num_flag	147		inc_g_vel_x	12.6941		linear_velocity_x	0.248647
x_pos	1.38191	y_pos	0		theta	0		num_flag	149		inc_g_vel_x	12.9427		linear_velocity_x	0.248647
x_pos	1.40676	y_pos	0		theta	0		num_flag	150		inc_g_vel_x	13.1914		linear_velocity_x	0.248647
x_pos	1.43164	y_pos	0		theta	0		num_flag	151		inc_g_vel_x	13.44		linear_velocity_x	0.248647
x_pos	1.45652	y_pos	0		theta	0		num_flag	151		inc_g_vel_x	13.6887		linear_velocity_x	0.248647
x_pos	1.4814	y_pos	0		theta	0		num_flag	151		inc_g_vel_x	13.9373		linear_velocity_x	0.248647
x_pos	1.556	y_pos	0		theta	0		num_flag	152		inc_g_vel_x	14.1859		linear_velocity_x	0.248647
x_pos	1.55601	y_pos	0		theta	0		num_flag	154		inc_g_vel_x	14.4346		linear_velocity_x	0.248647
x_pos	1.58088	y_pos	0		theta	0		num_flag	155		inc_g_vel_x	14.6832		linear_velocity_x	0.248647
x_pos	1.60576	y_pos	0		theta	0		num_flag	155		inc_g_vel_x	14.9319		linear_velocity_x	0.248647
x_pos	1.63063	y_pos	0		theta	0		num_flag	155		inc_g_vel_x	15.1805		linear_velocity_x	0.248647
x_pos	1.6555	y_pos	0		theta	0		num_flag	155		inc_g_vel_x	15.4292		linear_velocity_x	0.248647
x_pos	1.75494	y_pos	0		theta	0		num_flag	156		inc_g_vel_x	15.6778		linear_velocity_x	0.248647
x_pos	1.85438	y_pos	0		theta	0		num_flag	156		inc_g_vel_x	15.9265		linear_velocity_x	0.248647
x_pos	1.95381	y_pos	0		theta	0		num_flag	156		inc_g_vel_x	16.1751		linear_velocity_x	0.248647
x_pos	2.05325	y_pos	0		theta	0		num_flag	156		inc_g_vel_x	16.4238		linear_velocity_x	0.248647
x_pos	2.15268	y_pos	0		theta	0		num_flag	156		inc_g_vel_x	16.6724		linear_velocity_x	0.248647
x_pos	2.25212	y_pos	0		theta	0		num_flag	156		inc_g_vel_x	16.9211		linear_velocity_x	0.248647
x_pos	2.25212	y_pos	0		theta	0		num_flag	163		inc_g_vel_x	17.1697		linear_velocity_x	0.248647
x_pos	2.25213	y_pos	0		theta	0		num_flag	165		inc_g_vel_x	17.4184		linear_velocity_x	0.248647
x_pos	2.27699	y_pos	0		theta	0		num_flag	166		inc_g_vel_x	17.667		linear_velocity_x	0.248647
x_pos	2.30185	y_pos	0		theta	0		num_flag	167		inc_g_vel_x	17.9156		linear_velocity_x	0.248647
x_pos	2.32671	y_pos	0		theta	0		num_flag	167		inc_g_vel_x	18.1643		linear_velocity_x	0.248647
x_pos	2.35156	y_pos	0		theta	0		num_flag	167		inc_g_vel_x	18.4129		linear_velocity_x	0.248647
x_pos	2.37642	y_pos	0		theta	0		num_flag	167		inc_g_vel_x	18.6616		linear_velocity_x	0.248647
x_pos	2.47589	y_pos	0		theta	0		num_flag	168		inc_g_vel_x	18.9102		linear_velocity_x	0.248647
x_pos	2.57536	y_pos	0		theta	0		num_flag	168		inc_g_vel_x	19.1589		linear_velocity_x	0.248647
x_pos	2.57536	y_pos	0		theta	0		num_flag	171		inc_g_vel_x	19.4075		linear_velocity_x	0.248647
x_pos	2.57536	y_pos	0		theta	0		num_flag	171		inc_g_vel_x	19.6562		linear_velocity_x	0.248647
x_pos	2.57537	y_pos	0		theta	0		num_flag	171		inc_g_vel_x	19.9048		linear_velocity_x	0.248647
x_pos	2.57537	y_pos	0		theta	0		num_flag	175		inc_g_vel_x	20.1535		linear_velocity_x	0.248647
x_pos	2.57537	y_pos	0		theta	0		num_flag	175		inc_g_vel_x	20.4021		linear_velocity_x	0.248647
x_pos	2.57537	y_pos	0		theta	0		num_flag	175		inc_g_vel_x	20.6508		linear_velocity_x	0.248647
x_pos	2.57537	y_pos	0		theta	0		num_flag	175		inc_g_vel_x	20.8994		linear_velocity_x	0.248647
x_pos	2.57538	y_pos	0		theta	0		num_flag	175		inc_g_vel_x	21.1481		linear_velocity_x	0.248647
x_pos	2.6997	y_pos	0		theta	0		num_flag	176		inc_g_vel_x	21.3967		linear_velocity_x	0.248647
x_pos	2.6997	y_pos	0		theta	0		num_flag	180		inc_g_vel_x	21.6453		linear_velocity_x	0.248647
x_pos	2.69971	y_pos	0		theta	0		num_flag	180		inc_g_vel_x	21.894		linear_velocity_x	0.248647
x_pos	2.69972	y_pos	0		theta	0		num_flag	182		inc_g_vel_x	22.1426		linear_velocity_x	0.248647
x_pos	2.69973	y_pos	0		theta	0		num_flag	182		inc_g_vel_x	22.3913		linear_velocity_x	0.248647
x_pos	2.69974	y_pos	0		theta	0		num_flag	184		inc_g_vel_x	22.6399		linear_velocity_x	0.248647
x_pos	2.69975	y_pos	0		theta	0		num_flag	184		inc_g_vel_x	22.8886		linear_velocity_x	0.248647
x_pos	2.69976	y_pos	0		theta	0		num_flag	184		inc_g_vel_x	23.1372		linear_velocity_x	0.248647
x_pos	2.69977	y_pos	0		theta	0		num_flag	184		inc_g_vel_x	23.3859		linear_velocity_x	0.248647
x_pos	2.69979	y_pos	0		theta	0		num_flag	184		inc_g_vel_x	23.6345		linear_velocity_x	0.248647
x_pos	2.6998	y_pos	0		theta	0		num_flag	184		inc_g_vel_x	23.8832		linear_velocity_x	0.248647
x_pos	2.69981	y_pos	0		theta	0		num_flag	184		inc_g_vel_x	24.1318		linear_velocity_x	0.248647
x_pos	2.69982	y_pos	0		theta	0		num_flag	191		inc_g_vel_x	24.3805		linear_velocity_x	0.248647
x_pos	2.69982	y_pos	0		theta	0		num_flag	191		inc_g_vel_x	24.6291		linear_velocity_x	0.248647
x_pos	2.69983	y_pos	0		theta	0		num_flag	191		inc_g_vel_x	24.8778		linear_velocity_x	0.248647
x_pos	2.69983	y_pos	0		theta	0		num_flag	191		inc_g_vel_x	25.1264		linear_velocity_x	0.248647
x_pos	2.69984	y_pos	0		theta	0		num_flag	191		inc_g_vel_x	25.375		linear_velocity_x	0.248647
x_pos	2.8241	y_pos	0		theta	0		num_flag	192		inc_g_vel_x	25.6237		linear_velocity_x	0.248647
x_pos	2.94836	y_pos	0		theta	0		num_flag	192		inc_g_vel_x	25.8723		linear_velocity_x	0.248647
x_pos	2.94837	y_pos	0		theta	0		num_flag	195		inc_g_vel_x	26.121		linear_velocity_x	0.248647
x_pos	2.94838	y_pos	0		theta	0		num_flag	195		inc_g_vel_x	26.3696		linear_velocity_x	0.248647
x_pos	2.94839	y_pos	0		theta	0		num_flag	197		inc_g_vel_x	26.6183		linear_velocity_x	0.248647
x_pos	2.97326	y_pos	0		theta	0		num_flag	198		inc_g_vel_x	26.8669		linear_velocity_x	0.248647
x_pos	2.99812	y_pos	0		theta	0		num_flag	199		inc_g_vel_x	27.1156		linear_velocity_x	0.248647
x_pos	3.02298	y_pos	0		theta	0		num_flag	199		inc_g_vel_x	27.3642		linear_velocity_x	0.248647
x_pos	3.07271	y_pos	0		theta	0		num_flag	200		inc_g_vel_x	27.6129		linear_velocity_x	0.248647
x_pos	3.07272	y_pos	0		theta	0		num_flag	202		inc_g_vel_x	27.8615		linear_velocity_x	0.248647
x_pos	3.09759	y_pos	0		theta	0		num_flag	203		inc_g_vel_x	28.1102		linear_velocity_x	0.248647
x_pos	3.12247	y_pos	0		theta	0		num_flag	204		inc_g_vel_x	28.3588		linear_velocity_x	0.248647
x_pos	3.14735	y_pos	0		theta	0		num_flag	205		inc_g_vel_x	28.6075		linear_velocity_x	0.248647
x_pos	3.17222	y_pos	0		theta	0		num_flag	205		inc_g_vel_x	28.8561		linear_velocity_x	0.248647
x_pos	3.1971	y_pos	0		theta	0		num_flag	205		inc_g_vel_x	29.1047		linear_velocity_x	0.248647
x_pos	3.27166	y_pos	0		theta	0		num_flag	206		inc_g_vel_x	29.3534		linear_velocity_x	0.248647
x_pos	3.34622	y_pos	0		theta	0		num_flag	206		inc_g_vel_x	29.602		linear_velocity_x	0.248647
x_pos	3.42078	y_pos	0		theta	0		num_flag	206		inc_g_vel_x	29.8507		linear_velocity_x	0.248647
x_pos	3.49538	y_pos	0		theta	0		num_flag	207		inc_g_vel_x	30.0993		linear_velocity_x	0.248647
x_pos	3.56999	y_pos	0		theta	0		num_flag	207		inc_g_vel_x	30.348		linear_velocity_x	0.248647
x_pos	3.56999	y_pos	0		theta	0		num_flag	212		inc_g_vel_x	30.5966		linear_velocity_x	0.248647
x_pos	3.59485	y_pos	0		theta	0		num_flag	213		inc_g_vel_x	30.8453		linear_velocity_x	0.248647
x_pos	3.6197	y_pos	0		theta	0		num_flag	213		inc_g_vel_x	31.0939		linear_velocity_x	0.248647
x_pos	3.66942	y_pos	0		theta	0		num_flag	214		inc_g_vel_x	31.3426		linear_velocity_x	0.248647
x_pos	3.6943	y_pos	0		theta	0		num_flag	215		inc_g_vel_x	31.5912		linear_velocity_x	0.248647
x_pos	3.71916	y_pos	0		theta	0		num_flag	216		inc_g_vel_x	31.8399		linear_velocity_x	0.248647
x_pos	3.74402	y_pos	0		theta	0		num_flag	217		inc_g_vel_x	32.0885		linear_velocity_x	0.248647
x_pos	3.76888	y_pos	0		theta	0		num_flag	217		inc_g_vel_x	32.3372		linear_velocity_x	0.248647
x_pos	3.79374	y_pos	0		theta	0		num_flag	217		inc_g_vel_x	32.5858		linear_velocity_x	0.248647
x_pos	3.79374	y_pos	0		theta	0		num_flag	220		inc_g_vel_x	32.8344		linear_velocity_x	0.248647
x_pos	3.81859	y_pos	0		theta	0		num_flag	221		inc_g_vel_x	33.0831		linear_velocity_x	0.248647
x_pos	3.84348	y_pos	0		theta	0		num_flag	222		inc_g_vel_x	33.3317		linear_velocity_x	0.248647
x_pos	3.86833	y_pos	0		theta	0		num_flag	223		inc_g_vel_x	33.5804		linear_velocity_x	0.248647
x_pos	3.8932	y_pos	0		theta	0		num_flag	224		inc_g_vel_x	33.829		linear_velocity_x	0.248647
x_pos	3.91806	y_pos	0		theta	0		num_flag	225		inc_g_vel_x	34.0777		linear_velocity_x	0.248647
x_pos	3.94291	y_pos	0		theta	0		num_flag	225		inc_g_vel_x	34.3263		linear_velocity_x	0.248647
x_pos	3.94292	y_pos	0		theta	0		num_flag	227		inc_g_vel_x	34.575		linear_velocity_x	0.248647
x_pos	3.94294	y_pos	0		theta	0		num_flag	227		inc_g_vel_x	34.8236		linear_velocity_x	0.248647
x_pos	3.99264	y_pos	0		theta	0		num_flag	228		inc_g_vel_x	35.0723		linear_velocity_x	0.248647
x_pos	4.0175	y_pos	0		theta	0		num_flag	229		inc_g_vel_x	35.3209		linear_velocity_x	0.248647
x_pos	4.04237	y_pos	0		theta	0		num_flag	229		inc_g_vel_x	35.5696		linear_velocity_x	0.248647
x_pos	4.0921	y_pos	0		theta	0		num_flag	230		inc_g_vel_x	35.8182		linear_velocity_x	0.248647
x_pos	4.11696	y_pos	0		theta	0		num_flag	231		inc_g_vel_x	36.0669		linear_velocity_x	0.248647
x_pos	4.14183	y_pos	0		theta	0		num_flag	231		inc_g_vel_x	36.3155		linear_velocity_x	0.248647
x_pos	4.16669	y_pos	0		theta	0		num_flag	231		inc_g_vel_x	36.5641		linear_velocity_x	0.248647
x_pos	4.2413	y_pos	0		theta	0		num_flag	232		inc_g_vel_x	36.8128		linear_velocity_x	0.248647
x_pos	4.24131	y_pos	0		theta	0		num_flag	234		inc_g_vel_x	37.0614		linear_velocity_x	0.248647
x_pos	4.24132	y_pos	0		theta	0		num_flag	234		inc_g_vel_x	37.3101		linear_velocity_x	0.248647
x_pos	4.24133	y_pos	0		theta	0		num_flag	234		inc_g_vel_x	37.5587		linear_velocity_x	0.248647
x_pos	4.24134	y_pos	0		theta	0		num_flag	234		inc_g_vel_x	37.8074		linear_velocity_x	0.248647
x_pos	4.24134	y_pos	0		theta	0		num_flag	238		inc_g_vel_x	38.056		linear_velocity_x	0.248647
x_pos	4.24135	y_pos	0		theta	0		num_flag	240		inc_g_vel_x	38.3047		linear_velocity_x	0.248647
x_pos	4.24136	y_pos	0		theta	0		num_flag	240		inc_g_vel_x	38.5533		linear_velocity_x	0.248647
x_pos	4.29108	y_pos	0		theta	0		num_flag	241		inc_g_vel_x	38.802		linear_velocity_x	0.248647
x_pos	4.34079	y_pos	0		theta	0		num_flag	241		inc_g_vel_x	39.0506		linear_velocity_x	0.248647
x_pos	4.34081	y_pos	0		theta	0		num_flag	243		inc_g_vel_x	39.2993		linear_velocity_x	0.248647
x_pos	4.34082	y_pos	0		theta	0		num_flag	245		inc_g_vel_x	39.5479		linear_velocity_x	0.248647
x_pos	4.34083	y_pos	0		theta	0		num_flag	245		inc_g_vel_x	39.7966		linear_velocity_x	0.248647
x_pos	4.34084	y_pos	0		theta	0		num_flag	245		inc_g_vel_x	40.0452		linear_velocity_x	0.248647
x_pos	4.41542	y_pos	0		theta	0		num_flag	246		inc_g_vel_x	40.2938		linear_velocity_x	0.248647
x_pos	4.48999	y_pos	0		theta	0		num_flag	246		inc_g_vel_x	40.5425		linear_velocity_x	0.248647
x_pos	4.53972	y_pos	0		theta	0		num_flag	247		inc_g_vel_x	40.7911		linear_velocity_x	0.248647
x_pos	4.53973	y_pos	0		theta	0		num_flag	250		inc_g_vel_x	41.0398		linear_velocity_x	0.248647
x_pos	4.56458	y_pos	0		theta	0		num_flag	251		inc_g_vel_x	41.2884		linear_velocity_x	0.248647
x_pos	4.58942	y_pos	0		theta	0		num_flag	251		inc_g_vel_x	41.5371		linear_velocity_x	0.248647
x_pos	4.6392	y_pos	0		theta	0		num_flag	252		inc_g_vel_x	41.7857		linear_velocity_x	0.248647
x_pos	4.66403	y_pos	0		theta	0		num_flag	253		inc_g_vel_x	42.0344		linear_velocity_x	0.248647
x_pos	4.68886	y_pos	0		theta	0		num_flag	253		inc_g_vel_x	42.283		linear_velocity_x	0.248647
x_pos	4.73858	y_pos	0		theta	0		num_flag	254		inc_g_vel_x	42.5317		linear_velocity_x	0.248647
x_pos	4.7883	y_pos	0		theta	0		num_flag	254		inc_g_vel_x	42.7803		linear_velocity_x	0.248647
x_pos	4.83807	y_pos	0		theta	0		num_flag	255		inc_g_vel_x	43.029		linear_velocity_x	0.248647
x_pos	4.8629	y_pos	0		theta	0		num_flag	256		inc_g_vel_x	43.2776		linear_velocity_x	0.248647
x_pos	4.86291	y_pos	0		theta	0		num_flag	258		inc_g_vel_x	43.5263		linear_velocity_x	0.248647
x_pos	4.88777	y_pos	0		theta	0		num_flag	259		inc_g_vel_x	43.7749		linear_velocity_x	0.248647
x_pos	4.91265	y_pos	0		theta	0		num_flag	260		inc_g_vel_x	44.0235		linear_velocity_x	0.248647
x_pos	4.93754	y_pos	0		theta	0		num_flag	260		inc_g_vel_x	44.2722		linear_velocity_x	0.248647
x_pos	4.93755	y_pos	0		theta	0		num_flag	262		inc_g_vel_x	44.5208		linear_velocity_x	0.248647
x_pos	4.93757	y_pos	0		theta	0		num_flag	262		inc_g_vel_x	44.7695		linear_velocity_x	0.248647
x_pos	4.98727	y_pos	0		theta	0		num_flag	263		inc_g_vel_x	45.0181		linear_velocity_x	0.248647
x_pos	5.03698	y_pos	0		theta	0		num_flag	263		inc_g_vel_x	45.2668		linear_velocity_x	0.248647
x_pos	5.08668	y_pos	0		theta	0		num_flag	263		inc_g_vel_x	45.5154		linear_velocity_x	0.248647
x_pos	5.08669	y_pos	0		theta	0		num_flag	266		inc_g_vel_x	45.7641		linear_velocity_x	0.248647
x_pos	5.11154	y_pos	0		theta	0		num_flag	267		inc_g_vel_x	46.0127		linear_velocity_x	0.248647
x_pos	5.1364	y_pos	0		theta	0		num_flag	268		inc_g_vel_x	46.2614		linear_velocity_x	0.248647
x_pos	5.16127	y_pos	0		theta	0		num_flag	269		inc_g_vel_x	46.51		linear_velocity_x	0.248647
x_pos	5.18614	y_pos	0		theta	0		num_flag	270		inc_g_vel_x	46.7587		linear_velocity_x	0.248647
x_pos	5.21101	y_pos	0		theta	0		num_flag	271		inc_g_vel_x	47.0073		linear_velocity_x	0.248647
x_pos	5.23587	y_pos	0		theta	0		num_flag	272		inc_g_vel_x	47.256		linear_velocity_x	0.248647
x_pos	5.26073	y_pos	0		theta	0		num_flag	272		inc_g_vel_x	47.5046		linear_velocity_x	0.248647
x_pos	5.28559	y_pos	0		theta	0		num_flag	272		inc_g_vel_x	47.7532		linear_velocity_x	0.248647
x_pos	5.36016	y_pos	0		theta	0		num_flag	273		inc_g_vel_x	48.0019		linear_velocity_x	0.248647
x_pos	5.36018	y_pos	0		theta	0		num_flag	276		inc_g_vel_x	48.2505		linear_velocity_x	0.248647
x_pos	5.36019	y_pos	0		theta	0		num_flag	276		inc_g_vel_x	48.4992		linear_velocity_x	0.248647
x_pos	5.3602	y_pos	0		theta	0		num_flag	276		inc_g_vel_x	48.7478		linear_velocity_x	0.248647
x_pos	5.36021	y_pos	0		theta	0		num_flag	276		inc_g_vel_x	48.9965		linear_velocity_x	0.248647
x_pos	5.36022	y_pos	0		theta	0		num_flag	279		inc_g_vel_x	49.2451		linear_velocity_x	0.248647
x_pos	5.38507	y_pos	0		theta	0		num_flag	280		inc_g_vel_x	49.4938		linear_velocity_x	0.248647
x_pos	5.40991	y_pos	0		theta	0		num_flag	280		inc_g_vel_x	49.7424		linear_velocity_x	0.248647
x_pos	5.40992	y_pos	0		theta	0		num_flag	282		inc_g_vel_x	49.9911		linear_velocity_x	0.248647
x_pos	5.40994	y_pos	0		theta	0		num_flag	282		inc_g_vel_x	50.2397		linear_velocity_x	0.248647
x_pos	5.45964	y_pos	0		theta	0		num_flag	283		inc_g_vel_x	50.4884		linear_velocity_x	0.248647
x_pos	5.50935	y_pos	0		theta	0		num_flag	283		inc_g_vel_x	50.737		linear_velocity_x	0.248647
x_pos	5.50936	y_pos	0		theta	0		num_flag	285		inc_g_vel_x	50.9857		linear_velocity_x	0.248647
x_pos	5.53421	y_pos	0		theta	0		num_flag	286		inc_g_vel_x	51.2343		linear_velocity_x	0.248647
x_pos	5.55905	y_pos	0		theta	0		num_flag	286		inc_g_vel_x	51.4829		linear_velocity_x	0.248647
x_pos	5.58389	y_pos	0		theta	0		num_flag	286		inc_g_vel_x	51.7316		linear_velocity_x	0.248647
x_pos	5.65848	y_pos	0		theta	0		num_flag	287		inc_g_vel_x	51.9802		linear_velocity_x	0.248647
x_pos	5.65849	y_pos	0		theta	0		num_flag	289		inc_g_vel_x	52.2289		linear_velocity_x	0.248647
x_pos	5.65851	y_pos	0		theta	0		num_flag	289		inc_g_vel_x	52.4775		linear_velocity_x	0.248647
x_pos	5.70823	y_pos	0		theta	0		num_flag	290		inc_g_vel_x	52.7262		linear_velocity_x	0.248647
x_pos	5.70824	y_pos	0		theta	0		num_flag	292		inc_g_vel_x	52.9748		linear_velocity_x	0.248647
x_pos	5.70825	y_pos	0		theta	0		num_flag	292		inc_g_vel_x	53.2235		linear_velocity_x	0.248647
x_pos	5.758	y_pos	0		theta	0		num_flag	293		inc_g_vel_x	53.4721		linear_velocity_x	0.248647
x_pos	5.78285	y_pos	0		theta	0		num_flag	294		inc_g_vel_x	53.7208		linear_velocity_x	0.248647
x_pos	5.8077	y_pos	0		theta	0		num_flag	295		inc_g_vel_x	53.9694		linear_velocity_x	0.248647
x_pos	5.83257	y_pos	0		theta	0		num_flag	296		inc_g_vel_x	54.2181		linear_velocity_x	0.248647
x_pos	5.85744	y_pos	0		theta	0		num_flag	297		inc_g_vel_x	54.4667		linear_velocity_x	0.248647
x_pos	5.88232	y_pos	0		theta	0		num_flag	297		inc_g_vel_x	54.7154		linear_velocity_x	0.248647
x_pos	5.90719	y_pos	0		theta	0		num_flag	297		inc_g_vel_x	54.964		linear_velocity_x	0.248647
x_pos	5.98177	y_pos	0		theta	0		num_flag	298		inc_g_vel_x	55.2126		linear_velocity_x	0.248647
x_pos	5.98178	y_pos	0		theta	0		num_flag	300		inc_g_vel_x	55.4613		linear_velocity_x	0.248647
x_pos	6.00663	y_pos	0		theta	0		num_flag	301		inc_g_vel_x	55.7099		linear_velocity_x	0.248647
x_pos	6.0315	y_pos	0		theta	0		num_flag	302		inc_g_vel_x	55.9586		linear_velocity_x	0.248647
x_pos	6.05637	y_pos	0		theta	0		num_flag	302		inc_g_vel_x	56.2072		linear_velocity_x	0.248647
x_pos	6.05638	y_pos	0		theta	0		num_flag	304		inc_g_vel_x	56.4559		linear_velocity_x	0.248647
x_pos	6.05639	y_pos	0		theta	0		num_flag	306		inc_g_vel_x	56.7045		linear_velocity_x	0.248647
x_pos	6.0564	y_pos	0		theta	0		num_flag	306		inc_g_vel_x	56.9532		linear_velocity_x	0.248647
x_pos	6.10612	y_pos	0		theta	0		num_flag	307		inc_g_vel_x	57.2018		linear_velocity_x	0.248647
x_pos	6.13099	y_pos	0		theta	0		num_flag	308		inc_g_vel_x	57.4505		linear_velocity_x	0.248647
x_pos	6.15585	y_pos	0		theta	0		num_flag	309		inc_g_vel_x	57.6991		linear_velocity_x	0.248647
x_pos	6.1807	y_pos	0		theta	0		num_flag	309		inc_g_vel_x	57.9478		linear_velocity_x	0.248647
x_pos	6.23043	y_pos	0		theta	0		num_flag	310		inc_g_vel_x	58.1964		linear_velocity_x	0.248647
x_pos	6.2553	y_pos	0		theta	0		num_flag	311		inc_g_vel_x	58.4451		linear_velocity_x	0.248647
x_pos	6.28016	y_pos	0		theta	0		num_flag	312		inc_g_vel_x	58.6937		linear_velocity_x	0.248647
x_pos	6.30503	y_pos	0		theta	0		num_flag	313		inc_g_vel_x	58.9423		linear_velocity_x	0.248647
x_pos	6.3299	y_pos	0		theta	0		num_flag	314		inc_g_vel_x	59.191		linear_velocity_x	0.248647
x_pos	6.35476	y_pos	0		theta	0		num_flag	315		inc_g_vel_x	59.4396		linear_velocity_x	0.248647
x_pos	6.37961	y_pos	0		theta	0		num_flag	315		inc_g_vel_x	59.6883		linear_velocity_x	0.248647
x_pos	6.42934	y_pos	0		theta	0		num_flag	316		inc_g_vel_x	59.9369		linear_velocity_x	0.248647
x_pos	6.42934	y_pos	0		theta	0		num_flag	318		inc_g_vel_x	60.1856		linear_velocity_x	0.248647
x_pos	6.42935	y_pos	0		theta	0		num_flag	318		inc_g_vel_x	60.4342		linear_velocity_x	0.248647
x_pos	6.47908	y_pos	0		theta	0		num_flag	319		inc_g_vel_x	60.6829		linear_velocity_x	0.248647
x_pos	6.50394	y_pos	0		theta	0		num_flag	320		inc_g_vel_x	60.9315		linear_velocity_x	0.248647
x_pos	6.5288	y_pos	0		theta	0		num_flag	321		inc_g_vel_x	61.1802		linear_velocity_x	0.248647
x_pos	6.55366	y_pos	0		theta	0		num_flag	321		inc_g_vel_x	61.4288		linear_velocity_x	0.248647
x_pos	6.60339	y_pos	0		theta	0		num_flag	322		inc_g_vel_x	61.6775		linear_velocity_x	0.248647
x_pos	6.62826	y_pos	0		theta	0		num_flag	323		inc_g_vel_x	61.9261		linear_velocity_x	0.248647
x_pos	6.62828	y_pos	0		theta	0		num_flag	325		inc_g_vel_x	62.1748		linear_velocity_x	0.248647
x_pos	6.6283	y_pos	0		theta	0		num_flag	325		inc_g_vel_x	62.4234		linear_velocity_x	0.248647
x_pos	6.62831	y_pos	0		theta	0		num_flag	327		inc_g_vel_x	62.672		linear_velocity_x	0.248647
x_pos	6.65317	y_pos	0		theta	0		num_flag	328		inc_g_vel_x	62.9207		linear_velocity_x	0.248647
x_pos	6.67804	y_pos	0		theta	0		num_flag	329		inc_g_vel_x	63.1693		linear_velocity_x	0.248647
x_pos	6.70291	y_pos	0		theta	0		num_flag	329		inc_g_vel_x	63.418		linear_velocity_x	0.248647
x_pos	6.75263	y_pos	0		theta	0		num_flag	330		inc_g_vel_x	63.6666		linear_velocity_x	0.248647
x_pos	6.80236	y_pos	0		theta	0		num_flag	330		inc_g_vel_x	63.9153		linear_velocity_x	0.248647
x_pos	6.85209	y_pos	0		theta	0		num_flag	330		inc_g_vel_x	64.1639		linear_velocity_x	0.248647
x_pos	6.85209	y_pos	0		theta	0		num_flag	333		inc_g_vel_x	64.4126		linear_velocity_x	0.248647
x_pos	6.8521	y_pos	0		theta	0		num_flag	333		inc_g_vel_x	64.6612		linear_velocity_x	0.248647
x_pos	6.90182	y_pos	0		theta	0		num_flag	334		inc_g_vel_x	64.9099		linear_velocity_x	0.248647
x_pos	6.95155	y_pos	0		theta	0		num_flag	334		inc_g_vel_x	65.1585		linear_velocity_x	0.248647
x_pos	7.00127	y_pos	0		theta	0		num_flag	335		inc_g_vel_x	65.4072		linear_velocity_x	0.248647
x_pos	7.00128	y_pos	0		theta	0		num_flag	337		inc_g_vel_x	65.6558		linear_velocity_x	0.248647
x_pos	7.02614	y_pos	0		theta	0		num_flag	338		inc_g_vel_x	65.9045		linear_velocity_x	0.248647
x_pos	7.051	y_pos	0		theta	0		num_flag	339		inc_g_vel_x	66.1531		linear_velocity_x	0.248647
x_pos	7.07586	y_pos	0		theta	0		num_flag	339		inc_g_vel_x	66.4017		linear_velocity_x	0.248647
x_pos	7.07587	y_pos	0		theta	0		num_flag	341		inc_g_vel_x	66.6504		linear_velocity_x	0.248647
x_pos	7.07588	y_pos	0		theta	0		num_flag	341		inc_g_vel_x	66.899		linear_velocity_x	0.248647
x_pos	7.07589	y_pos	0		theta	0		num_flag	341		inc_g_vel_x	67.1477		linear_velocity_x	0.248647
x_pos	7.0759	y_pos	0		theta	0		num_flag	341		inc_g_vel_x	67.3963		linear_velocity_x	0.248647
x_pos	7.07592	y_pos	0		theta	0		num_flag	341		inc_g_vel_x	67.645		linear_velocity_x	0.248647
x_pos	7.07593	y_pos	0		theta	0		num_flag	341		inc_g_vel_x	67.8936		linear_velocity_x	0.248647
x_pos	7.07594	y_pos	0		theta	0		num_flag	341		inc_g_vel_x	68.1423		linear_velocity_x	0.248647
x_pos	7.07594	y_pos	0		theta	0		num_flag	347		inc_g_vel_x	68.3909		linear_velocity_x	0.248647
x_pos	7.10077	y_pos	0		theta	0		num_flag	348		inc_g_vel_x	68.6396		linear_velocity_x	0.248647
x_pos	7.12561	y_pos	0		theta	0		num_flag	348		inc_g_vel_x	68.8882		linear_velocity_x	0.248647
x_pos	7.15044	y_pos	0		theta	0		num_flag	348		inc_g_vel_x	69.1369		linear_velocity_x	0.248647
x_pos	7.22503	y_pos	0		theta	0		num_flag	349		inc_g_vel_x	69.3855		linear_velocity_x	0.248647
x_pos	7.22505	y_pos	0		theta	0		num_flag	351		inc_g_vel_x	69.6342		linear_velocity_x	0.248647
x_pos	7.22506	y_pos	0		theta	0		num_flag	351		inc_g_vel_x	69.8828		linear_velocity_x	0.248647
x_pos	7.22507	y_pos	0		theta	0		num_flag	353		inc_g_vel_x	70.1314		linear_velocity_x	0.248647
x_pos	7.22508	y_pos	0		theta	0		num_flag	353		inc_g_vel_x	70.3801		linear_velocity_x	0.248647
x_pos	7.2251	y_pos	0		theta	0		num_flag	353		inc_g_vel_x	70.6287		linear_velocity_x	0.248647
x_pos	7.29968	y_pos	0		theta	0		num_flag	354		inc_g_vel_x	70.8774		linear_velocity_x	0.248647
x_pos	7.29968	y_pos	0		theta	0		num_flag	357		inc_g_vel_x	71.126		linear_velocity_x	0.248647
x_pos	7.29969	y_pos	0		theta	0		num_flag	357		inc_g_vel_x	71.3747		linear_velocity_x	0.248647
x_pos	7.29969	y_pos	0		theta	0		num_flag	357		inc_g_vel_x	71.6233		linear_velocity_x	0.248647
x_pos	7.2997	y_pos	0		theta	0		num_flag	359		inc_g_vel_x	71.872		linear_velocity_x	0.248647
x_pos	7.29971	y_pos	0		theta	0		num_flag	359		inc_g_vel_x	72.1206		linear_velocity_x	0.248647
x_pos	7.29973	y_pos	0		theta	0		num_flag	361		inc_g_vel_x	72.3693		linear_velocity_x	0.248647
x_pos	7.32456	y_pos	0		theta	0		num_flag	362		inc_g_vel_x	72.6179		linear_velocity_x	0.248647
x_pos	7.3494	y_pos	0		theta	0		num_flag	362		inc_g_vel_x	72.8666		linear_velocity_x	0.248647
x_pos	7.39915	y_pos	0		theta	0		num_flag	363		inc_g_vel_x	73.1152		linear_velocity_x	0.248647
x_pos	7.42401	y_pos	0		theta	0		num_flag	364		inc_g_vel_x	73.3639		linear_velocity_x	0.248647
x_pos	7.44888	y_pos	0		theta	0		num_flag	365		inc_g_vel_x	73.6125		linear_velocity_x	0.248647
x_pos	7.47374	y_pos	0		theta	0		num_flag	366		inc_g_vel_x	73.8611		linear_velocity_x	0.248647
x_pos	7.4986	y_pos	0		theta	0		num_flag	366		inc_g_vel_x	74.1098		linear_velocity_x	0.248647
x_pos	7.49861	y_pos	0		theta	0		num_flag	368		inc_g_vel_x	74.3584		linear_velocity_x	0.248647
x_pos	7.49862	y_pos	0		theta	0		num_flag	368		inc_g_vel_x	74.6071		linear_velocity_x	0.248647
x_pos	7.54834	y_pos	0		theta	0		num_flag	369		inc_g_vel_x	74.8557		linear_velocity_x	0.248647
x_pos	7.57319	y_pos	0		theta	0		num_flag	370		inc_g_vel_x	75.1044		linear_velocity_x	0.248647
x_pos	7.59805	y_pos	0		theta	0		num_flag	371		inc_g_vel_x	75.353		linear_velocity_x	0.248647
x_pos	7.62291	y_pos	0		theta	0		num_flag	372		inc_g_vel_x	75.6017		linear_velocity_x	0.248647
x_pos	7.64778	y_pos	0		theta	0		num_flag	373		inc_g_vel_x	75.8503		linear_velocity_x	0.248647
x_pos	7.67265	y_pos	0		theta	0		num_flag	373		inc_g_vel_x	76.099		linear_velocity_x	0.248647
x_pos	7.69751	y_pos	0		theta	0		num_flag	373		inc_g_vel_x	76.3476		linear_velocity_x	0.248647
x_pos	7.72238	y_pos	0		theta	0		num_flag	373		inc_g_vel_x	76.5963		linear_velocity_x	0.248647
x_pos	7.72239	y_pos	0		theta	0		num_flag	377		inc_g_vel_x	76.8449		linear_velocity_x	0.248647
x_pos	7.72239	y_pos	0		theta	0		num_flag	377		inc_g_vel_x	77.0936		linear_velocity_x	0.248647
x_pos	7.7224	y_pos	0		theta	0		num_flag	377		inc_g_vel_x	77.3422		linear_velocity_x	0.248647
x_pos	7.72241	y_pos	0	?????	theta	0		num_flag	380		inc_g_vel_x	77.5908		linear_velocity_x	0.248647
x_pos	7.72241	y_pos	0	>>>>>>>	theta	0		num_flag	380		inc_g_vel_x	77.8395		linear_velocity_x	0.248647
x_pos	7.72242	y_pos	0		theta	0		num_flag	382		inc_g_vel_x	78.0881		linear_velocity_x	0.248647
x_pos	7.72243	y_pos	0		theta	0		num_flag	382		inc_g_vel_x	78.3368		linear_velocity_x	0.248647
x_pos	7.77215	y_pos	0		theta	0		num_flag	383		inc_g_vel_x	78.5854		linear_velocity_x	0.248647
x_pos	7.79702	y_pos	0		theta	0		num_flag	384		inc_g_vel_x	78.8341		linear_velocity_x	0.248647
x_pos	7.82189	y_pos	0		theta	0		num_flag	384		inc_g_vel_x	79.0827		linear_velocity_x	0.248647
x_pos	7.84676	y_pos	0		theta	0		num_flag	384		inc_g_vel_x	79.3314		linear_velocity_x	0.248647
x_pos	7.84676	y_pos	0		theta	0		num_flag	387		inc_g_vel_x	79.58		linear_velocity_x	0.248647
x_pos	7.87161	y_pos	0		theta	0		num_flag	388		inc_g_vel_x	79.8287		linear_velocity_x	0.248647
x_pos	7.89645	y_pos	0		theta	0		num_flag	388		inc_g_vel_x	80.0773		linear_velocity_x	0.248647
x_pos	7.94617	y_pos	0		theta	0		num_flag	389		inc_g_vel_x	80.326		linear_velocity_x	0.248647
x_pos	7.97103	y_pos	0		theta	0		num_flag	390		inc_g_vel_x	80.5746		linear_velocity_x	0.248647
x_pos	7.9959	y_pos	0		theta	0		num_flag	391		inc_g_vel_x	80.8233		linear_velocity_x	0.248647
x_pos	8.02076	y_pos	0		theta	0		num_flag	392		inc_g_vel_x	81.0719		linear_velocity_x	0.248647
x_pos	8.04562	y_pos	0		theta	0		num_flag	392		inc_g_vel_x	81.3205		linear_velocity_x	0.248647
x_pos	8.07048	y_pos	0		theta	0		num_flag	392		inc_g_vel_x	81.5692		linear_velocity_x	0.248647
x_pos	8.07049	y_pos	0		theta	0		num_flag	394		inc_g_vel_x	81.8178		linear_velocity_x	0.248647
x_pos	8.09536	y_pos	0		theta	0		num_flag	395		inc_g_vel_x	82.0665		linear_velocity_x	0.248647
x_pos	8.12022	y_pos	0		theta	0		num_flag	395		inc_g_vel_x	82.3151		linear_velocity_x	0.248647
x_pos	8.16994	y_pos	0		theta	0		num_flag	396		inc_g_vel_x	82.5638		linear_velocity_x	0.248647
x_pos	8.1948	y_pos	0		theta	0		num_flag	397		inc_g_vel_x	82.8124		linear_velocity_x	0.248647
x_pos	8.21968	y_pos	0		theta	0		num_flag	398		inc_g_vel_x	83.0611		linear_velocity_x	0.248647
x_pos	8.24455	y_pos	0		theta	0		num_flag	399		inc_g_vel_x	83.3097		linear_velocity_x	0.248647
x_pos	8.26942	y_pos	0		theta	0		num_flag	399		inc_g_vel_x	83.5584		linear_velocity_x	0.248647
x_pos	8.31916	y_pos	0		theta	0		num_flag	400		inc_g_vel_x	83.807		linear_velocity_x	0.248647
x_pos	8.31917	y_pos	0		theta	0		num_flag	402		inc_g_vel_x	84.0557		linear_velocity_x	0.248647
x_pos	8.31918	y_pos	0		theta	0		num_flag	404		inc_g_vel_x	84.3043		linear_velocity_x	0.248647
x_pos	8.34404	y_pos	0		theta	0		num_flag	405		inc_g_vel_x	84.553		linear_velocity_x	0.248647
x_pos	8.3689	y_pos	0		theta	0		num_flag	406		inc_g_vel_x	84.8016		linear_velocity_x	0.248647
x_pos	8.39376	y_pos	0		theta	0		num_flag	407		inc_g_vel_x	85.0502		linear_velocity_x	0.248647
x_pos	8.41863	y_pos	0		theta	0		num_flag	407		inc_g_vel_x	85.2989		linear_velocity_x	0.248647
x_pos	8.46837	y_pos	0		theta	0		num_flag	408		inc_g_vel_x	85.5475		linear_velocity_x	0.248647
x_pos	8.5181	y_pos	0		theta	0		num_flag	408		inc_g_vel_x	85.7962		linear_velocity_x	0.248647
x_pos	8.56782	y_pos	0		theta	0		num_flag	409		inc_g_vel_x	86.0448		linear_velocity_x	0.248647
x_pos	8.5927	y_pos	0		theta	0		num_flag	410		inc_g_vel_x	86.2935		linear_velocity_x	0.248647
x_pos	8.61757	y_pos	0		theta	0		num_flag	411		inc_g_vel_x	86.5421		linear_velocity_x	0.248647
x_pos	8.64242	y_pos	0		theta	0		num_flag	412		inc_g_vel_x	86.7908		linear_velocity_x	0.248647
x_pos	8.66728	y_pos	0		theta	0		num_flag	412		inc_g_vel_x	87.0394		linear_velocity_x	0.248647
x_pos	8.69213	y_pos	0		theta	0		num_flag	412		inc_g_vel_x	87.2881		linear_velocity_x	0.248647
x_pos	8.76672	y_pos	0		theta	0		num_flag	413		inc_g_vel_x	87.5367		linear_velocity_x	0.248647
x_pos	8.76673	y_pos	0		theta	0		num_flag	416		inc_g_vel_x	87.7854		linear_velocity_x	0.248647
x_pos	8.76673	y_pos	0		theta	0		num_flag	416		inc_g_vel_x	88.034		linear_velocity_x	0.248647
x_pos	8.76674	y_pos	0		theta	0		num_flag	416		inc_g_vel_x	88.2827		linear_velocity_x	0.248647
x_pos	8.76675	y_pos	0		theta	0		num_flag	416		inc_g_vel_x	88.5313		linear_velocity_x	0.248647
x_pos	8.76676	y_pos	0		theta	0		num_flag	416		inc_g_vel_x	88.7799		linear_velocity_x	0.248647
x_pos	8.89108	y_pos	0		theta	0		num_flag	417		inc_g_vel_x	89.0286		linear_velocity_x	0.248647
x_pos	8.89109	y_pos	0		theta	0		num_flag	421		inc_g_vel_x	89.2772		linear_velocity_x	0.248647
x_pos	8.89109	y_pos	0		theta	0		num_flag	421		inc_g_vel_x	89.5259		linear_velocity_x	0.248647
x_pos	8.8911	y_pos	0		theta	0		num_flag	423		inc_g_vel_x	89.7745		linear_velocity_x	0.248647
x_pos	8.91593	y_pos	0		theta	0		num_flag	424		inc_g_vel_x	90.0232		linear_velocity_x	0.248647
x_pos	8.9408	y_pos	0		theta	0		num_flag	425		inc_g_vel_x	90.2718		linear_velocity_x	0.248647
x_pos	8.96567	y_pos	0		theta	0		num_flag	425		inc_g_vel_x	90.5205		linear_velocity_x	0.248647
x_pos	9.01542	y_pos	0		theta	0		num_flag	426		inc_g_vel_x	90.7691		linear_velocity_x	0.248647
x_pos	9.04028	y_pos	0		theta	0		num_flag	427		inc_g_vel_x	91.0178		linear_velocity_x	0.248647
x_pos	9.06514	y_pos	0		theta	0		num_flag	428		inc_g_vel_x	91.2664		linear_velocity_x	0.248647
x_pos	9.09001	y_pos	0		theta	0		num_flag	429		inc_g_vel_x	91.5151		linear_velocity_x	0.248647
x_pos	9.11487	y_pos	0		theta	0		num_flag	430		inc_g_vel_x	91.7637		linear_velocity_x	0.248647
x_pos	9.13974	y_pos	0		theta	0		num_flag	431		inc_g_vel_x	92.0124		linear_velocity_x	0.248647
x_pos	9.1646	y_pos	0		theta	0		num_flag	432		inc_g_vel_x	92.261		linear_velocity_x	0.248647
x_pos	9.18946	y_pos	0		theta	0		num_flag	433		inc_g_vel_x	92.5096		linear_velocity_x	0.248647
x_pos	9.21432	y_pos	0		theta	0		num_flag	434		inc_g_vel_x	92.7583		linear_velocity_x	0.248647
x_pos	9.23919	y_pos	0		theta	0		num_flag	435		inc_g_vel_x	93.0069		linear_velocity_x	0.248647
x_pos	9.26405	y_pos	0		theta	0		num_flag	436		inc_g_vel_x	93.2556		linear_velocity_x	0.248647
x_pos	9.28891	y_pos	0		theta	0		num_flag	436		inc_g_vel_x	93.5042		linear_velocity_x	0.248647
x_pos	9.33864	y_pos	0		theta	0		num_flag	437		inc_g_vel_x	93.7529		linear_velocity_x	0.248647
x_pos	9.38837	y_pos	0		theta	0		num_flag	437		inc_g_vel_x	94.0015		linear_velocity_x	0.248647
x_pos	9.38838	y_pos	0		theta	0		num_flag	439		inc_g_vel_x	94.2502		linear_velocity_x	0.248647
x_pos	9.41322	y_pos	0		theta	0		num_flag	440		inc_g_vel_x	94.4988		linear_velocity_x	0.248647
x_pos	9.43809	y_pos	0		theta	0		num_flag	441		inc_g_vel_x	94.7475		linear_velocity_x	0.248647
x_pos	9.46296	y_pos	0		theta	0		num_flag	441		inc_g_vel_x	94.9961		linear_velocity_x	0.248647
x_pos	9.48782	y_pos	0		theta	0		num_flag	441		inc_g_vel_x	95.2448		linear_velocity_x	0.248647
x_pos	9.56241	y_pos	0		theta	0		num_flag	442		inc_g_vel_x	95.4934		linear_velocity_x	0.248647
x_pos	9.637	y_pos	0		theta	0		num_flag	442		inc_g_vel_x	95.7421		linear_velocity_x	0.248647
x_pos	9.71158	y_pos	0		theta	0		num_flag	442		inc_g_vel_x	95.9907		linear_velocity_x	0.248647
x_pos	9.78617	y_pos	0		theta	0		num_flag	442		inc_g_vel_x	96.2393		linear_velocity_x	0.248647
x_pos	9.88564	y_pos	0		theta	0		num_flag	443		inc_g_vel_x	96.488		linear_velocity_x	0.248647
x_pos	9.98511	y_pos	0		theta	0		num_flag	443		inc_g_vel_x	96.7366		linear_velocity_x	0.248647
x_pos	9.98512	y_pos	0		theta	0		num_flag	448		inc_g_vel_x	96.9853		linear_velocity_x	0.248647
x_pos	10.0099	y_pos	0		theta	0		num_flag	449		inc_g_vel_x	97.2339		linear_velocity_x	0.248647
x_pos	10.0348	y_pos	0		theta	0		num_flag	450		inc_g_vel_x	97.4826		linear_velocity_x	0.248647
x_pos	10.0597	y_pos	0		theta	0		num_flag	450		inc_g_vel_x	97.7312		linear_velocity_x	0.248647
x_pos	10.0597	y_pos	0		theta	0		num_flag	452		inc_g_vel_x	97.9799		linear_velocity_x	0.248647
x_pos	10.0597	y_pos	0		theta	0		num_flag	452		inc_g_vel_x	98.2285		linear_velocity_x	0.248647
x_pos	10.0597	y_pos	0		theta	0		num_flag	452		inc_g_vel_x	98.4772		linear_velocity_x	0.248647
x_pos	10.0598	y_pos	0		theta	0		num_flag	452		inc_g_vel_x	98.7258		linear_velocity_x	0.248647
x_pos	10.0598	y_pos	0		theta	0		num_flag	455		inc_g_vel_x	98.9745		linear_velocity_x	0.248647
x_pos	10.0846	y_pos	0		theta	0		num_flag	456		inc_g_vel_x	99.2231		linear_velocity_x	0.248647
x_pos	10.1095	y_pos	0		theta	0		num_flag	456		inc_g_vel_x	99.4718		linear_velocity_x	0.248647
x_pos	10.1343	y_pos	0		theta	0		num_flag	456		inc_g_vel_x	99.7204		linear_velocity_x	0.248647
x_pos	10.2089	y_pos	0		theta	0		num_flag	457		inc_g_vel_x	99.969		linear_velocity_x	0.248647
x_pos	10.2089	y_pos	0		theta	0		num_flag	459		inc_g_vel_x	100.218		linear_velocity_x	0.248647
x_pos	10.2089	y_pos	0		theta	0		num_flag	459		inc_g_vel_x	100.466		linear_velocity_x	0.248647
x_pos	10.2089	y_pos	0		theta	0		num_flag	462		inc_g_vel_x	100.715		linear_velocity_x	0.248647
x_pos	10.2337	y_pos	0		theta	0		num_flag	463		inc_g_vel_x	100.964		linear_velocity_x	0.248647
x_pos	10.2586	y_pos	0		theta	0		num_flag	464		inc_g_vel_x	101.212		linear_velocity_x	0.248647
x_pos	10.2835	y_pos	0		theta	0		num_flag	465		inc_g_vel_x	101.461		linear_velocity_x	0.248647
x_pos	10.3084	y_pos	0		theta	0		num_flag	465		inc_g_vel_x	101.71		linear_velocity_x	0.248647
x_pos	10.3084	y_pos	0		theta	0		num_flag	467		inc_g_vel_x	101.958		linear_velocity_x	0.248647
x_pos	10.3084	y_pos	0		theta	0		num_flag	467		inc_g_vel_x	102.207		linear_velocity_x	0.248647
x_pos	10.3581	y_pos	0		theta	0		num_flag	468		inc_g_vel_x	102.456		linear_velocity_x	0.248647
x_pos	10.383	y_pos	0		theta	0		num_flag	469		inc_g_vel_x	102.704		linear_velocity_x	0.248647
x_pos	10.4078	y_pos	0		theta	0		num_flag	470		inc_g_vel_x	102.953		linear_velocity_x	0.248647
x_pos	10.4327	y_pos	0		theta	0		num_flag	471		inc_g_vel_x	103.201		linear_velocity_x	0.248647
x_pos	10.4576	y_pos	0		theta	0		num_flag	471		inc_g_vel_x	103.45		linear_velocity_x	0.248647
x_pos	10.5073	y_pos	0		theta	0		num_flag	472		inc_g_vel_x	103.699		linear_velocity_x	0.248647
x_pos	10.557	y_pos	0		theta	0		num_flag	472		inc_g_vel_x	103.947		linear_velocity_x	0.248647
x_pos	10.6067	y_pos	0		theta	0		num_flag	472		inc_g_vel_x	104.196		linear_velocity_x	0.248647
x_pos	10.6813	y_pos	0		theta	0		num_flag	473		inc_g_vel_x	104.445		linear_velocity_x	0.248647
x_pos	10.7062	y_pos	0		theta	0		num_flag	474		inc_g_vel_x	104.693		linear_velocity_x	0.248647
x_pos	10.7311	y_pos	0		theta	0		num_flag	474		inc_g_vel_x	104.942		linear_velocity_x	0.248647
x_pos	10.7808	y_pos	0		theta	0		num_flag	475		inc_g_vel_x	105.191		linear_velocity_x	0.248647
x_pos	10.8305	y_pos	0		theta	0		num_flag	475		inc_g_vel_x	105.439		linear_velocity_x	0.248647
x_pos	10.8305	y_pos	0		theta	0		num_flag	478		inc_g_vel_x	105.688		linear_velocity_x	0.248647
x_pos	10.8554	y_pos	0		theta	0		num_flag	479		inc_g_vel_x	105.937		linear_velocity_x	0.248647
x_pos	10.8802	y_pos	0		theta	0		num_flag	480		inc_g_vel_x	106.185		linear_velocity_x	0.248647
x_pos	10.9051	y_pos	0		theta	0		num_flag	481		inc_g_vel_x	106.434		linear_velocity_x	0.248647
x_pos	10.93	y_pos	0		theta	0		num_flag	481		inc_g_vel_x	106.683		linear_velocity_x	0.248647
x_pos	10.9548	y_pos	0		theta	0		num_flag	481		inc_g_vel_x	106.931		linear_velocity_x	0.248647
x_pos	10.9797	y_pos	0		theta	0		num_flag	481		inc_g_vel_x	107.18		linear_velocity_x	0.248647
x_pos	11.0046	y_pos	0		theta	0		num_flag	481		inc_g_vel_x	107.428		linear_velocity_x	0.248647
x_pos	11.0294	y_pos	0		theta	0		num_flag	481		inc_g_vel_x	107.677		linear_velocity_x	0.248647
x_pos	11.0543	y_pos	0		theta	0		num_flag	481		inc_g_vel_x	107.926		linear_velocity_x	0.248647
x_pos	11.2284	y_pos	0		theta	0		num_flag	482		inc_g_vel_x	108.174		linear_velocity_x	0.248647
x_pos	11.4024	y_pos	0		theta	0		num_flag	482		inc_g_vel_x	108.423		linear_velocity_x	0.248647
x_pos	11.4024	y_pos	0		theta	0		num_flag	490		inc_g_vel_x	108.672		linear_velocity_x	0.248647
x_pos	11.4272	y_pos	0		theta	0		num_flag	491		inc_g_vel_x	108.92		linear_velocity_x	0.248647
x_pos	11.4521	y_pos	0		theta	0		num_flag	492		inc_g_vel_x	109.169		linear_velocity_x	0.248647
x_pos	11.477	y_pos	0		theta	0		num_flag	492		inc_g_vel_x	109.418		linear_velocity_x	0.248647
x_pos	11.5267	y_pos	0		theta	0		num_flag	493		inc_g_vel_x	109.666		linear_velocity_x	0.248647
x_pos	11.5516	y_pos	0		theta	0		num_flag	494		inc_g_vel_x	109.915		linear_velocity_x	0.248647
x_pos	11.5764	y_pos	0		theta	0		num_flag	495		inc_g_vel_x	110.164		linear_velocity_x	0.248647
x_pos	11.6013	y_pos	0		theta	0		num_flag	496		inc_g_vel_x	110.412		linear_velocity_x	0.248647
x_pos	11.6262	y_pos	0		theta	0		num_flag	497		inc_g_vel_x	110.661		linear_velocity_x	0.248647
x_pos	11.651	y_pos	0		theta	0		num_flag	498		inc_g_vel_x	110.909		linear_velocity_x	0.248647
x_pos	11.6759	y_pos	0		theta	0		num_flag	499		inc_g_vel_x	111.158		linear_velocity_x	0.248647
x_pos	11.7008	y_pos	0		theta	0		num_flag	499		inc_g_vel_x	111.407		linear_velocity_x	0.248647
x_pos	11.7505	y_pos	0		theta	0		num_flag	500		inc_g_vel_x	111.655		linear_velocity_x	0.248647
x_pos	11.7505	y_pos	0		theta	0		num_flag	502		inc_g_vel_x	111.904		linear_velocity_x	0.248647
x_pos	11.7754	y_pos	0		theta	0		num_flag	503		inc_g_vel_x	112.153		linear_velocity_x	0.248647
x_pos	11.8002	y_pos	0		theta	0		num_flag	503		inc_g_vel_x	112.401		linear_velocity_x	0.248647
x_pos	11.85	y_pos	0		theta	0		num_flag	504		inc_g_vel_x	112.65		linear_velocity_x	0.248647
x_pos	11.8748	y_pos	0		theta	0		num_flag	505		inc_g_vel_x	112.899		linear_velocity_x	0.248647
x_pos	11.8997	y_pos	0		theta	0		num_flag	505		inc_g_vel_x	113.147		linear_velocity_x	0.248647
x_pos	11.9494	y_pos	0		theta	0		num_flag	506		inc_g_vel_x	113.396		linear_velocity_x	0.248647
x_pos	11.9743	y_pos	0		theta	0		num_flag	507		inc_g_vel_x	113.645		linear_velocity_x	0.248647
x_pos	11.9992	y_pos	0		theta	0		num_flag	507		inc_g_vel_x	113.893		linear_velocity_x	0.248647
x_pos	12.0489	y_pos	0		theta	0		num_flag	508		inc_g_vel_x	114.142		linear_velocity_x	0.248647
x_pos	12.0738	y_pos	0		theta	0		num_flag	509		inc_g_vel_x	114.391		linear_velocity_x	0.248647
x_pos	12.0986	y_pos	0		theta	0		num_flag	510		inc_g_vel_x	114.639		linear_velocity_x	0.248647
x_pos	12.0986	y_pos	0		theta	0		num_flag	512		inc_g_vel_x	114.888		linear_velocity_x	0.248647
x_pos	12.1235	y_pos	0		theta	0		num_flag	513		inc_g_vel_x	115.136		linear_velocity_x	0.248647
x_pos	12.1483	y_pos	0		theta	0		num_flag	514		inc_g_vel_x	115.385		linear_velocity_x	0.248647
x_pos	12.1732	y_pos	0		theta	0		num_flag	515		inc_g_vel_x	115.634		linear_velocity_x	0.248647
x_pos	12.1981	y_pos	0		theta	0		num_flag	516		inc_g_vel_x	115.882		linear_velocity_x	0.248647
x_pos	12.2229	y_pos	0		theta	0		num_flag	516		inc_g_vel_x	116.131		linear_velocity_x	0.248647
x_pos	12.2727	y_pos	0		theta	0		num_flag	517		inc_g_vel_x	116.38		linear_velocity_x	0.248647
x_pos	12.2975	y_pos	0		theta	0		num_flag	518		inc_g_vel_x	116.628		linear_velocity_x	0.248647
x_pos	12.3224	y_pos	0		theta	0		num_flag	518		inc_g_vel_x	116.877		linear_velocity_x	0.248647
x_pos	12.3722	y_pos	0		theta	0		num_flag	519		inc_g_vel_x	117.126		linear_velocity_x	0.248647
x_pos	12.3722	y_pos	0		theta	0		num_flag	521		inc_g_vel_x	117.374		linear_velocity_x	0.248647
x_pos	12.397	y_pos	0		theta	0		num_flag	522		inc_g_vel_x	117.623		linear_velocity_x	0.248647
x_pos	12.4219	y_pos	0		theta	0		num_flag	522		inc_g_vel_x	117.872		linear_velocity_x	0.248647
x_pos	12.4467	y_pos	0		theta	0		num_flag	522		inc_g_vel_x	118.12		linear_velocity_x	0.248647
x_pos	12.4716	y_pos	0		theta	0		num_flag	522		inc_g_vel_x	118.369		linear_velocity_x	0.248647
x_pos	12.4965	y_pos	0		theta	0		num_flag	522		inc_g_vel_x	118.618		linear_velocity_x	0.248647
x_pos	12.5213	y_pos	0		theta	0		num_flag	522		inc_g_vel_x	118.866		linear_velocity_x	0.248647
x_pos	12.5462	y_pos	0		theta	0		num_flag	522		inc_g_vel_x	119.115		linear_velocity_x	0.248647
x_pos	12.5462	y_pos	0		theta	0		num_flag	528		inc_g_vel_x	119.363		linear_velocity_x	0.248647
x_pos	12.571	y_pos	0		theta	0		num_flag	529		inc_g_vel_x	119.612		linear_velocity_x	0.248647
x_pos	12.5959	y_pos	0		theta	0		num_flag	530		inc_g_vel_x	119.861		linear_velocity_x	0.248647
x_pos	12.6207	y_pos	0		theta	0		num_flag	530		inc_g_vel_x	120.109		linear_velocity_x	0.248647
x_pos	12.6705	y_pos	0		theta	0		num_flag	531		inc_g_vel_x	120.358		linear_velocity_x	0.248647
x_pos	12.7202	y_pos	0		theta	0		num_flag	531		inc_g_vel_x	120.607		linear_velocity_x	0.248647
x_pos	12.7202	y_pos	0		theta	0		num_flag	533		inc_g_vel_x	120.855		linear_velocity_x	0.248647
x_pos	12.7202	y_pos	0		theta	0		num_flag	533		inc_g_vel_x	121.104		linear_velocity_x	0.248647
x_pos	12.7699	y_pos	0		theta	0		num_flag	534		inc_g_vel_x	121.353		linear_velocity_x	0.248647
x_pos	12.8197	y_pos	0		theta	0		num_flag	534		inc_g_vel_x	121.601		linear_velocity_x	0.248647
x_pos	12.8694	y_pos	0		theta	0		num_flag	534		inc_g_vel_x	121.85		linear_velocity_x	0.248647
x_pos	12.8694	y_pos	0		theta	0		num_flag	538		inc_g_vel_x	122.099		linear_velocity_x	0.248647
x_pos	12.8942	y_pos	0		theta	0		num_flag	539		inc_g_vel_x	122.347		linear_velocity_x	0.248647
x_pos	12.9191	y_pos	0		theta	0		num_flag	540		inc_g_vel_x	122.596		linear_velocity_x	0.248647
x_pos	12.944	y_pos	0		theta	0		num_flag	540		inc_g_vel_x	122.845		linear_velocity_x	0.248647
x_pos	12.9688	y_pos	0		theta	0		num_flag	540		inc_g_vel_x	123.093		linear_velocity_x	0.248647
x_pos	12.9937	y_pos	0		theta	0		num_flag	540		inc_g_vel_x	123.342		linear_velocity_x	0.248647
x_pos	13.0186	y_pos	0		theta	0		num_flag	540		inc_g_vel_x	123.59		linear_velocity_x	0.248647
x_pos	13.1429	y_pos	0		theta	0		num_flag	541		inc_g_vel_x	123.839		linear_velocity_x	0.248647
x_pos	13.2672	y_pos	0		theta	0		num_flag	541		inc_g_vel_x	124.088		linear_velocity_x	0.248647
x_pos	13.3915	y_pos	0		theta	0		num_flag	541		inc_g_vel_x	124.336		linear_velocity_x	0.248647
x_pos	13.3915	y_pos	0		theta	0		num_flag	547		inc_g_vel_x	124.585		linear_velocity_x	0.248647
x_pos	13.3915	y_pos	0		theta	0		num_flag	547		inc_g_vel_x	124.834		linear_velocity_x	0.248647
x_pos	13.3915	y_pos	0		theta	0		num_flag	547		inc_g_vel_x	125.082		linear_velocity_x	0.248647
x_pos	13.4661	y_pos	0		theta	0		num_flag	548		inc_g_vel_x	125.331		linear_velocity_x	0.248647
x_pos	13.491	y_pos	0		theta	0		num_flag	549		inc_g_vel_x	125.58		linear_velocity_x	0.248647
x_pos	13.5158	y_pos	0		theta	0		num_flag	549		inc_g_vel_x	125.828		linear_velocity_x	0.248647
x_pos	13.5158	y_pos	0		theta	0		num_flag	552		inc_g_vel_x	126.077		linear_velocity_x	0.248647
x_pos	13.5159	y_pos	0		theta	0		num_flag	552		inc_g_vel_x	126.326		linear_velocity_x	0.248647
x_pos	13.5159	y_pos	0		theta	0		num_flag	554		inc_g_vel_x	126.574		linear_velocity_x	0.248647
x_pos	13.5407	y_pos	0		theta	0		num_flag	555		inc_g_vel_x	126.823		linear_velocity_x	0.248647
x_pos	13.5656	y_pos	0		theta	0		num_flag	556		inc_g_vel_x	127.072		linear_velocity_x	0.248647
x_pos	13.5905	y_pos	0		theta	0		num_flag	556		inc_g_vel_x	127.32		linear_velocity_x	0.248647
x_pos	13.6402	y_pos	0		theta	0		num_flag	557		inc_g_vel_x	127.569		linear_velocity_x	0.248647
x_pos	13.6651	y_pos	0		theta	0		num_flag	558		inc_g_vel_x	127.817		linear_velocity_x	0.248647
x_pos	13.6899	y_pos	0		theta	0		num_flag	559		inc_g_vel_x	128.066		linear_velocity_x	0.248647
x_pos	13.7148	y_pos	0		theta	0		num_flag	560		inc_g_vel_x	128.315		linear_velocity_x	0.248647
x_pos	13.7397	y_pos	0		theta	0		num_flag	560		inc_g_vel_x	128.563		linear_velocity_x	0.248647
x_pos	13.7645	y_pos	0		theta	0		num_flag	560		inc_g_vel_x	128.812		linear_velocity_x	0.248647
x_pos	13.7894	y_pos	0		theta	0		num_flag	560		inc_g_vel_x	129.061		linear_velocity_x	0.248647
x_pos	13.8142	y_pos	0		theta	0		num_flag	560		inc_g_vel_x	129.309		linear_velocity_x	0.248647
x_pos	13.8391	y_pos	0		theta	0		num_flag	560		inc_g_vel_x	129.558		linear_velocity_x	0.248647
x_pos	13.9883	y_pos	0		theta	0		num_flag	561		inc_g_vel_x	129.807		linear_velocity_x	0.248647
x_pos	13.9883	y_pos	0		theta	0		num_flag	563		inc_g_vel_x	130.055		linear_velocity_x	0.248647
x_pos	13.9883	y_pos	0		theta	0		num_flag	566		inc_g_vel_x	130.304		linear_velocity_x	0.248647
x_pos	13.9883	y_pos	0		theta	0		num_flag	568		inc_g_vel_x	130.553		linear_velocity_x	0.248647
x_pos	14.0132	y_pos	0		theta	0		num_flag	569		inc_g_vel_x	130.801		linear_velocity_x	0.248647
x_pos	14.038	y_pos	0		theta	0		num_flag	570		inc_g_vel_x	131.05		linear_velocity_x	0.248647
x_pos	14.0629	y_pos	0		theta	0		num_flag	571		inc_g_vel_x	131.299		linear_velocity_x	0.248647
x_pos	14.0878	y_pos	0		theta	0		num_flag	572		inc_g_vel_x	131.547		linear_velocity_x	0.248647
x_pos	14.1126	y_pos	0		theta	0		num_flag	572		inc_g_vel_x	131.796		linear_velocity_x	0.248647
x_pos	14.1375	y_pos	0		theta	0		num_flag	572		inc_g_vel_x	132.044		linear_velocity_x	0.248647
x_pos	14.1375	y_pos	0		theta	0		num_flag	574		inc_g_vel_x	132.293		linear_velocity_x	0.248647
x_pos	14.1624	y_pos	0		theta	0		num_flag	575		inc_g_vel_x	132.542		linear_velocity_x	0.248647
x_pos	14.1873	y_pos	0		theta	0		num_flag	576		inc_g_vel_x	132.79		linear_velocity_x	0.248647
x_pos	14.2121	y_pos	0		theta	0		num_flag	576		inc_g_vel_x	133.039		linear_velocity_x	0.248647
x_pos	14.237	y_pos	0		theta	0		num_flag	576		inc_g_vel_x	133.288		linear_velocity_x	0.248647
x_pos	14.2619	y_pos	0		theta	0		num_flag	576		inc_g_vel_x	133.536		linear_velocity_x	0.248647
x_pos	14.2868	y_pos	0		theta	0		num_flag	576		inc_g_vel_x	133.785		linear_velocity_x	0.248647
x_pos	14.3117	y_pos	0		theta	0		num_flag	576		inc_g_vel_x	134.034		linear_velocity_x	0.248647
x_pos	14.3366	y_pos	0		theta	0		num_flag	576		inc_g_vel_x	134.282		linear_velocity_x	0.248647
x_pos	14.3614	y_pos	0		theta	0		num_flag	576		inc_g_vel_x	134.531		linear_velocity_x	0.248647
x_pos	14.3863	y_pos	0		theta	0		num_flag	576		inc_g_vel_x	134.78		linear_velocity_x	0.248647
x_pos	14.4112	y_pos	0		theta	0		num_flag	576		inc_g_vel_x	135.028		linear_velocity_x	0.248647
x_pos	14.4361	y_pos	0		theta	0		num_flag	576		inc_g_vel_x	135.277		linear_velocity_x	0.248647
x_pos	14.461	y_pos	0		theta	0		num_flag	576		inc_g_vel_x	135.526		linear_velocity_x	0.248647
x_pos	14.4859	y_pos	0		theta	0		num_flag	576		inc_g_vel_x	135.774		linear_velocity_x	0.248647
