W_X	0.0496196	W_Y	-0.0236151	A	0	O_X	0	O_Y	0	g_odom_x	0	g_odom_y	0
W_X	0.0496196	W_Y	-0.0236151	A	0	O_X	0	O_Y	0	g_odom_x	0	g_odom_y	0
W_X	0.0496196	W_Y	-0.0236151	A	0	O_X	0	O_Y	0	g_odom_x	0	g_odom_y	0
W_X	0.0598636	W_Y	-0.0235393	A	0	O_X	0.0102443	O_Y	0	g_odom_x	0	g_odom_y	0
W_X	0.0706588	W_Y	-0.0234594	A	0	O_X	0.0210398	O_Y	0	g_odom_x	0	g_odom_y	0
W_X	0.0814783	W_Y	-0.0233793	A	0	O_X	0.0318596	O_Y	0	g_odom_x	0	g_odom_y	0
W_X	0.0922507	W_Y	-0.0232996	A	0	O_X	0.0426323	O_Y	0	g_odom_x	0	g_odom_y	0
W_X	0.103023	W_Y	-0.0232199	A	0	O_X	0.0534051	O_Y	0	g_odom_x	0	g_odom_y	0
W_X	0.125695	W_Y	-0.0230521	A	0	O_X	0.0760775	O_Y	0	g_odom_x	0	g_odom_y	0
W_X	0.137571	W_Y	-0.0229643	A	0	O_X	0.0879539	O_Y	0	g_odom_x	0	g_odom_y	0
W_X	0.149446	W_Y	-0.0228764	A	0	O_X	0.0998296	O_Y	0	g_odom_x	0	g_odom_y	0
W_X	0.161322	W_Y	-0.0227885	A	0	O_X	0.111706	O_Y	0	g_odom_x	0	g_odom_y	0
W_X	0.173199	W_Y	-0.0227006	A	0	O_X	0.123583	O_Y	0	g_odom_x	0	g_odom_y	0
W_X	0.186153	W_Y	-0.0226048	A	0	O_X	0.136537	O_Y	0	g_odom_x	0	g_odom_y	0
W_X	0.199108	W_Y	-0.0225089	A	0	O_X	0.149492	O_Y	0	g_odom_x	0	g_odom_y	0
W_X	0.225018	W_Y	-0.0223172	A	0	O_X	0.175404	O_Y	0	g_odom_x	0	g_odom_y	0
W_X	0.237973	W_Y	-0.0222213	A	0	O_X	0.188359	O_Y	0	g_odom_x	0	g_odom_y	0
W_X	0.251467	W_Y	-0.0221215	A	0	O_X	0.201853	O_Y	0	g_odom_x	0	g_odom_y	0
W_X	0.264965	W_Y	-0.0220216	A	0	O_X	0.215351	O_Y	0	g_odom_x	0	g_odom_y	0
W_X	0.279001	W_Y	-0.0219177	A	0	O_X	0.229388	O_Y	0	g_odom_x	0	g_odom_y	0
W_X	0.293372	W_Y	-0.0218114	A	0	O_X	0.243759	O_Y	0	g_odom_x	0	g_odom_y	0
W_X	0.307742	W_Y	-0.0217051	A	0	O_X	0.25813	O_Y	0	g_odom_x	0	g_odom_y	0
W_X	0.336542	W_Y	-0.021492	A	0	O_X	0.28693	O_Y	0	g_odom_x	0	g_odom_y	0
W_X	0.351117	W_Y	-0.0213841	A	0	O_X	0.301505	O_Y	0	g_odom_x	0	g_odom_y	0
W_X	0.366231	W_Y	-0.0212723	A	0	O_X	0.31662	O_Y	0	g_odom_x	0	g_odom_y	0
W_X	0.381339	W_Y	-0.0211605	A	0	O_X	0.331728	O_Y	0	g_odom_x	0	g_odom_y	0
W_X	0.398063	W_Y	-0.0216353	A	0	O_X	0.346845	O_Y	0	g_odom_x	0	g_odom_y	0
W_X	0.451552	W_Y	-0.0356655	A	0	O_X	0.3625	O_Y	0	g_odom_x	0	g_odom_y	0
W_X	0.479318	W_Y	-0.0404914	A	0	O_X	0.37816	O_Y	0	g_odom_x	0	g_odom_y	0
W_X	0.495509	W_Y	-0.0407937	A	0	O_X	0.394354	O_Y	0	g_odom_x	0	g_odom_y	0
W_X	0.511702	W_Y	-0.041096	A	0	O_X	0.41055	O_Y	0	g_odom_x	0	g_odom_y	0
W_X	0.527893	W_Y	-0.0413984	A	0	O_X	0.426744	O_Y	0	g_odom_x	0	g_odom_y	0
W_X	0.544624	W_Y	-0.0417108	A	0	O_X	0.443478	O_Y	0	g_odom_x	0	g_odom_y	0
W_X	0.561898	W_Y	-0.0420333	A	0	O_X	0.460755	O_Y	0	g_odom_x	0	g_odom_y	0
W_X	0.579172	W_Y	-0.0423559	A	0	O_X	0.478032	O_Y	0	g_odom_x	0	g_odom_y	0
W_X	0.613713	W_Y	-0.0430008	A	0	O_X	0.512579	O_Y	0	g_odom_x	0	g_odom_y	0
W_X	0.630984	W_Y	-0.0433233	A	0	O_X	0.529853	O_Y	0	g_odom_x	0	g_odom_y	0
W_X	0.648796	W_Y	-0.0436559	A	0	O_X	0.547668	O_Y	0	g_odom_x	0	g_odom_y	0
W_X	0.666607	W_Y	-0.0439885	A	0	O_X	0.565482	O_Y	0	g_odom_x	0	g_odom_y	0
W_X	0.684958	W_Y	-0.0443312	A	0	O_X	0.583837	O_Y	0	g_odom_x	0	g_odom_y	0
W_X	0.712276	W_Y	-0.0477649	A	0	O_X	0.602188	O_Y	0	g_odom_x	0	g_odom_y	0
W_X	0.749695	W_Y	-0.0547894	A	0	O_X	0.62054	O_Y	0	g_odom_x	0	g_odom_y	0
W_X	0.787471	W_Y	-0.0557138	A	0	O_X	0.658328	O_Y	0	g_odom_x	0	g_odom_y	0
W_X	0.806361	W_Y	-0.0561761	A	0	O_X	0.677224	O_Y	0	g_odom_x	0	g_odom_y	0
W_X	0.825789	W_Y	-0.0566516	A	0	O_X	0.696658	O_Y	0	g_odom_x	0	g_odom_y	0
W_X	0.845203	W_Y	-0.0571267	A	0	O_X	0.716077	O_Y	0	g_odom_x	0	g_odom_y	0
W_X	0.86463	W_Y	-0.0576021	A	0	O_X	0.73551	O_Y	0	g_odom_x	0	g_odom_y	0
W_X	0.884057	W_Y	-0.0580775	A	0	O_X	0.754942	O_Y	0	g_odom_x	0	g_odom_y	0
W_X	0.923983	W_Y	-0.0590546	A	0	O_X	0.79488	O_Y	0	g_odom_x	0	g_odom_y	0
W_X	0.94396	W_Y	-0.0595434	A	0	O_X	0.814863	O_Y	0	g_odom_x	0	g_odom_y	0
W_X	0.964468	W_Y	-0.0600453	A	0	O_X	0.835377	O_Y	0	g_odom_x	0	g_odom_y	0
W_X	0.984349	W_Y	-0.0696112	A	0	O_X	0.855889	O_Y	0	g_odom_x	0	g_odom_y	0
W_X	1.00361	W_Y	-0.087931	A	0	O_X	0.876404	O_Y	0	g_odom_x	0	g_odom_y	0
section	ahead	liner											
W_X	1.33626	W_Y	-0.138227	A	0	O_X	0.999503	O_Y	0	g_odom_x	0	g_odom_y	0
W_X	1.35675	W_Y	-0.139218	A	0	O_X	1.22515	O_Y	0	g_odom_x	0	g_odom_y	0
W_X	1.37724	W_Y	-0.140208	A	0	O_X	1.24566	O_Y	0	g_odom_x	0	g_odom_y	0
W_X	1.41822	W_Y	-0.142189	A	0	O_X	1.28669	O_Y	0	g_odom_x	0	g_odom_y	0
W_X	1.44134	W_Y	-0.148287	A	0	O_X	1.3072	O_Y	0	g_odom_x	0	g_odom_y	0
W_X	1.46921	W_Y	-0.163529	A	0	O_X	1.32772	O_Y	0	g_odom_x	0	g_odom_y	0
W_X	1.46921	W_Y	-0.163529	A	0	O_X	1.32772	O_Y	0	g_odom_x	0	g_odom_y	0
W_X	1.51019	W_Y	-0.165293	A	0	O_X	1.36874	O_Y	0	g_odom_x	0	g_odom_y	0
W_X	1.5307	W_Y	-0.166175	A	0	O_X	1.38927	O_Y	0	g_odom_x	0	g_odom_y	0
W_X	1.55121	W_Y	-0.167057	A	0	O_X	1.40979	O_Y	0	g_odom_x	0	g_odom_y	0
W_X	1.59218	W_Y	-0.16882	A	0	O_X	1.45081	O_Y	0	g_odom_x	0	g_odom_y	0
W_X	1.61268	W_Y	-0.169702	A	0	O_X	1.47132	O_Y	0	g_odom_x	0	g_odom_y	0
W_X	1.63515	W_Y	-0.170396	A	0	O_X	1.49183	O_Y	0	g_odom_x	0	g_odom_y	0
W_X	1.67353	W_Y	-0.169646	A	0	O_X	1.51235	O_Y	0	g_odom_x	0	g_odom_y	0
W_X	1.69852	W_Y	-0.170195	A	0	O_X	1.53286	O_Y	0	g_odom_x	0	g_odom_y	0
W_X	1.71902	W_Y	-0.171157	A	0	O_X	1.55338	O_Y	0	g_odom_x	0	g_odom_y	0
W_X	1.71902	W_Y	-0.171157	A	0	O_X	1.55338	O_Y	0	g_odom_x	0	g_odom_y	0
W_X	1.78048	W_Y	-0.17404	A	0	O_X	1.61491	O_Y	0	g_odom_x	0	g_odom_y	0
W_X	1.80097	W_Y	-0.175001	A	0	O_X	1.63542	O_Y	0	g_odom_x	0	g_odom_y	0
W_X	1.80097	W_Y	-0.175001	A	0	O_X	1.63542	O_Y	0	g_odom_x	0	g_odom_y	0
W_X	1.84195	W_Y	-0.176923	A	0	O_X	1.67645	O_Y	0	g_odom_x	0	g_odom_y	0
W_X	1.86244	W_Y	-0.177884	A	0	O_X	1.69696	O_Y	0	g_odom_x	0	g_odom_y	0
W_X	1.86244	W_Y	-0.177884	A	0	O_X	1.69696	O_Y	0	g_odom_x	0	g_odom_y	0
W_X	1.90088	W_Y	-0.180399	A	0	O_X	1.738	O_Y	0	g_odom_x	0	g_odom_y	0
W_X	1.92137	W_Y	-0.181453	A	0	O_X	1.75852	O_Y	0	g_odom_x	0	g_odom_y	0
W_X	1.92137	W_Y	-0.181453	A	0	O_X	1.75852	O_Y	0	g_odom_x	0	g_odom_y	0
W_X	1.96235	W_Y	-0.183563	A	0	O_X	1.79955	O_Y	0	g_odom_x	0	g_odom_y	0
W_X	1.98284	W_Y	-0.184617	A	0	O_X	1.82006	O_Y	0	g_odom_x	0	g_odom_y	0
W_X	1.98284	W_Y	-0.184617	A	0	O_X	1.82006	O_Y	0	g_odom_x	0	g_odom_y	0
W_X	2.02382	W_Y	-0.186726	A	0	O_X	1.8611	O_Y	0	g_odom_x	0	g_odom_y	0
W_X	2.06479	W_Y	-0.188835	A	0	O_X	1.90213	O_Y	0	g_odom_x	0	g_odom_y	0
W_X	2.06479	W_Y	-0.188835	A	0	O_X	1.90213	O_Y	0	g_odom_x	0	g_odom_y	0
W_X	2.08975	W_Y	-0.19531	A	0	O_X	1.94315	O_Y	0	g_odom_x	0	g_odom_y	0
W_X	2.10425	W_Y	-0.197906	A	0	O_X	1.96366	O_Y	0	g_odom_x	0	g_odom_y	0
W_X	2.10425	W_Y	-0.197906	A	0	O_X	1.96366	O_Y	0	g_odom_x	0	g_odom_y	0
W_X	2.14522	W_Y	-0.199842	A	0	O_X	2.00467	O_Y	0	g_odom_x	0	g_odom_y	0
W_X	2.16569	W_Y	-0.200809	A	0	O_X	2.02517	O_Y	0	g_odom_x	0	g_odom_y	0
W_X	2.16569	W_Y	-0.200809	A	0	O_X	2.02517	O_Y	0	g_odom_x	0	g_odom_y	0
W_X	2.22716	W_Y	-0.203712	A	0	O_X	2.08671	O_Y	0	g_odom_x	0	g_odom_y	0
W_X	2.24765	W_Y	-0.20468	A	0	O_X	2.10722	O_Y	0	g_odom_x	0	g_odom_y	0
W_X	2.24765	W_Y	-0.20468	A	0	O_X	2.10722	O_Y	0	g_odom_x	0	g_odom_y	0
W_X	2.28019	W_Y	-0.229821	A	0	O_X	2.14826	O_Y	0	g_odom_x	0	g_odom_y	0
W_X	2.28198	W_Y	-0.281818	A	0	O_X	2.16876	O_Y	0	g_odom_x	0	g_odom_y	0
W_X	2.30244	W_Y	-0.283118	A	0	O_X	2.18926	O_Y	0	g_odom_x	0	g_odom_y	0
W_X	2.34338	W_Y	-0.285718	A	0	O_X	2.23029	O_Y	0	g_odom_x	0	g_odom_y	0
W_X	2.36385	W_Y	-0.287018	A	0	O_X	2.2508	O_Y	0	g_odom_x	0	g_odom_y	0
W_X	2.38433	W_Y	-0.288317	A	0	O_X	2.27132	O_Y	0	g_odom_x	0	g_odom_y	0
W_X	2.4048	W_Y	-0.289617	A	0	O_X	2.29183	O_Y	0	g_odom_x	0	g_odom_y	0
W_X	2.42527	W_Y	-0.290917	A	0	O_X	2.31234	O_Y	0	g_odom_x	0	g_odom_y	0
W_X	2.44574	W_Y	-0.292217	A	0	O_X	2.33286	O_Y	0	g_odom_x	0	g_odom_y	0
W_X	2.48668	W_Y	-0.294817	A	0	O_X	2.37388	O_Y	0	g_odom_x	0	g_odom_y	0
W_X	2.47569	W_Y	-0.322804	A	0	O_X	2.39439	O_Y	0	g_odom_x	0	g_odom_y	0
W_X	2.47864	W_Y	-0.339027	A	0	O_X	2.4149	O_Y	0	g_odom_x	0	g_odom_y	0
W_X	2.49911	W_Y	-0.340398	A	0	O_X	2.43542	O_Y	0	g_odom_x	0	g_odom_y	0
W_X	2.51958	W_Y	-0.341769	A	0	O_X	2.45593	O_Y	0	g_odom_x	0	g_odom_y	0
W_X	2.54004	W_Y	-0.34314	A	0	O_X	2.47644	O_Y	0	g_odom_x	0	g_odom_y	0
W_X	2.56051	W_Y	-0.344511	A	0	O_X	2.49696	O_Y	0	g_odom_x	0	g_odom_y	0
W_X	2.58099	W_Y	-0.345882	A	0	O_X	2.51748	O_Y	0	g_odom_x	0	g_odom_y	0
W_X	2.60145	W_Y	-0.347253	A	0	O_X	2.53799	O_Y	0	g_odom_x	0	g_odom_y	0
W_X	2.60408	W_Y	-0.32711	A	0	O_X	2.5585	O_Y	0	g_odom_x	0	g_odom_y	0
W_X	2.60823	W_Y	-0.308807	A	0	O_X	2.57902	O_Y	0	g_odom_x	0	g_odom_y	0
W_X	2.62869	W_Y	-0.310186	A	0	O_X	2.59953	O_Y	0	g_odom_x	0	g_odom_y	0
W_X	2.64916	W_Y	-0.311565	A	0	O_X	2.62005	O_Y	0	g_odom_x	0	g_odom_y	0
W_X	2.66964	W_Y	-0.312944	A	0	O_X	2.64057	O_Y	0	g_odom_x	0	g_odom_y	0
W_X	2.71056	W_Y	-0.315701	A	0	O_X	2.68159	O_Y	0	g_odom_x	0	g_odom_y	0
W_X	2.73103	W_Y	-0.31708	A	0	O_X	2.7021	O_Y	0	g_odom_x	0	g_odom_y	0
W_X	2.7515	W_Y	-0.318458	A	0	O_X	2.72262	O_Y	0	g_odom_x	0	g_odom_y	0
W_X	2.77197	W_Y	-0.319837	A	0	O_X	2.74313	O_Y	0	g_odom_x	0	g_odom_y	0
W_X	2.79118	W_Y	-0.320351	A	0	O_X	2.76364	O_Y	0	g_odom_x	0	g_odom_y	0
W_X	2.80051	W_Y	-0.314021	A	0	O_X	2.78415	O_Y	0	g_odom_x	0	g_odom_y	0
W_X	2.81813	W_Y	-0.31339	A	0	O_X	2.80467	O_Y	0	g_odom_x	0	g_odom_y	0
W_X	2.85907	W_Y	-0.316072	A	0	O_X	2.84569	O_Y	0	g_odom_x	0	g_odom_y	0
W_X	2.87954	W_Y	-0.317413	A	0	O_X	2.86621	O_Y	0	g_odom_x	0	g_odom_y	0
W_X	2.90001	W_Y	-0.318755	A	0	O_X	2.88672	O_Y	0	g_odom_x	0	g_odom_y	0
W_X	2.92047	W_Y	-0.320096	A	0	O_X	2.90723	O_Y	0	g_odom_x	0	g_odom_y	0
W_X	2.94094	W_Y	-0.321437	A	0	O_X	2.92775	O_Y	0	g_odom_x	0	g_odom_y	0
W_X	2.96143	W_Y	-0.322779	A	0	O_X	2.94828	O_Y	0	g_odom_x	0	g_odom_y	0
W_X	2.98191	W_Y	-0.324121	A	0	O_X	2.9688	O_Y	0	g_odom_x	0	g_odom_y	0
W_X	3.00639	W_Y	-0.354456	A	0	O_X	3.00983	O_Y	0	g_odom_x	0	g_odom_y	0
W_X	3.00536	W_Y	-0.391964	A	0	O_X	3.03034	O_Y	0	g_odom_x	0	g_odom_y	0
W_X	3.02582	W_Y	-0.393488	A	0	O_X	3.05086	O_Y	0	g_odom_x	0	g_odom_y	0
W_X	3.04627	W_Y	-0.39501	A	0	O_X	3.07137	O_Y	0	g_odom_x	0	g_odom_y	0
W_X	3.06673	W_Y	-0.396533	A	0	O_X	3.09188	O_Y	0	g_odom_x	0	g_odom_y	0
W_X	3.08718	W_Y	-0.398056	A	0	O_X	3.11239	O_Y	0	g_odom_x	0	g_odom_y	0
W_X	3.12809	W_Y	-0.401102	A	0	O_X	3.15342	O_Y	0	g_odom_x	0	g_odom_y	0
W_X	3.14855	W_Y	-0.402626	A	0	O_X	3.17393	O_Y	0	g_odom_x	0	g_odom_y	0
W_X	3.16901	W_Y	-0.404149	A	0	O_X	3.19445	O_Y	0	g_odom_x	0	g_odom_y	0
W_X	3.18946	W_Y	-0.405671	A	0	O_X	3.21496	O_Y	0	g_odom_x	0	g_odom_y	0
W_X	3.25488	W_Y	-0.515667	A	0	O_X	3.23547	O_Y	0	g_odom_x	0	g_odom_y	0
W_X	3.29626	W_Y	-0.568812	A	0	O_X	3.25598	O_Y	0	g_odom_x	0	g_odom_y	0
W_X	3.31668	W_Y	-0.570791	A	0	O_X	3.2765	O_Y	0	g_odom_x	0	g_odom_y	0
W_X	3.3575	W_Y	-0.574747	A	0	O_X	3.31751	O_Y	0	g_odom_x	0	g_odom_y	0
W_X	3.37792	W_Y	-0.576726	A	0	O_X	3.33802	O_Y	0	g_odom_x	0	g_odom_y	0
W_X	3.39833	W_Y	-0.578705	A	0	O_X	3.35854	O_Y	0	g_odom_x	0	g_odom_y	0
W_X	3.41875	W_Y	-0.580684	A	0	O_X	3.37905	O_Y	0	g_odom_x	0	g_odom_y	0
W_X	3.43917	W_Y	-0.582663	A	0	O_X	3.39956	O_Y	0	g_odom_x	0	g_odom_y	0
W_X	3.45959	W_Y	-0.584642	A	0	O_X	3.42008	O_Y	0	g_odom_x	0	g_odom_y	0
W_X	3.48151	W_Y	-0.577395	A	0	O_X	3.44059	O_Y	0	g_odom_x	0	g_odom_y	0
W_X	3.52589	W_Y	-0.559067	A	0	O_X	3.48162	O_Y	0	g_odom_x	0	g_odom_y	0
W_X	3.54633	W_Y	-0.560909	A	0	O_X	3.50213	O_Y	0	g_odom_x	0	g_odom_y	0
W_X	3.56676	W_Y	-0.562751	A	0	O_X	3.52265	O_Y	0	g_odom_x	0	g_odom_y	0
W_X	3.58719	W_Y	-0.564593	A	0	O_X	3.54316	O_Y	0	g_odom_x	0	g_odom_y	0
W_X	3.60762	W_Y	-0.566435	A	0	O_X	3.56367	O_Y	0	g_odom_x	0	g_odom_y	0
W_X	3.62805	W_Y	-0.568276	A	0	O_X	3.58419	O_Y	0	g_odom_x	0	g_odom_y	0
W_X	3.64848	W_Y	-0.570118	A	0	O_X	3.6047	O_Y	0	g_odom_x	0	g_odom_y	0
W_X	3.68934	W_Y	-0.573802	A	0	O_X	3.64573	O_Y	0	g_odom_x	0	g_odom_y	0
W_X	3.70977	W_Y	-0.575643	A	0	O_X	3.66624	O_Y	0	g_odom_x	0	g_odom_y	0
W_X	3.72793	W_Y	-0.54699	A	0	O_X	3.68675	O_Y	0	g_odom_x	0	g_odom_y	0
W_X	3.74725	W_Y	-0.535086	A	0	O_X	3.70726	O_Y	0	g_odom_x	0	g_odom_y	0
W_X	3.76771	W_Y	-0.536609	A	0	O_X	3.72778	O_Y	0	g_odom_x	0	g_odom_y	0
W_X	3.78817	W_Y	-0.538132	A	0	O_X	3.74829	O_Y	0	g_odom_x	0	g_odom_y	0
W_X	3.80862	W_Y	-0.539655	A	0	O_X	3.76881	O_Y	0	g_odom_x	0	g_odom_y	0
W_X	3.84953	W_Y	-0.5427	A	0	O_X	3.80982	O_Y	0	g_odom_x	0	g_odom_y	0
W_X	3.86998	W_Y	-0.544223	A	0	O_X	3.83034	O_Y	0	g_odom_x	0	g_odom_y	0
W_X	3.89044	W_Y	-0.545746	A	0	O_X	3.85085	O_Y	0	g_odom_x	0	g_odom_y	0
W_X	3.90505	W_Y	-0.51802	A	0	O_X	3.87136	O_Y	0	g_odom_x	0	g_odom_y	0
W_X	3.91998	W_Y	-0.492113	A	0	O_X	3.89188	O_Y	0	g_odom_x	0	g_odom_y	0
W_X	3.94045	W_Y	-0.493418	A	0	O_X	3.91239	O_Y	0	g_odom_x	0	g_odom_y	0
W_X	3.96093	W_Y	-0.494724	A	0	O_X	3.93291	O_Y	0	g_odom_x	0	g_odom_y	0
W_X	3.9814	W_Y	-0.496029	A	0	O_X	3.95343	O_Y	0	g_odom_x	0	g_odom_y	0
W_X	4.00187	W_Y	-0.497334	A	0	O_X	3.97394	O_Y	0	g_odom_x	0	g_odom_y	0
W_X	4.02234	W_Y	-0.498639	A	0	O_X	3.99445	O_Y	0	g_odom_x	0	g_odom_y	0
W_X	4.04281	W_Y	-0.499944	A	0	O_X	4.01497	O_Y	0	g_odom_x	0	g_odom_y	0
W_X	4.06328	W_Y	-0.50125	A	0	O_X	4.03548	O_Y	0	g_odom_x	0	g_odom_y	0
W_X	4.08138	W_Y	-0.505698	A	0	O_X	4.05599	O_Y	0	g_odom_x	0	g_odom_y	0
W_X	4.10917	W_Y	-0.525739	A	0	O_X	4.09702	O_Y	0	g_odom_x	0	g_odom_y	0
W_X	4.12737	W_Y	-0.530067	A	0	O_X	4.11754	O_Y	0	g_odom_x	0	g_odom_y	0
W_X	4.14784	W_Y	-0.531366	A	0	O_X	4.13806	O_Y	0	g_odom_x	0	g_odom_y	0
W_X	4.1683	W_Y	-0.532664	A	0	O_X	4.15856	O_Y	0	g_odom_x	0	g_odom_y	0
W_X	4.18877	W_Y	-0.533963	A	0	O_X	4.17906	O_Y	0	g_odom_x	0	g_odom_y	0
W_X	4.20924	W_Y	-0.535263	A	0	O_X	4.19958	O_Y	0	g_odom_x	0	g_odom_y	0
W_X	4.22972	W_Y	-0.536562	A	0	O_X	4.2201	O_Y	0	g_odom_x	0	g_odom_y	0
W_X	4.27066	W_Y	-0.539161	A	0	O_X	4.26113	O_Y	0	g_odom_x	0	g_odom_y	0
W_X	4.29113	W_Y	-0.54046	A	0	O_X	4.28164	O_Y	0	g_odom_x	0	g_odom_y	0
W_X	4.31693	W_Y	-0.54328	A	0	O_X	4.30215	O_Y	0	g_odom_x	0	g_odom_y	0
W_X	4.34433	W_Y	-0.546459	A	0	O_X	4.32266	O_Y	0	g_odom_x	0	g_odom_y	0
W_X	4.36481	W_Y	-0.547652	A	0	O_X	4.34318	O_Y	0	g_odom_x	0	g_odom_y	0
W_X	4.38529	W_Y	-0.548846	A	0	O_X	4.36369	O_Y	0	g_odom_x	0	g_odom_y	0
W_X	4.40577	W_Y	-0.550039	A	0	O_X	4.3842	O_Y	0	g_odom_x	0	g_odom_y	0
W_X	4.44673	W_Y	-0.552425	A	0	O_X	4.42523	O_Y	0	g_odom_x	0	g_odom_y	0
W_X	4.46721	W_Y	-0.553619	A	0	O_X	4.44574	O_Y	0	g_odom_x	0	g_odom_y	0
W_X	4.48768	W_Y	-0.554812	A	0	O_X	4.46626	O_Y	0	g_odom_x	0	g_odom_y	0
W_X	4.50816	W_Y	-0.556005	A	0	O_X	4.48677	O_Y	0	g_odom_x	0	g_odom_y	0
W_X	4.52861	W_Y	-0.555228	A	0	O_X	4.50728	O_Y	0	g_odom_x	0	g_odom_y	0
W_X	4.54847	W_Y	-0.528139	A	0	O_X	4.52779	O_Y	0	g_odom_x	0	g_odom_y	0
W_X	4.58921	W_Y	-0.52166	A	0	O_X	4.56881	O_Y	0	g_odom_x	0	g_odom_y	0
W_X	4.60971	W_Y	-0.522648	A	0	O_X	4.58934	O_Y	0	g_odom_x	0	g_odom_y	0
W_X	4.6302	W_Y	-0.523636	A	0	O_X	4.60985	O_Y	0	g_odom_x	0	g_odom_y	0
W_X	4.65069	W_Y	-0.524624	A	0	O_X	4.63036	O_Y	0	g_odom_x	0	g_odom_y	0
W_X	4.67118	W_Y	-0.525611	A	0	O_X	4.65088	O_Y	0	g_odom_x	0	g_odom_y	0
W_X	4.69167	W_Y	-0.526599	A	0	O_X	4.67139	O_Y	0	g_odom_x	0	g_odom_y	0
W_X	4.71216	W_Y	-0.527587	A	0	O_X	4.6919	O_Y	0	g_odom_x	0	g_odom_y	0
W_X	4.75313	W_Y	-0.529562	A	0	O_X	4.73292	O_Y	0	g_odom_x	0	g_odom_y	0
W_X	4.77153	W_Y	-0.528997	A	0	O_X	4.75344	O_Y	0	g_odom_x	0	g_odom_y	0
W_X	4.78794	W_Y	-0.526873	A	0	O_X	4.77396	O_Y	0	g_odom_x	0	g_odom_y	0
W_X	4.80844	W_Y	-0.52774	A	0	O_X	4.79447	O_Y	0	g_odom_x	0	g_odom_y	0
W_X	4.82893	W_Y	-0.528606	A	0	O_X	4.81498	O_Y	0	g_odom_x	0	g_odom_y	0
W_X	4.84943	W_Y	-0.529473	A	0	O_X	4.83549	O_Y	0	g_odom_x	0	g_odom_y	0
W_X	4.86992	W_Y	-0.530339	A	0	O_X	4.85601	O_Y	0	g_odom_x	0	g_odom_y	0
W_X	4.91091	W_Y	-0.532072	A	0	O_X	4.89703	O_Y	0	g_odom_x	0	g_odom_y	0
W_X	4.9314	W_Y	-0.532939	A	0	O_X	4.91754	O_Y	0	g_odom_x	0	g_odom_y	0
W_X	4.95315	W_Y	-0.528894	A	0	O_X	4.93808	O_Y	0	g_odom_x	0	g_odom_y	0
W_X	4.9777	W_Y	-0.513211	A	0	O_X	4.95857	O_Y	0	g_odom_x	0	g_odom_y	0
W_X	4.99843	W_Y	-0.513022	A	0	O_X	4.97908	O_Y	0	g_odom_x	0	g_odom_y	0
W_X	5.01893	W_Y	-0.51378	A	0	O_X	4.9996	O_Y	0	g_odom_x	0	g_odom_y	0
W_X	5.03943	W_Y	-0.514538	A	0	O_X	5.02011	O_Y	0	g_odom_x	0	g_odom_y	0
W_X	5.08043	W_Y	-0.516054	A	0	O_X	5.06114	O_Y	0	g_odom_x	0	g_odom_y	0
W_X	5.10093	W_Y	-0.516812	A	0	O_X	5.08165	O_Y	0	g_odom_x	0	g_odom_y	0
W_X	5.12143	W_Y	-0.51757	A	0	O_X	5.10216	O_Y	0	g_odom_x	0	g_odom_y	0
W_X	5.14193	W_Y	-0.518328	A	0	O_X	5.12268	O_Y	0	g_odom_x	0	g_odom_y	0
W_X	5.16243	W_Y	-0.519086	A	0	O_X	5.14319	O_Y	0	g_odom_x	0	g_odom_y	0
W_X	5.17725	W_Y	-0.519609	A	0	O_X	5.1637	O_Y	0	g_odom_x	0	g_odom_y	0
W_X	5.19249	W_Y	-0.520177	A	0	O_X	5.18421	O_Y	0	g_odom_x	0	g_odom_y	0
W_X	5.21298	W_Y	-0.520963	A	0	O_X	5.20471	O_Y	0	g_odom_x	0	g_odom_y	0
W_X	5.25397	W_Y	-0.522535	A	0	O_X	5.24574	O_Y	0	g_odom_x	0	g_odom_y	0
W_X	5.27447	W_Y	-0.523321	A	0	O_X	5.26625	O_Y	0	g_odom_x	0	g_odom_y	0
W_X	5.29498	W_Y	-0.524108	A	0	O_X	5.28677	O_Y	0	g_odom_x	0	g_odom_y	0
W_X	5.31548	W_Y	-0.524894	A	0	O_X	5.30729	O_Y	0	g_odom_x	0	g_odom_y	0
W_X	5.33602	W_Y	-0.525682	A	0	O_X	5.32784	O_Y	0	g_odom_x	0	g_odom_y	0
W_X	5.35647	W_Y	-0.526467	A	0	O_X	5.34831	O_Y	0	g_odom_x	0	g_odom_y	0
W_X	5.37912	W_Y	-0.485536	A	0	O_X	5.36884	O_Y	0	g_odom_x	0	g_odom_y	0
W_X	5.40789	W_Y	-0.262252	A	0	O_X	5.38935	O_Y	0	g_odom_x	0	g_odom_y	0
W_X	5.42932	W_Y	-0.221636	A	0	O_X	5.40987	O_Y	0	g_odom_x	0	g_odom_y	0
W_X	5.44984	W_Y	-0.221537	A	0	O_X	5.43038	O_Y	0	g_odom_x	0	g_odom_y	0
W_X	5.47033	W_Y	-0.221438	A	0	O_X	5.45088	O_Y	0	g_odom_x	0	g_odom_y	0
W_X	5.49083	W_Y	-0.221339	A	0	O_X	5.47138	O_Y	0	g_odom_x	0	g_odom_y	0
W_X	5.53185	W_Y	-0.221141	A	0	O_X	5.5124	O_Y	0	g_odom_x	0	g_odom_y	0
W_X	5.55237	W_Y	-0.221042	A	0	O_X	5.53292	O_Y	0	g_odom_x	0	g_odom_y	0
W_X	5.57288	W_Y	-0.220943	A	0	O_X	5.55343	O_Y	0	g_odom_x	0	g_odom_y	0
W_X	5.59339	W_Y	-0.220844	A	0	O_X	5.57394	O_Y	0	g_odom_x	0	g_odom_y	0
W_X	5.61949	W_Y	-0.214116	A	0	O_X	5.59446	O_Y	0	g_odom_x	0	g_odom_y	0
W_X	5.64875	W_Y	-0.203432	A	0	O_X	5.61497	O_Y	0	g_odom_x	0	g_odom_y	0
W_X	5.66927	W_Y	-0.203208	A	0	O_X	5.63548	O_Y	0	g_odom_x	0	g_odom_y	0
W_X	5.71029	W_Y	-0.202758	A	0	O_X	5.67651	O_Y	0	g_odom_x	0	g_odom_y	0
W_X	5.7308	W_Y	-0.202533	A	0	O_X	5.69702	O_Y	0	g_odom_x	0	g_odom_y	0
W_X	5.75131	W_Y	-0.202308	A	0	O_X	5.71754	O_Y	0	g_odom_x	0	g_odom_y	0
W_X	5.77183	W_Y	-0.202083	A	0	O_X	5.73805	O_Y	0	g_odom_x	0	g_odom_y	0
W_X	5.79234	W_Y	-0.201858	A	0	O_X	5.75856	O_Y	0	g_odom_x	0	g_odom_y	0
W_X	5.81285	W_Y	-0.201633	A	0	O_X	5.77908	O_Y	0	g_odom_x	0	g_odom_y	0
W_X	5.83269	W_Y	-0.20718	A	0	O_X	5.79959	O_Y	0	g_odom_x	0	g_odom_y	0
W_X	5.86232	W_Y	-0.301588	A	0	O_X	5.84062	O_Y	0	g_odom_x	0	g_odom_y	0
W_X	5.87934	W_Y	-0.329504	A	0	O_X	5.86113	O_Y	0	g_odom_x	0	g_odom_y	0
W_X	5.89985	W_Y	-0.329606	A	0	O_X	5.88164	O_Y	0	g_odom_x	0	g_odom_y	0
W_X	5.92036	W_Y	-0.329709	A	0	O_X	5.90216	O_Y	0	g_odom_x	0	g_odom_y	0
W_X	5.94087	W_Y	-0.329811	A	0	O_X	5.92267	O_Y	0	g_odom_x	0	g_odom_y	0
W_X	5.96139	W_Y	-0.329914	A	0	O_X	5.94318	O_Y	0	g_odom_x	0	g_odom_y	0
W_X	5.9819	W_Y	-0.330016	A	0	O_X	5.9637	O_Y	0	g_odom_x	0	g_odom_y	0
W_X	6.02293	W_Y	-0.330221	A	0	O_X	6.00472	O_Y	0	g_odom_x	0	g_odom_y	0
W_X	6.04344	W_Y	-0.330324	A	0	O_X	6.02524	O_Y	0	g_odom_x	0	g_odom_y	0
W_X	6.05913	W_Y	-0.278621	A	0	O_X	6.04575	O_Y	0	g_odom_x	0	g_odom_y	0
W_X	6.06952	W_Y	-0.177328	A	0	O_X	6.06626	O_Y	0	g_odom_x	0	g_odom_y	0
W_X	6.09003	W_Y	-0.177045	A	0	O_X	6.08678	O_Y	0	g_odom_x	0	g_odom_y	0
W_X	6.11054	W_Y	-0.176762	A	0	O_X	6.10729	O_Y	0	g_odom_x	0	g_odom_y	0
W_X	6.13106	W_Y	-0.17648	A	0	O_X	6.12781	O_Y	0	g_odom_x	0	g_odom_y	0
W_X	6.17208	W_Y	-0.175915	A	0	O_X	6.16883	O_Y	0	g_odom_x	0	g_odom_y	0
W_X	6.19259	W_Y	-0.175632	A	0	O_X	6.18935	O_Y	0	g_odom_x	0	g_odom_y	0
W_X	6.2131	W_Y	-0.175349	A	0	O_X	6.20986	O_Y	0	g_odom_x	0	g_odom_y	0
W_X	6.2336	W_Y	-0.175067	A	0	O_X	6.23036	O_Y	0	g_odom_x	0	g_odom_y	0
W_X	6.25412	W_Y	-0.174784	A	0	O_X	6.25088	O_Y	0	g_odom_x	0	g_odom_y	0
W_X	6.26997	W_Y	-0.244282	A	0	O_X	6.27139	O_Y	0	g_odom_x	0	g_odom_y	0
W_X	6.28829	W_Y	-0.275339	A	0	O_X	6.29191	O_Y	0	g_odom_x	0	g_odom_y	0
W_X	6.30882	W_Y	-0.275289	A	0	O_X	6.31244	O_Y	0	g_odom_x	0	g_odom_y	0
W_X	6.32932	W_Y	-0.275239	A	0	O_X	6.33294	O_Y	0	g_odom_x	0	g_odom_y	0
W_X	6.34983	W_Y	-0.27519	A	0	O_X	6.35345	O_Y	0	g_odom_x	0	g_odom_y	0
W_X	6.37034	W_Y	-0.27514	A	0	O_X	6.37396	O_Y	0	g_odom_x	0	g_odom_y	0
W_X	6.39086	W_Y	-0.27509	A	0	O_X	6.39448	O_Y	0	g_odom_x	0	g_odom_y	0
W_X	6.41138	W_Y	-0.27504	A	0	O_X	6.41499	O_Y	0	g_odom_x	0	g_odom_y	0
W_X	6.4524	W_Y	-0.27494	A	0	O_X	6.45602	O_Y	0	g_odom_x	0	g_odom_y	0
W_X	6.47756	W_Y	-0.240018	A	0	O_X	6.47653	O_Y	0	g_odom_x	0	g_odom_y	0
W_X	6.51047	W_Y	-0.139195	A	0	O_X	6.49705	O_Y	0	g_odom_x	0	g_odom_y	0
W_X	6.53115	W_Y	-0.137302	A	0	O_X	6.51756	O_Y	0	g_odom_x	0	g_odom_y	0
W_X	6.55166	W_Y	-0.136838	A	0	O_X	6.53807	O_Y	0	g_odom_x	0	g_odom_y	0
W_X	6.57216	W_Y	-0.136374	A	0	O_X	6.55859	O_Y	0	g_odom_x	0	g_odom_y	0
W_X	6.59267	W_Y	-0.135911	A	0	O_X	6.5791	O_Y	0	g_odom_x	0	g_odom_y	0
W_X	6.63368	W_Y	-0.134983	A	0	O_X	6.62012	O_Y	0	g_odom_x	0	g_odom_y	0
W_X	6.65419	W_Y	-0.134519	A	0	O_X	6.64064	O_Y	0	g_odom_x	0	g_odom_y	0
W_X	6.69521	W_Y	-0.133592	A	0	O_X	6.68166	O_Y	0	g_odom_x	0	g_odom_y	0
W_X	6.73187	W_Y	-0.115672	A	0	O_X	6.70218	O_Y	0	g_odom_x	0	g_odom_y	0
W_X	6.73187	W_Y	-0.115672	A	0	O_X	6.70218	O_Y	0	g_odom_x	0	g_odom_y	0
W_X	6.78531	W_Y	-0.100962	A	0	O_X	6.7432	O_Y	0	g_odom_x	0	g_odom_y	0
W_X	6.78531	W_Y	-0.100962	A	0	O_X	6.7432	O_Y	0	g_odom_x	0	g_odom_y	0
W_X	6.82631	W_Y	-0.0997593	A	0	O_X	6.78421	O_Y	0	g_odom_x	0	g_odom_y	0
W_X	6.84681	W_Y	-0.0991576	A	0	O_X	6.80473	O_Y	0	g_odom_x	0	g_odom_y	0
W_X	6.86732	W_Y	-0.0985559	A	0	O_X	6.82524	O_Y	0	g_odom_x	0	g_odom_y	0
W_X	6.90833	W_Y	-0.0973527	A	0	O_X	6.86627	O_Y	0	g_odom_x	0	g_odom_y	0
W_X	6.92883	W_Y	-0.096751	A	0	O_X	6.88678	O_Y	0	g_odom_x	0	g_odom_y	0
W_X	6.96661	W_Y	-0.0932959	A	0	O_X	6.9278	O_Y	0	g_odom_x	0	g_odom_y	0
W_X	6.96698	W_Y	-0.0785409	A	0	O_X	6.94832	O_Y	0	g_odom_x	0	g_odom_y	0
W_X	6.98362	W_Y	-0.0751502	A	0	O_X	6.96883	O_Y	0	g_odom_x	0	g_odom_y	0
W_X	7.00412	W_Y	-0.0744623	A	0	O_X	6.98935	O_Y	0	g_odom_x	0	g_odom_y	0
W_X	7.02462	W_Y	-0.0737745	A	0	O_X	7.00986	O_Y	0	g_odom_x	0	g_odom_y	0
W_X	7.04512	W_Y	-0.0730866	A	0	O_X	7.03037	O_Y	0	g_odom_x	0	g_odom_y	0
W_X	7.04512	W_Y	-0.0730866	A	0	O_X	7.03037	O_Y	0	g_odom_x	0	g_odom_y	0
W_X	7.10662	W_Y	-0.0710232	A	0	O_X	7.0919	O_Y	0	g_odom_x	0	g_odom_y	0
W_X	7.12713	W_Y	-0.0703351	A	0	O_X	7.11242	O_Y	0	g_odom_x	0	g_odom_y	0
W_X	7.14763	W_Y	-0.0696472	A	0	O_X	7.13294	O_Y	0	g_odom_x	0	g_odom_y	0
W_X	7.16623	W_Y	-0.0633109	A	0	O_X	7.15345	O_Y	0	g_odom_x	0	g_odom_y	0
W_X	7.18491	W_Y	-0.057252	A	0	O_X	7.17396	O_Y	0	g_odom_x	0	g_odom_y	0
W_X	7.20541	W_Y	-0.0564641	A	0	O_X	7.19448	O_Y	0	g_odom_x	0	g_odom_y	0
W_X	7.22591	W_Y	-0.0556762	A	0	O_X	7.21499	O_Y	0	g_odom_x	0	g_odom_y	0
W_X	7.2669	W_Y	-0.0541004	A	0	O_X	7.25602	O_Y	0	g_odom_x	0	g_odom_y	0
W_X	7.28736	W_Y	-0.053314	A	0	O_X	7.27649	O_Y	0	g_odom_x	0	g_odom_y	0
W_X	7.30786	W_Y	-0.0525261	A	0	O_X	7.297	O_Y	0	g_odom_x	0	g_odom_y	0
W_X	7.32835	W_Y	-0.0517385	A	0	O_X	7.31751	O_Y	0	g_odom_x	0	g_odom_y	0
W_X	7.34885	W_Y	-0.0509506	A	0	O_X	7.33802	O_Y	0	g_odom_x	0	g_odom_y	0
W_X	7.36794	W_Y	-0.0497726	A	0	O_X	7.35854	O_Y	0	g_odom_x	0	g_odom_y	0
W_X	7.37434	W_Y	-0.0450393	A	0	O_X	7.37905	O_Y	0	g_odom_x	0	g_odom_y	0
W_X	7.39107	W_Y	-0.0431742	A	0	O_X	7.39957	O_Y	0	g_odom_x	0	g_odom_y	0
W_X	7.41157	W_Y	-0.0423636	A	0	O_X	7.42008	O_Y	0	g_odom_x	0	g_odom_y	0
W_X	7.43206	W_Y	-0.0415531	A	0	O_X	7.4406	O_Y	0	g_odom_x	0	g_odom_y	0
W_X	7.45256	W_Y	-0.0407424	A	0	O_X	7.46111	O_Y	0	g_odom_x	0	g_odom_y	0
W_X	7.47306	W_Y	-0.0399318	A	0	O_X	7.48162	O_Y	0	g_odom_x	0	g_odom_y	0
W_X	7.49356	W_Y	-0.0391213	A	0	O_X	7.50214	O_Y	0	g_odom_x	0	g_odom_y	0
W_X	7.51405	W_Y	-0.0383107	A	0	O_X	7.52265	O_Y	0	g_odom_x	0	g_odom_y	0
W_X	7.55505	W_Y	-0.0366896	A	0	O_X	7.56368	O_Y	0	g_odom_x	0	g_odom_y	0
W_X	7.57288	W_Y	-0.0319114	A	0	O_X	7.5842	O_Y	0	g_odom_x	0	g_odom_y	0
W_X	7.58974	W_Y	-0.0256893	A	0	O_X	7.60472	O_Y	0	g_odom_x	0	g_odom_y	0
W_X	7.61024	W_Y	-0.0248143	A	0	O_X	7.62523	O_Y	0	g_odom_x	0	g_odom_y	0
W_X	7.63073	W_Y	-0.0239395	A	0	O_X	7.64574	O_Y	0	g_odom_x	0	g_odom_y	0
W_X	7.65122	W_Y	-0.0230647	A	0	O_X	7.66626	O_Y	0	g_odom_x	0	g_odom_y	0
W_X	7.6922	W_Y	-0.0213155	A	0	O_X	7.70727	O_Y	0	g_odom_x	0	g_odom_y	0
W_X	7.71271	W_Y	-0.0204401	A	0	O_X	7.7278	O_Y	0	g_odom_x	0	g_odom_y	0
W_X	7.7332	W_Y	-0.0195652	A	0	O_X	7.74831	O_Y	0	g_odom_x	0	g_odom_y	0
W_X	7.75369	W_Y	-0.0186904	A	0	O_X	7.76882	O_Y	0	g_odom_x	0	g_odom_y	0
W_X	7.77419	W_Y	-0.0178155	A	0	O_X	7.78934	O_Y	0	g_odom_x	0	g_odom_y	0
W_X	7.79444	W_Y	-0.0115805	A	0	O_X	7.80985	O_Y	0	g_odom_x	0	g_odom_y	0
W_X	7.81482	W_Y	-0.00826213	A	0	O_X	7.83036	O_Y	0	g_odom_x	0	g_odom_y	0
W_X	7.8558	W_Y	-0.00640684	A	0	O_X	7.87139	O_Y	0	g_odom_x	0	g_odom_y	0
W_X	7.87628	W_Y	-0.0054798	A	0	O_X	7.89189	O_Y	0	g_odom_x	0	g_odom_y	0
W_X	7.89678	W_Y	-0.0045517	A	0	O_X	7.91241	O_Y	0	g_odom_x	0	g_odom_y	0
W_X	7.91727	W_Y	-0.00362401	A	0	O_X	7.93293	O_Y	0	g_odom_x	0	g_odom_y	0
W_X	7.93777	W_Y	-0.00269631	A	0	O_X	7.95344	O_Y	0	g_odom_x	0	g_odom_y	0
W_X	7.95826	W_Y	-0.00176878	A	0	O_X	7.97395	O_Y	0	g_odom_x	0	g_odom_y	0
W_X	7.97875	W_Y	-0.000841253	A	0	O_X	7.99446	O_Y	0	g_odom_x	0	g_odom_y	0
W_X	8.0204	W_Y	0.000757148	A	0	O_X	8.03549	O_Y	0	g_odom_x	0	g_odom_y	0
W_X	8.04249	W_Y	0.00105266	A	0	O_X	8.056	O_Y	0	g_odom_x	0	g_odom_y	0
W_X	8.06299	W_Y	0.00197026	A	0	O_X	8.07652	O_Y	0	g_odom_x	0	g_odom_y	0
W_X	8.08348	W_Y	0.00288765	A	0	O_X	8.09703	O_Y	0	g_odom_x	0	g_odom_y	0
W_X	8.10397	W_Y	0.00380513	A	0	O_X	8.11754	O_Y	0	g_odom_x	0	g_odom_y	0
W_X	8.12447	W_Y	0.00472266	A	0	O_X	8.13805	O_Y	0	g_odom_x	0	g_odom_y	0
W_X	8.14496	W_Y	0.00564018	A	0	O_X	8.15857	O_Y	0	g_odom_x	0	g_odom_y	0
W_X	8.18595	W_Y	0.00747515	A	0	O_X	8.1996	O_Y	0	g_odom_x	0	g_odom_y	0
W_X	8.20643	W_Y	0.00839242	A	0	O_X	8.2201	O_Y	0	g_odom_x	0	g_odom_y	0
W_X	8.22693	W_Y	0.00930994	A	0	O_X	8.24062	O_Y	0	g_odom_x	0	g_odom_y	0
W_X	8.26977	W_Y	0.0151628	A	0	O_X	8.26113	O_Y	0	g_odom_x	0	g_odom_y	0
W_X	8.30256	W_Y	0.018811	A	0	O_X	8.28164	O_Y	0	g_odom_x	0	g_odom_y	0
W_X	8.32306	W_Y	0.0197423	A	0	O_X	8.30216	O_Y	0	g_odom_x	0	g_odom_y	0
W_X	8.34355	W_Y	0.0206735	A	0	O_X	8.32268	O_Y	0	g_odom_x	0	g_odom_y	0
W_X	8.38452	W_Y	0.022535	A	0	O_X	8.36369	O_Y	0	g_odom_x	0	g_odom_y	0
W_X	8.40501	W_Y	0.0234661	A	0	O_X	8.3842	O_Y	0	g_odom_x	0	g_odom_y	0
W_X	8.42551	W_Y	0.0243973	A	0	O_X	8.40471	O_Y	0	g_odom_x	0	g_odom_y	0
W_X	8.446	W_Y	0.0253284	A	0	O_X	8.42523	O_Y	0	g_odom_x	0	g_odom_y	0
W_X	8.46649	W_Y	0.0262594	A	0	O_X	8.44574	O_Y	0	g_odom_x	0	g_odom_y	0
W_X	8.48998	W_Y	0.0286845	A	0	O_X	8.46625	O_Y	0	g_odom_x	0	g_odom_y	0
W_X	8.52116	W_Y	0.0349526	A	0	O_X	8.48677	O_Y	0	g_odom_x	0	g_odom_y	0
W_X	8.56306	W_Y	0.0373113	A	0	O_X	8.5278	O_Y	0	g_odom_x	0	g_odom_y	0
W_X	8.58355	W_Y	0.0382616	A	0	O_X	8.54831	O_Y	0	g_odom_x	0	g_odom_y	0
W_X	8.60404	W_Y	0.0392122	A	0	O_X	8.56882	O_Y	0	g_odom_x	0	g_odom_y	0
W_X	8.62457	W_Y	0.0401645	A	0	O_X	8.58937	O_Y	0	g_odom_x	0	g_odom_y	0
W_X	8.64502	W_Y	0.0411131	A	0	O_X	8.60984	O_Y	0	g_odom_x	0	g_odom_y	0
W_X	8.66551	W_Y	0.0420637	A	0	O_X	8.63036	O_Y	0	g_odom_x	0	g_odom_y	0
W_X	8.686	W_Y	0.0430142	A	0	O_X	8.65087	O_Y	0	g_odom_x	0	g_odom_y	0
W_X	8.72699	W_Y	0.0449152	A	0	O_X	8.6919	O_Y	0	g_odom_x	0	g_odom_y	0
W_X	8.74126	W_Y	0.0424116	A	0	O_X	8.71241	O_Y	0	g_odom_x	0	g_odom_y	0
W_X	8.75761	W_Y	0.0410281	A	0	O_X	8.73291	O_Y	0	g_odom_x	0	g_odom_y	0
W_X	8.77811	W_Y	0.0419359	A	0	O_X	8.75343	O_Y	0	g_odom_x	0	g_odom_y	0
W_X	8.7986	W_Y	0.0428436	A	0	O_X	8.77395	O_Y	0	g_odom_x	0	g_odom_y	0
W_X	8.8191	W_Y	0.0437511	A	0	O_X	8.79446	O_Y	0	g_odom_x	0	g_odom_y	0
W_X	8.8396	W_Y	0.0446593	A	0	O_X	8.81499	O_Y	0	g_odom_x	0	g_odom_y	0
W_X	8.86011	W_Y	0.0455672	A	0	O_X	8.83551	O_Y	0	g_odom_x	0	g_odom_y	0
W_X	8.8806	W_Y	0.0464746	A	0	O_X	8.85602	O_Y	0	g_odom_x	0	g_odom_y	0
W_X	8.89471	W_Y	0.0466803	A	0	O_X	8.87653	O_Y	0	g_odom_x	0	g_odom_y	0
W_X	8.9076	W_Y	0.046715	A	0	O_X	8.89704	O_Y	0	g_odom_x	0	g_odom_y	0
W_X	8.9281	W_Y	0.0475866	A	0	O_X	8.91756	O_Y	0	g_odom_x	0	g_odom_y	0
W_X	8.94859	W_Y	0.0484581	A	0	O_X	8.93807	O_Y	0	g_odom_x	0	g_odom_y	0
W_X	8.98957	W_Y	0.0502004	A	0	O_X	8.97909	O_Y	0	g_odom_x	0	g_odom_y	0
W_X	9.01006	W_Y	0.0510719	A	0	O_X	8.9996	O_Y	0	g_odom_x	0	g_odom_y	0
W_X	9.03056	W_Y	0.0519433	A	0	O_X	9.02011	O_Y	0	g_odom_x	0	g_odom_y	0
W_X	9.05105	W_Y	0.0528148	A	0	O_X	9.04063	O_Y	0	g_odom_x	0	g_odom_y	0
W_X	9.07155	W_Y	0.0536863	A	0	O_X	9.06114	O_Y	0	g_odom_x	0	g_odom_y	0
W_X	9.09202	W_Y	0.0544821	A	0	O_X	9.08165	O_Y	0	g_odom_x	0	g_odom_y	0
W_X	9.1059	W_Y	0.0330936	A	0	O_X	9.10216	O_Y	0	g_odom_x	0	g_odom_y	0
W_X	9.14438	W_Y	0.0262793	A	0	O_X	9.14319	O_Y	0	g_odom_x	0	g_odom_y	0
W_X	9.16488	W_Y	0.0269607	A	0	O_X	9.1637	O_Y	0	g_odom_x	0	g_odom_y	0
W_X	9.18538	W_Y	0.0276421	A	0	O_X	9.18422	O_Y	0	g_odom_x	0	g_odom_y	0
W_X	9.20589	W_Y	0.0283235	A	0	O_X	9.20473	O_Y	0	g_odom_x	0	g_odom_y	0
W_X	9.22639	W_Y	0.0290049	A	0	O_X	9.22524	O_Y	0	g_odom_x	0	g_odom_y	0
W_X	9.24689	W_Y	0.0296862	A	0	O_X	9.24575	O_Y	0	g_odom_x	0	g_odom_y	0
W_X	9.24689	W_Y	0.0296862	A	0	O_X	9.24575	O_Y	0	g_odom_x	0	g_odom_y	0
W_X	9.30839	W_Y	0.0317303	A	0	O_X	9.30729	O_Y	0	g_odom_x	0	g_odom_y	0
W_X	9.33545	W_Y	0.0225396	A	0	O_X	9.32781	O_Y	0	g_odom_x	0	g_odom_y	0
W_X	9.36601	W_Y	0.00782038	A	0	O_X	9.34832	O_Y	0	g_odom_x	0	g_odom_y	0
W_X	9.38651	W_Y	0.0083806	A	0	O_X	9.36883	O_Y	0	g_odom_x	0	g_odom_y	0
W_X	9.40702	W_Y	0.0089408	A	0	O_X	9.38935	O_Y	0	g_odom_x	0	g_odom_y	0
W_X	9.42752	W_Y	0.00950076	A	0	O_X	9.40985	O_Y	0	g_odom_x	0	g_odom_y	0
W_X	9.44803	W_Y	0.0100612	A	0	O_X	9.43037	O_Y	0	g_odom_x	0	g_odom_y	0
W_X	9.46854	W_Y	0.0106215	A	0	O_X	9.45089	O_Y	0	g_odom_x	0	g_odom_y	0
W_X	9.48904	W_Y	0.0111817	A	0	O_X	9.4714	O_Y	0	g_odom_x	0	g_odom_y	0
W_X	9.50471	W_Y	0.00862143	A	0	O_X	9.49191	O_Y	0	g_odom_x	0	g_odom_y	0
W_X	9.52943	W_Y	-0.000902165	A	0	O_X	9.53293	O_Y	0	g_odom_x	0	g_odom_y	0
W_X	9.54879	W_Y	-0.00117977	A	0	O_X	9.55344	O_Y	0	g_odom_x	0	g_odom_y	0
W_X	9.5693	W_Y	-0.000715675	A	0	O_X	9.57396	O_Y	0	g_odom_x	0	g_odom_y	0
W_X	9.58982	W_Y	-0.000251381	A	0	O_X	9.59448	O_Y	0	g_odom_x	0	g_odom_y	0
W_X	9.61033	W_Y	0.000212728	A	0	O_X	9.61499	O_Y	0	g_odom_x	0	g_odom_y	0
W_X	9.63084	W_Y	0.00067688	A	0	O_X	9.63551	O_Y	0	g_odom_x	0	g_odom_y	0
W_X	9.65134	W_Y	0.00114094	A	0	O_X	9.65602	O_Y	0	g_odom_x	0	g_odom_y	0
W_X	9.67185	W_Y	0.00160509	A	0	O_X	9.67653	O_Y	0	g_odom_x	0	g_odom_y	0
W_X	9.67185	W_Y	0.00160509	A	0	O_X	9.67653	O_Y	0	g_odom_x	0	g_odom_y	0
W_X	9.70683	W_Y	-0.013598	A	0	O_X	9.71756	O_Y	0	g_odom_x	0	g_odom_y	0
W_X	9.74314	W_Y	-0.0252219	A	0	O_X	9.75858	O_Y	0	g_odom_x	0	g_odom_y	0
W_X	9.76365	W_Y	-0.0249206	A	0	O_X	9.7791	O_Y	0	g_odom_x	0	g_odom_y	0
W_X	9.78417	W_Y	-0.0246192	A	0	O_X	9.79962	O_Y	0	g_odom_x	0	g_odom_y	0
W_X	9.80467	W_Y	-0.024318	A	0	O_X	9.82012	O_Y	0	g_odom_x	0	g_odom_y	0
W_X	9.82519	W_Y	-0.0240166	A	0	O_X	9.84064	O_Y	0	g_odom_x	0	g_odom_y	0
W_X	9.8457	W_Y	-0.0237153	A	0	O_X	9.86115	O_Y	0	g_odom_x	0	g_odom_y	0
W_X	9.86621	W_Y	-0.023414	A	0	O_X	9.88166	O_Y	0	g_odom_x	0	g_odom_y	0
W_X	9.90723	W_Y	-0.0228113	A	0	O_X	9.92269	O_Y	0	g_odom_x	0	g_odom_y	0
W_X	9.92544	W_Y	-0.0250793	A	0	O_X	9.9432	O_Y	0	g_odom_x	0	g_odom_y	0
W_X	9.93281	W_Y	-0.039476	A	0	O_X	9.96371	O_Y	0	g_odom_x	0	g_odom_y	0
W_X	9.95084	W_Y	-0.0420339	A	0	O_X	9.98423	O_Y	0	g_odom_x	0	g_odom_y	0
W_X	9.97135	W_Y	-0.0418275	A	0	O_X	10.0047	O_Y	0	g_odom_x	0	g_odom_y	0
W_X	9.99186	W_Y	-0.0416211	A	0	O_X	10.0253	O_Y	0	g_odom_x	0	g_odom_y	0
W_X	10.0329	W_Y	-0.0412086	A	0	O_X	10.0663	O_Y	0	g_odom_x	0	g_odom_y	0
W_X	10.0534	W_Y	-0.0410021	A	0	O_X	10.0868	O_Y	0	g_odom_x	0	g_odom_y	0
W_X	10.0739	W_Y	-0.0407957	A	0	O_X	10.1073	O_Y	0	g_odom_x	0	g_odom_y	0
W_X	10.0944	W_Y	-0.0405895	A	0	O_X	10.1278	O_Y	0	g_odom_x	0	g_odom_y	0
W_X	10.0934	W_Y	-0.0514678	A	0	O_X	10.1483	O_Y	0	g_odom_x	0	g_odom_y	0
W_X	10.1046	W_Y	-0.0561318	A	0	O_X	10.1688	O_Y	0	g_odom_x	0	g_odom_y	0
W_X	10.1251	W_Y	-0.0560161	A	0	O_X	10.1894	O_Y	0	g_odom_x	0	g_odom_y	0
W_X	10.1456	W_Y	-0.0559004	A	0	O_X	10.2099	O_Y	0	g_odom_x	0	g_odom_y	0
W_X	10.1661	W_Y	-0.0557847	A	0	O_X	10.2304	O_Y	0	g_odom_x	0	g_odom_y	0
W_X	10.1866	W_Y	-0.0556689	A	0	O_X	10.2509	O_Y	0	g_odom_x	0	g_odom_y	0
W_X	10.2071	W_Y	-0.0555532	A	0	O_X	10.2714	O_Y	0	g_odom_x	0	g_odom_y	0
W_X	10.2276	W_Y	-0.0554375	A	0	O_X	10.2919	O_Y	0	g_odom_x	0	g_odom_y	0
W_X	10.2481	W_Y	-0.0553217	A	0	O_X	10.3124	O_Y	0	g_odom_x	0	g_odom_y	0
W_X	10.2626	W_Y	-0.0606335	A	0	O_X	10.3329	O_Y	0	g_odom_x	0	g_odom_y	0
W_X	10.2904	W_Y	-0.072276	A	0	O_X	10.374	O_Y	0	g_odom_x	0	g_odom_y	0
W_X	10.311	W_Y	-0.0722332	A	0	O_X	10.3945	O_Y	0	g_odom_x	0	g_odom_y	0
W_X	10.3315	W_Y	-0.0721904	A	0	O_X	10.415	O_Y	0	g_odom_x	0	g_odom_y	0
W_X	10.352	W_Y	-0.0721476	A	0	O_X	10.4355	O_Y	0	g_odom_x	0	g_odom_y	0
W_X	10.3725	W_Y	-0.0721048	A	0	O_X	10.456	O_Y	0	g_odom_x	0	g_odom_y	0
W_X	10.393	W_Y	-0.072062	A	0	O_X	10.4765	O_Y	0	g_odom_x	0	g_odom_y	0
W_X	10.4135	W_Y	-0.0720193	A	0	O_X	10.497	O_Y	0	g_odom_x	0	g_odom_y	0
W_X	10.4545	W_Y	-0.0719337	A	0	O_X	10.5381	O_Y	0	g_odom_x	0	g_odom_y	0
W_X	10.4751	W_Y	-0.0718909	A	0	O_X	10.5586	O_Y	0	g_odom_x	0	g_odom_y	0
W_X	10.4842	W_Y	-0.0828704	A	0	O_X	10.5791	O_Y	0	g_odom_x	0	g_odom_y	0
W_X	10.4986	W_Y	-0.088782	A	0	O_X	10.5996	O_Y	0	g_odom_x	0	g_odom_y	0
W_X	10.5191	W_Y	-0.0887931	A	0	O_X	10.6201	O_Y	0	g_odom_x	0	g_odom_y	0
W_X	10.5397	W_Y	-0.0888042	A	0	O_X	10.6407	O_Y	0	g_odom_x	0	g_odom_y	0
W_X	10.5602	W_Y	-0.0888153	A	0	O_X	10.6613	O_Y	0	g_odom_x	0	g_odom_y	0
W_X	10.6012	W_Y	-0.0888375	A	0	O_X	10.7022	O_Y	0	g_odom_x	0	g_odom_y	0
W_X	10.6217	W_Y	-0.0888486	A	0	O_X	10.7228	O_Y	0	g_odom_x	0	g_odom_y	0
W_X	10.6425	W_Y	-0.0888598	A	0	O_X	10.7435	O_Y	0	g_odom_x	0	g_odom_y	0
W_X	10.6627	W_Y	-0.0888708	A	0	O_X	10.7638	O_Y	0	g_odom_x	0	g_odom_y	0
W_X	10.6795	W_Y	-0.0918366	A	0	O_X	10.7843	O_Y	0	g_odom_x	0	g_odom_y	0
W_X	10.69	W_Y	-0.0998115	A	0	O_X	10.8048	O_Y	0	g_odom_x	0	g_odom_y	0
W_X	10.7105	W_Y	-0.0998549	A	0	O_X	10.8253	O_Y	0	g_odom_x	0	g_odom_y	0
W_X	10.7515	W_Y	-0.0999417	A	0	O_X	10.8663	O_Y	0	g_odom_x	0	g_odom_y	0
W_X	10.772	W_Y	-0.0999851	A	0	O_X	10.8868	O_Y	0	g_odom_x	0	g_odom_y	0
W_X	10.7925	W_Y	-0.100028	A	0	O_X	10.9074	O_Y	0	g_odom_x	0	g_odom_y	0
W_X	10.813	W_Y	-0.100072	A	0	O_X	10.9279	O_Y	0	g_odom_x	0	g_odom_y	0
W_X	10.8335	W_Y	-0.100115	A	0	O_X	10.9484	O_Y	0	g_odom_x	0	g_odom_y	0
W_X	10.8541	W_Y	-0.100159	A	0	O_X	10.9689	O_Y	0	g_odom_x	0	g_odom_y	0
W_X	10.8746	W_Y	-0.100202	A	0	O_X	10.9894	O_Y	0	g_odom_x	0	g_odom_y	0
W_X	10.8829	W_Y	-0.102845	A	0	O_X	11.0099	O_Y	0	g_odom_x	0	g_odom_y	0
W_X	10.894	W_Y	-0.104894	A	0	O_X	11.0305	O_Y	0	g_odom_x	0	g_odom_y	0
W_X	10.9145	W_Y	-0.104936	A	0	O_X	11.051	O_Y	0	g_odom_x	0	g_odom_y	0
W_X	10.935	W_Y	-0.104978	A	0	O_X	11.0715	O_Y	0	g_odom_x	0	g_odom_y	0
W_X	10.9555	W_Y	-0.105021	A	0	O_X	11.092	O_Y	0	g_odom_x	0	g_odom_y	0
W_X	10.976	W_Y	-0.105063	A	0	O_X	11.1125	O_Y	0	g_odom_x	0	g_odom_y	0
W_X	11.017	W_Y	-0.105148	A	0	O_X	11.1535	O_Y	0	g_odom_x	0	g_odom_y	0
section	ahead	liner											
W_X	11.325	W_Y	-0.110138	A	0	O_X	11.2561	O_Y	0	g_odom_x	0	g_odom_y	0
W_X	11.3455	W_Y	-0.110227	A	0	O_X	11.5022	O_Y	0	g_odom_x	0	g_odom_y	0
W_X	11.366	W_Y	-0.110315	A	0	O_X	11.5228	O_Y	0	g_odom_x	0	g_odom_y	0
W_X	11.3865	W_Y	-0.110403	A	0	O_X	11.5433	O_Y	0	g_odom_x	0	g_odom_y	0
W_X	11.4054	W_Y	-0.110484	A	0	O_X	11.5622	O_Y	0	g_odom_x	0	g_odom_y	0
W_X	11.4243	W_Y	-0.110566	A	0	O_X	11.5811	O_Y	0	g_odom_x	0	g_odom_y	0
W_X	11.4432	W_Y	-0.110647	A	0	O_X	11.6	O_Y	0	g_odom_x	0	g_odom_y	0
W_X	11.4621	W_Y	-0.110728	A	0	O_X	11.6188	O_Y	0	g_odom_x	0	g_odom_y	0
W_X	11.4813	W_Y	-0.111598	A	0	O_X	11.6377	O_Y	0	g_odom_x	0	g_odom_y	0
W_X	11.5028	W_Y	-0.117787	A	0	O_X	11.6567	O_Y	0	g_odom_x	0	g_odom_y	0
W_X	11.5217	W_Y	-0.119344	A	0	O_X	11.675	O_Y	0	g_odom_x	0	g_odom_y	0
W_X	11.5217	W_Y	-0.119344	A	0	O_X	11.675	O_Y	0	g_odom_x	0	g_odom_y	0
W_X	11.5573	W_Y	-0.119555	A	0	O_X	11.7106	O_Y	0	g_odom_x	0	g_odom_y	0
W_X	11.593	W_Y	-0.119766	A	0	O_X	11.7462	O_Y	0	g_odom_x	0	g_odom_y	0
W_X	11.6108	W_Y	-0.119872	A	0	O_X	11.7641	O_Y	0	g_odom_x	0	g_odom_y	0
W_X	11.6286	W_Y	-0.119978	A	0	O_X	11.7819	O_Y	0	g_odom_x	0	g_odom_y	0
W_X	11.6459	W_Y	-0.12008	A	0	O_X	11.7991	O_Y	0	g_odom_x	0	g_odom_y	0
W_X	11.6631	W_Y	-0.120183	A	0	O_X	11.8164	O_Y	0	g_odom_x	0	g_odom_y	0
W_X	11.6804	W_Y	-0.120285	A	0	O_X	11.8337	O_Y	0	g_odom_x	0	g_odom_y	0
W_X	11.7156	W_Y	-0.121625	A	0	O_X	11.8682	O_Y	0	g_odom_x	0	g_odom_y	0
W_X	11.7363	W_Y	-0.128827	A	0	O_X	11.885	O_Y	0	g_odom_x	0	g_odom_y	0
W_X	11.7538	W_Y	-0.130355	A	0	O_X	11.9017	O_Y	0	g_odom_x	0	g_odom_y	0
W_X	11.7705	W_Y	-0.130494	A	0	O_X	11.9184	O_Y	0	g_odom_x	0	g_odom_y	0
W_X	11.7867	W_Y	-0.130628	A	0	O_X	11.9346	O_Y	0	g_odom_x	0	g_odom_y	0
W_X	11.8029	W_Y	-0.130762	A	0	O_X	11.9508	O_Y	0	g_odom_x	0	g_odom_y	0
section	ahead	liner											
section	Arc	ahead											
X	12.1776	Y	0	A	0	g_odom_x	0	g_odom_y	0				
X	12.2413	Y	0	A	0	g_odom_x	0	g_odom_y	0				
X	12.2715	Y	0	A	0	g_odom_x	0	g_odom_y	0				
X	12.3017	Y	0	A	0	g_odom_x	0	g_odom_y	0				
X	12.3622	Y	0	A	0	g_odom_x	0	g_odom_y	0				
X	12.3919	Y	0	A	0	g_odom_x	0	g_odom_y	0				
X	12.421	Y	0	A	0	g_odom_x	0	g_odom_y	0				
