W_X	0.0163078	W_Y	0.00489043	A	0	O_X	0	O_Y	0	g_odom_x	0	g_odom_y	0
W_X	0.0163078	W_Y	0.00489043	A	0	O_X	0	O_Y	0	g_odom_x	0	g_odom_y	0
W_X	0.0265671	W_Y	0.00494482	A	0	O_X	0.0102594	O_Y	0	g_odom_x	0	g_odom_y	0
W_X	0.0368264	W_Y	0.0049992	A	0	O_X	0.0205189	O_Y	0	g_odom_x	0	g_odom_y	0
W_X	0.0584177	W_Y	0.00511366	A	0	O_X	0.0421105	O_Y	0	g_odom_x	0	g_odom_y	0
W_X	0.069213	W_Y	0.00517088	A	0.719232	O_X	0.052906	O_Y	0	g_odom_x	0	g_odom_y	0
W_X	0.0800077	W_Y	0.00536363	A	-0.0710293	O_X	0.0637015	O_Y	0.000135523	g_odom_x	0	g_odom_y	0
W_X	0.0913425	W_Y	0.00540966	A	-0.343917	O_X	0.0750364	O_Y	0.000121471	g_odom_x	0	g_odom_y	0
W_X	0.103217	W_Y	0.00540133	A	0.308348	O_X	0.086911	O_Y	5.01928E-05	g_odom_x	0	g_odom_y	0
W_X	0.115095	W_Y	0.00552822	A	0.571158	O_X	0.0987889	O_Y	0.000114117	g_odom_x	0	g_odom_y	0
W_X	0.126971	W_Y	0.00570958	A	0.833968	O_X	0.110666	O_Y	0.000232522	g_odom_x	0	g_odom_y	0
W_X	0.150718	W_Y	0.00618117	A	0.833968	O_X	0.134415	O_Y	0.000578223	g_odom_x	0	g_odom_y	0
W_X	0.163134	W_Y	0.00642773	A	0.833968	O_X	0.146832	O_Y	0.000758966	g_odom_x	0	g_odom_y	0
W_X	0.175545	W_Y	0.00667421	A	0.833968	O_X	0.159244	O_Y	0.000939651	g_odom_x	0	g_odom_y	0
W_X	0.18849	W_Y	0.00693128	A	0.833968	O_X	0.17219	O_Y	0.0011281	g_odom_x	0	g_odom_y	0
W_X	0.201441	W_Y	0.00718847	A	0.987117	O_X	0.185143	O_Y	0.00131664	g_odom_x	0	g_odom_y	0
W_X	0.214394	W_Y	0.00748036	A	1.14027	O_X	0.198098	O_Y	0.00153985	g_odom_x	0	g_odom_y	0
W_X	0.227893	W_Y	0.00782063	A	0.704185	O_X	0.211598	O_Y	0.00180856	g_odom_x	0	g_odom_y	0
W_X	0.241388	W_Y	0.00805804	A	0.704185	O_X	0.225094	O_Y	0.00197444	g_odom_x	0	g_odom_y	0
W_X	0.255423	W_Y	0.00830497	A	0.704185	O_X	0.23913	O_Y	0.00214696	g_odom_x	0	g_odom_y	0
W_X	0.269467	W_Y	0.00855204	A	0.704185	O_X	0.253175	O_Y	0.00231958	g_odom_x	0	g_odom_y	0
W_X	0.28403	W_Y	0.00880826	A	0.704185	O_X	0.267739	O_Y	0.0024986	g_odom_x	0	g_odom_y	0
W_X	0.298603	W_Y	0.00906464	A	0.704185	O_X	0.282313	O_Y	0.00267773	g_odom_x	0	g_odom_y	0
W_X	0.313176	W_Y	0.00932102	A	0.704185	O_X	0.296887	O_Y	0.00285686	g_odom_x	0	g_odom_y	0
W_X	0.343401	W_Y	0.00985277	A	0.704185	O_X	0.327115	O_Y	0.00322838	g_odom_x	0	g_odom_y	0
W_X	0.35851	W_Y	0.0101186	A	0.704185	O_X	0.342225	O_Y	0.0034141	g_odom_x	0	g_odom_y	0
W_X	0.37716	W_Y	0.00602731	A	0.704185	O_X	0.357341	O_Y	0.00359989	g_odom_x	0	g_odom_y	0
W_X	0.401577	W_Y	-0.00475658	A	0.704185	O_X	0.373067	O_Y	0.00379318	g_odom_x	0	g_odom_y	0
W_X	0.417161	W_Y	-0.0047753	A	0.704185	O_X	0.38865	O_Y	0.0039847	g_odom_x	0	g_odom_y	0
W_X	0.433359	W_Y	-0.00479476	A	0.704185	O_X	0.404847	O_Y	0.00418378	g_odom_x	0	g_odom_y	0
W_X	0.449557	W_Y	-0.00481421	A	0.704185	O_X	0.421043	O_Y	0.00438285	g_odom_x	0	g_odom_y	0
W_X	0.483022	W_Y	-0.0048544	A	0.704185	O_X	0.454505	O_Y	0.00479413	g_odom_x	0	g_odom_y	0
W_X	0.499774	W_Y	-0.00487452	A	0.704185	O_X	0.471256	O_Y	0.00500002	g_odom_x	0	g_odom_y	0
W_X	0.516494	W_Y	-0.0048946	A	0.704185	O_X	0.487975	O_Y	0.00520551	g_odom_x	0	g_odom_y	0
W_X	0.533754	W_Y	-0.00491533	A	0.704185	O_X	0.505233	O_Y	0.00541763	g_odom_x	0	g_odom_y	0
W_X	0.551565	W_Y	-0.00493673	A	0.704185	O_X	0.523043	O_Y	0.00563653	g_odom_x	0	g_odom_y	0
W_X	0.569381	W_Y	-0.00495812	A	0.704185	O_X	0.540858	O_Y	0.00585549	g_odom_x	0	g_odom_y	0
W_X	0.587196	W_Y	-0.00497952	A	0.704185	O_X	0.558672	O_Y	0.00607444	g_odom_x	0	g_odom_y	0
W_X	0.622824	W_Y	-0.00502231	A	1.04712	O_X	0.594297	O_Y	0.00651231	g_odom_x	0	g_odom_y	0
W_X	0.641177	W_Y	-0.0049345	A	1.04712	O_X	0.612648	O_Y	0.00684772	g_odom_x	0	g_odom_y	0
W_X	0.663994	W_Y	-0.00402457	A	1.04712	O_X	0.631001	O_Y	0.00718317	g_odom_x	0	g_odom_y	0
W_X	0.68703	W_Y	-0.00333597	A	1.04712	O_X	0.64989	O_Y	0.00752843	g_odom_x	0	g_odom_y	0
W_X	0.705923	W_Y	-0.00341342	A	0.76208	O_X	0.66878	O_Y	0.00787369	g_odom_x	0	g_odom_y	0
W_X	0.725358	W_Y	-0.00358979	A	0.76208	O_X	0.688214	O_Y	0.0081322	g_odom_x	0	g_odom_y	0
W_X	0.744793	W_Y	-0.00376616	A	0.76208	O_X	0.707649	O_Y	0.00839071	g_odom_x	0	g_odom_y	0
W_X	0.783649	W_Y	-0.00411876	A	0.76208	O_X	0.746502	O_Y	0.00890752	g_odom_x	0	g_odom_y	0
W_X	0.80363	W_Y	-0.00430009	A	0.76208	O_X	0.766483	O_Y	0.00917329	g_odom_x	0	g_odom_y	0
W_X	0.823603	W_Y	-0.00448133	A	0.76208	O_X	0.786454	O_Y	0.00943895	g_odom_x	0	g_odom_y	0
W_X	0.843575	W_Y	-0.00466257	A	0.76208	O_X	0.806425	O_Y	0.00970459	g_odom_x	0	g_odom_y	0
W_X	0.864086	W_Y	-0.00484871	A	0.76208	O_X	0.826936	O_Y	0.00997742	g_odom_x	0	g_odom_y	0
W_X	0.884598	W_Y	-0.00503485	A	0.76208	O_X	0.847447	O_Y	0.0102502	g_odom_x	0	g_odom_y	0
W_X	0.925694	W_Y	-0.0212439	A	0.76208	O_X	0.88847	O_Y	0.0107959	g_odom_x	0	g_odom_y	0
W_X	0.946174	W_Y	-0.0363259	A	0.76208	O_X	0.908981	O_Y	0.0110687	g_odom_x	0	g_odom_y	0
W_X	0.966681	W_Y	-0.0369329	A	0.76208	O_X	0.929495	O_Y	0.0113416	g_odom_x	0	g_odom_y	0
W_X	0.987185	W_Y	-0.0375398	A	0.76208	O_X	0.950006	O_Y	0.0116145	g_odom_x	0	g_odom_y	0
W_X	1.00769	W_Y	-0.0381467	A	0.76208	O_X	0.970517	O_Y	0.0118873	g_odom_x	0	g_odom_y	0
section	ahead	liner											
W_X	1.32378	W_Y	-0.0301332	A	0.76208	O_X	1.09359	O_Y	0.0135244	g_odom_x	0	g_odom_y	0
W_X	1.34044	W_Y	-0.0402036	A	1.62449	O_X	1.3192	O_Y	0.0172827	g_odom_x	0	g_odom_y	0
W_X	1.35454	W_Y	-0.0566947	A	1.80204	O_X	1.3397	O_Y	0.0178642	g_odom_x	0	g_odom_y	0
W_X	1.39555	W_Y	-0.0579051	A	1.80204	O_X	1.38071	O_Y	0.0191544	g_odom_x	0	g_odom_y	0
W_X	1.41605	W_Y	-0.0585101	A	1.80204	O_X	1.40121	O_Y	0.0197994	g_odom_x	0	g_odom_y	0
W_X	1.43655	W_Y	-0.0591153	A	1.80204	O_X	1.42171	O_Y	0.0204444	g_odom_x	0	g_odom_y	0
W_X	1.45705	W_Y	-0.0597202	A	1.80204	O_X	1.44221	O_Y	0.0210892	g_odom_x	0	g_odom_y	0
W_X	1.47756	W_Y	-0.0603254	A	1.80204	O_X	1.46271	O_Y	0.0217344	g_odom_x	0	g_odom_y	0
W_X	1.49806	W_Y	-0.0609305	A	1.80204	O_X	1.48321	O_Y	0.0223794	g_odom_x	0	g_odom_y	0
W_X	1.51857	W_Y	-0.0615359	A	1.80204	O_X	1.50372	O_Y	0.0230247	g_odom_x	0	g_odom_y	0
W_X	1.53907	W_Y	-0.062141	A	1.80204	O_X	1.52423	O_Y	0.0236697	g_odom_x	0	g_odom_y	0
W_X	1.564	W_Y	-0.0621658	A	1.80204	O_X	1.54473	O_Y	0.0243148	g_odom_x	0	g_odom_y	0
W_X	1.58667	W_Y	-0.0625818	A	1.80204	O_X	1.56523	O_Y	0.0249599	g_odom_x	0	g_odom_y	0
W_X	1.60717	W_Y	-0.0632826	A	1.80204	O_X	1.58574	O_Y	0.025605	g_odom_x	0	g_odom_y	0
W_X	1.62768	W_Y	-0.0639838	A	1.99187	O_X	1.60626	O_Y	0.0262505	g_odom_x	0	g_odom_y	0
W_X	1.6482	W_Y	-0.064617	A	2.18169	O_X	1.62677	O_Y	0.026964	g_odom_x	0	g_odom_y	0
W_X	1.68921	W_Y	-0.0657467	A	2.18169	O_X	1.66777	O_Y	0.0285258	g_odom_x	0	g_odom_y	0
W_X	1.70972	W_Y	-0.0663116	A	2.18169	O_X	1.68827	O_Y	0.0293068	g_odom_x	0	g_odom_y	0
W_X	1.73023	W_Y	-0.0668765	A	2.36533	O_X	1.70877	O_Y	0.0300878	g_odom_x	0	g_odom_y	0
W_X	1.75073	W_Y	-0.0673755	A	2.36533	O_X	1.72926	O_Y	0.0309342	g_odom_x	0	g_odom_y	0
W_X	1.77172	W_Y	-0.0629144	A	2.36533	O_X	1.74976	O_Y	0.0317808	g_odom_x	0	g_odom_y	0
W_X	1.79364	W_Y	-0.0472922	A	2.36533	O_X	1.77026	O_Y	0.0326276	g_odom_x	0	g_odom_y	0
W_X	1.81421	W_Y	-0.0467416	A	2.36533	O_X	1.79076	O_Y	0.0334744	g_odom_x	0	g_odom_y	0
W_X	1.85523	W_Y	-0.0471131	A	2.36533	O_X	1.83174	O_Y	0.0351673	g_odom_x	0	g_odom_y	0
W_X	1.87575	W_Y	-0.0472989	A	2.36533	O_X	1.85224	O_Y	0.0360142	g_odom_x	0	g_odom_y	0
W_X	1.89625	W_Y	-0.0474846	A	2.36533	O_X	1.87273	O_Y	0.0368605	g_odom_x	0	g_odom_y	0
W_X	1.91677	W_Y	-0.0476704	A	2.36533	O_X	1.89323	O_Y	0.0377073	g_odom_x	0	g_odom_y	0
W_X	1.93728	W_Y	-0.0478561	A	2.36533	O_X	1.91372	O_Y	0.0385537	g_odom_x	0	g_odom_y	0
W_X	1.9578	W_Y	-0.048042	A	2.36533	O_X	1.93423	O_Y	0.0394006	g_odom_x	0	g_odom_y	0
W_X	1.97832	W_Y	-0.0482278	A	2.36533	O_X	1.95473	O_Y	0.0402475	g_odom_x	0	g_odom_y	0
W_X	2.0215	W_Y	-0.0451476	A	2.79348	O_X	1.99572	O_Y	0.0419406	g_odom_x	0	g_odom_y	0
W_X	2.04428	W_Y	-0.0414872	A	2.79348	O_X	2.0162	O_Y	0.0429402	g_odom_x	0	g_odom_y	0
W_X	2.0648	W_Y	-0.0414725	A	3.03805	O_X	2.0367	O_Y	0.0439402	g_odom_x	0	g_odom_y	0
W_X	2.08529	W_Y	-0.0413704	A	3.03805	O_X	2.05716	O_Y	0.0450262	g_odom_x	0	g_odom_y	0
W_X	2.1058	W_Y	-0.0412681	A	3.22778	O_X	2.07765	O_Y	0.0461134	g_odom_x	0	g_odom_y	0
W_X	2.12631	W_Y	-0.041098	A	3.22778	O_X	2.09813	O_Y	0.0472684	g_odom_x	0	g_odom_y	0
W_X	2.14683	W_Y	-0.0409278	A	3.22778	O_X	2.11861	O_Y	0.0484235	g_odom_x	0	g_odom_y	0
W_X	2.18785	W_Y	-0.0405875	A	3.22778	O_X	2.15957	O_Y	0.0507335	g_odom_x	0	g_odom_y	0
W_X	2.20837	W_Y	-0.0404173	A	3.22778	O_X	2.18005	O_Y	0.0518886	g_odom_x	0	g_odom_y	0
W_X	2.22889	W_Y	-0.0399601	A	3.22778	O_X	2.20053	O_Y	0.0530436	g_odom_x	0	g_odom_y	0
W_X	2.24956	W_Y	-0.0333373	A	3.22778	O_X	2.22102	O_Y	0.0541988	g_odom_x	0	g_odom_y	0
W_X	2.27013	W_Y	-0.031139	A	3.22778	O_X	2.24151	O_Y	0.0553544	g_odom_x	0	g_odom_y	0
W_X	2.29063	W_Y	-0.0309032	A	3.22778	O_X	2.26198	O_Y	0.056509	g_odom_x	0	g_odom_y	0
W_X	2.31113	W_Y	-0.0306674	A	3.22778	O_X	2.28245	O_Y	0.0576635	g_odom_x	0	g_odom_y	0
W_X	2.35215	W_Y	-0.0301957	A	3.22778	O_X	2.32341	O_Y	0.0599732	g_odom_x	0	g_odom_y	0
W_X	2.37266	W_Y	-0.0299598	A	3.22778	O_X	2.34389	O_Y	0.0611282	g_odom_x	0	g_odom_y	0
W_X	2.39318	W_Y	-0.0297239	A	3.22778	O_X	2.36437	O_Y	0.0622834	g_odom_x	0	g_odom_y	0
W_X	2.41369	W_Y	-0.029488	A	3.22778	O_X	2.38485	O_Y	0.0634383	g_odom_x	0	g_odom_y	0
W_X	2.4342	W_Y	-0.0292521	A	3.22778	O_X	2.40533	O_Y	0.0645933	g_odom_x	0	g_odom_y	0
W_X	2.45363	W_Y	-0.0250797	A	3.22778	O_X	2.42582	O_Y	0.0657484	g_odom_x	0	g_odom_y	0
W_X	2.49283	W_Y	-0.0178969	A	3.22778	O_X	2.46677	O_Y	0.0680581	g_odom_x	0	g_odom_y	0
W_X	2.51334	W_Y	-0.0175846	A	3.22778	O_X	2.48725	O_Y	0.069213	g_odom_x	0	g_odom_y	0
W_X	2.53384	W_Y	-0.0172723	A	3.22778	O_X	2.50773	O_Y	0.0703679	g_odom_x	0	g_odom_y	0
W_X	2.55436	W_Y	-0.01696	A	3.22778	O_X	2.52821	O_Y	0.071523	g_odom_x	0	g_odom_y	0
W_X	2.57487	W_Y	-0.0166477	A	3.22778	O_X	2.54869	O_Y	0.072678	g_odom_x	0	g_odom_y	0
W_X	2.59538	W_Y	-0.0163354	A	3.22778	O_X	2.56917	O_Y	0.0738329	g_odom_x	0	g_odom_y	0
W_X	2.61589	W_Y	-0.0160231	A	3.22778	O_X	2.58965	O_Y	0.0749879	g_odom_x	0	g_odom_y	0
W_X	2.63641	W_Y	-0.0157107	A	3.22778	O_X	2.61014	O_Y	0.0761434	g_odom_x	0	g_odom_y	0
W_X	2.65692	W_Y	-0.0153984	A	3.22778	O_X	2.63062	O_Y	0.0772985	g_odom_x	0	g_odom_y	0
W_X	2.67252	W_Y	-0.00204168	A	3.22778	O_X	2.6511	O_Y	0.0784535	g_odom_x	0	g_odom_y	0
W_X	2.69058	W_Y	0.00485879	A	3.03403	O_X	2.67158	O_Y	0.0796085	g_odom_x	0	g_odom_y	0
W_X	2.71109	W_Y	0.00524203	A	3.03403	O_X	2.69207	O_Y	0.0806943	g_odom_x	0	g_odom_y	0
W_X	2.7316	W_Y	0.00562524	A	3.03403	O_X	2.71255	O_Y	0.0817801	g_odom_x	0	g_odom_y	0
W_X	2.75212	W_Y	0.00600845	A	3.03403	O_X	2.73304	O_Y	0.0828659	g_odom_x	0	g_odom_y	0
W_X	2.79313	W_Y	0.00677484	A	3.03403	O_X	2.77401	O_Y	0.0850374	g_odom_x	0	g_odom_y	0
W_X	2.81365	W_Y	0.00715805	A	3.03403	O_X	2.79449	O_Y	0.0861232	g_odom_x	0	g_odom_y	0
W_X	2.83415	W_Y	0.00754118	A	3.03403	O_X	2.81498	O_Y	0.0872088	g_odom_x	0	g_odom_y	0
W_X	2.85466	W_Y	0.00792443	A	3.27858	O_X	2.83546	O_Y	0.0882947	g_odom_x	0	g_odom_y	0
W_X	2.87476	W_Y	0.0114391	A	3.27858	O_X	2.85594	O_Y	0.0894679	g_odom_x	0	g_odom_y	0
W_X	2.89388	W_Y	0.0219551	A	3.43197	O_X	2.87642	O_Y	0.0906411	g_odom_x	0	g_odom_y	0
W_X	2.93479	W_Y	0.0237901	A	3.58536	O_X	2.91736	O_Y	0.0930961	g_odom_x	0	g_odom_y	0
W_X	2.95532	W_Y	0.0245063	A	3.18585	O_X	2.93786	O_Y	0.0943804	g_odom_x	0	g_odom_y	0
W_X	2.97582	W_Y	0.0250787	A	3.18585	O_X	2.95834	O_Y	0.0955204	g_odom_x	0	g_odom_y	0
W_X	2.99634	W_Y	0.0256513	A	2.97374	O_X	2.97883	O_Y	0.096661	g_odom_x	0	g_odom_y	0
W_X	3.01683	W_Y	0.0261473	A	2.97374	O_X	2.9993	O_Y	0.0977243	g_odom_x	0	g_odom_y	0
W_X	3.03734	W_Y	0.0266438	A	2.74347	O_X	3.01978	O_Y	0.0987885	g_odom_x	0	g_odom_y	0
W_X	3.05785	W_Y	0.0270579	A	2.51319	O_X	3.04027	O_Y	0.0997704	g_odom_x	0	g_odom_y	0
W_X	3.09885	W_Y	0.0277208	A	2.51319	O_X	3.08125	O_Y	0.101569	g_odom_x	0	g_odom_y	0
W_X	3.12026	W_Y	0.0431993	A	2.51319	O_X	3.10175	O_Y	0.102469	g_odom_x	0	g_odom_y	0
W_X	3.14166	W_Y	0.0618535	A	2.51319	O_X	3.12225	O_Y	0.103368	g_odom_x	0	g_odom_y	0
W_X	3.16216	W_Y	0.0624751	A	2.75161	O_X	3.14274	O_Y	0.104268	g_odom_x	0	g_odom_y	0
W_X	3.18267	W_Y	0.0631821	A	2.75161	O_X	3.16323	O_Y	0.105253	g_odom_x	0	g_odom_y	0
W_X	3.20317	W_Y	0.0638889	A	2.75161	O_X	3.18372	O_Y	0.106237	g_odom_x	0	g_odom_y	0
W_X	3.22367	W_Y	0.0645958	A	2.75161	O_X	3.20421	O_Y	0.107222	g_odom_x	0	g_odom_y	0
W_X	3.26467	W_Y	0.0660096	A	2.75161	O_X	3.24519	O_Y	0.109192	g_odom_x	0	g_odom_y	0
W_X	3.28517	W_Y	0.0667165	A	2.75161	O_X	3.26568	O_Y	0.110176	g_odom_x	0	g_odom_y	0
W_X	3.30603	W_Y	0.0693555	A	2.75161	O_X	3.28617	O_Y	0.111161	g_odom_x	0	g_odom_y	0
W_X	3.32733	W_Y	0.0744278	A	2.75161	O_X	3.30666	O_Y	0.112146	g_odom_x	0	g_odom_y	0
W_X	3.34782	W_Y	0.0751698	A	2.75161	O_X	3.32713	O_Y	0.11313	g_odom_x	0	g_odom_y	0
W_X	3.36833	W_Y	0.0759128	A	2.75161	O_X	3.34764	O_Y	0.114115	g_odom_x	0	g_odom_y	0
W_X	3.38885	W_Y	0.0766558	A	2.75161	O_X	3.36814	O_Y	0.115101	g_odom_x	0	g_odom_y	0
W_X	3.42984	W_Y	0.0781407	A	2.75161	O_X	3.40912	O_Y	0.11707	g_odom_x	0	g_odom_y	0
W_X	3.45034	W_Y	0.0788832	A	2.47263	O_X	3.42961	O_Y	0.118055	g_odom_x	0	g_odom_y	0
W_X	3.47085	W_Y	0.0795259	A	2.47263	O_X	3.4501	O_Y	0.11894	g_odom_x	0	g_odom_y	0
W_X	3.49135	W_Y	0.0801685	A	2.19365	O_X	3.4706	O_Y	0.119825	g_odom_x	0	g_odom_y	0
W_X	3.51186	W_Y	0.0807113	A	2.19365	O_X	3.4911	O_Y	0.12061	g_odom_x	0	g_odom_y	0
W_X	3.53324	W_Y	0.0889524	A	2.02424	O_X	3.51159	O_Y	0.121395	g_odom_x	0	g_odom_y	0
W_X	3.55433	W_Y	0.094749	A	1.85483	O_X	3.5321	O_Y	0.12212	g_odom_x	0	g_odom_y	0
W_X	3.57279	W_Y	0.0952031	A	1.50386	O_X	3.55055	O_Y	0.122718	g_odom_x	0	g_odom_y	0
W_X	3.59125	W_Y	0.0955442	A	1.50386	O_X	3.569	O_Y	0.123202	g_odom_x	0	g_odom_y	0
W_X	3.63224	W_Y	0.0963017	A	1.50386	O_X	3.60999	O_Y	0.124278	g_odom_x	0	g_odom_y	0
W_X	3.65275	W_Y	0.0966807	A	1.50386	O_X	3.6305	O_Y	0.124817	g_odom_x	0	g_odom_y	0
W_X	3.67326	W_Y	0.0970596	A	1.50386	O_X	3.651	O_Y	0.125355	g_odom_x	0	g_odom_y	0
W_X	3.69378	W_Y	0.0974387	A	1.50386	O_X	3.67151	O_Y	0.125893	g_odom_x	0	g_odom_y	0
W_X	3.71428	W_Y	0.0978175	A	1.50386	O_X	3.69201	O_Y	0.126431	g_odom_x	0	g_odom_y	0
W_X	3.73454	W_Y	0.0991155	A	1.05563	O_X	3.71253	O_Y	0.12697	g_odom_x	0	g_odom_y	0
W_X	3.75378	W_Y	0.103822	A	1.05563	O_X	3.73304	O_Y	0.127348	g_odom_x	0	g_odom_y	0
W_X	3.77411	W_Y	0.104742	A	0.752306	O_X	3.75355	O_Y	0.127726	g_odom_x	0	g_odom_y	0
W_X	3.79462	W_Y	0.104888	A	0.552476	O_X	3.77406	O_Y	0.127995	g_odom_x	0	g_odom_y	0
W_X	3.81513	W_Y	0.104962	A	0.261349	O_X	3.79457	O_Y	0.128193	g_odom_x	0	g_odom_y	0
W_X	3.83564	W_Y	0.104932	A	0.261349	O_X	3.81509	O_Y	0.128287	g_odom_x	0	g_odom_y	0
W_X	3.87666	W_Y	0.104873	A	0.261349	O_X	3.85611	O_Y	0.128474	g_odom_x	0	g_odom_y	0
W_X	3.89718	W_Y	0.104843	A	0.261349	O_X	3.87663	O_Y	0.128567	g_odom_x	0	g_odom_y	0
W_X	3.9177	W_Y	0.104813	A	0.0736822	O_X	3.89714	O_Y	0.128661	g_odom_x	0	g_odom_y	0
W_X	3.93822	W_Y	0.104716	A	0.0736822	O_X	3.91767	O_Y	0.128687	g_odom_x	0	g_odom_y	0
W_X	3.95706	W_Y	0.106342	A	-0.0835436	O_X	3.93818	O_Y	0.128714	g_odom_x	0	g_odom_y	0
W_X	3.97585	W_Y	0.107937	A	-0.0835436	O_X	3.95869	O_Y	0.128684	g_odom_x	0	g_odom_y	0
W_X	3.99636	W_Y	0.107758	A	-0.0835436	O_X	3.9792	O_Y	0.128654	g_odom_x	0	g_odom_y	0
W_X	4.03738	W_Y	0.1074	A	-0.507481	O_X	4.02022	O_Y	0.128594	g_odom_x	0	g_odom_y	0
W_X	4.05789	W_Y	0.10707	A	-0.507481	O_X	4.04073	O_Y	0.128413	g_odom_x	0	g_odom_y	0
W_X	4.0784	W_Y	0.106739	A	-0.658624	O_X	4.06124	O_Y	0.128231	g_odom_x	0	g_odom_y	0
W_X	4.09891	W_Y	0.106354	A	-0.658624	O_X	4.08175	O_Y	0.127995	g_odom_x	0	g_odom_y	0
W_X	4.11941	W_Y	0.105969	A	-0.882782	O_X	4.10226	O_Y	0.127759	g_odom_x	0	g_odom_y	0
W_X	4.13993	W_Y	0.105504	A	-1.11917	O_X	4.12278	O_Y	0.127443	g_odom_x	0	g_odom_y	0
W_X	4.16039	W_Y	0.104969	A	-1.35555	O_X	4.14329	O_Y	0.127042	g_odom_x	0	g_odom_y	0
W_X	4.19898	W_Y	0.104487	A	-1.79174	O_X	4.18431	O_Y	0.126072	g_odom_x	0	g_odom_y	0
W_X	4.21866	W_Y	0.103949	A	-2.00374	O_X	4.20481	O_Y	0.125431	g_odom_x	0	g_odom_y	0
W_X	4.23915	W_Y	0.103068	A	-2.00374	O_X	4.22531	O_Y	0.124713	g_odom_x	0	g_odom_y	0
W_X	4.25965	W_Y	0.102187	A	-2.15489	O_X	4.24581	O_Y	0.123996	g_odom_x	0	g_odom_y	0
W_X	4.28014	W_Y	0.101253	A	-2.15489	O_X	4.26631	O_Y	0.123225	g_odom_x	0	g_odom_y	0
W_X	4.30063	W_Y	0.100318	A	-2.34255	O_X	4.28681	O_Y	0.122453	g_odom_x	0	g_odom_y	0
W_X	4.32112	W_Y	0.0993161	A	-2.53022	O_X	4.3073	O_Y	0.121615	g_odom_x	0	g_odom_y	0
W_X	4.36209	W_Y	0.0971781	A	-2.53022	O_X	4.34829	O_Y	0.119804	g_odom_x	0	g_odom_y	0
W_X	4.38258	W_Y	0.0961091	A	-2.53022	O_X	4.36878	O_Y	0.118898	g_odom_x	0	g_odom_y	0
W_X	4.40436	W_Y	0.0952337	A	-2.68745	O_X	4.38928	O_Y	0.117993	g_odom_x	0	g_odom_y	0
W_X	4.4273	W_Y	0.094473	A	-2.68745	O_X	4.40977	O_Y	0.117031	g_odom_x	0	g_odom_y	0
W_X	4.44778	W_Y	0.0933456	A	-2.68745	O_X	4.43026	O_Y	0.116069	g_odom_x	0	g_odom_y	0
W_X	4.46826	W_Y	0.0922183	A	-2.86292	O_X	4.45075	O_Y	0.115107	g_odom_x	0	g_odom_y	0
W_X	4.48874	W_Y	0.0910283	A	-3.0384	O_X	4.47124	O_Y	0.114083	g_odom_x	0	g_odom_y	0
W_X	4.52969	W_Y	0.0885228	A	-3.0384	O_X	4.5122	O_Y	0.111908	g_odom_x	0	g_odom_y	0
W_X	4.55017	W_Y	0.0872701	A	-3.32344	O_X	4.53269	O_Y	0.110821	g_odom_x	0	g_odom_y	0
W_X	4.57063	W_Y	0.0859155	A	-3.52327	O_X	4.55317	O_Y	0.109632	g_odom_x	0	g_odom_y	0
W_X	4.5911	W_Y	0.0844895	A	-3.68659	O_X	4.57364	O_Y	0.108371	g_odom_x	0	g_odom_y	0
W_X	4.61156	W_Y	0.0830052	A	-4.00207	O_X	4.59411	O_Y	0.107052	g_odom_x	0	g_odom_y	0
W_X	4.63047	W_Y	0.0810749	A	-4.00207	O_X	4.61459	O_Y	0.105619	g_odom_x	0	g_odom_y	0
W_X	4.65005	W_Y	0.0792847	A	-4.00207	O_X	4.63507	O_Y	0.104187	g_odom_x	0	g_odom_y	0
W_X	4.69093	W_Y	0.0760901	A	-4.49896	O_X	4.67598	O_Y	0.101324	g_odom_x	0	g_odom_y	0
W_X	4.71137	W_Y	0.0743147	A	-4.49896	O_X	4.69643	O_Y	0.099715	g_odom_x	0	g_odom_y	0
W_X	4.73181	W_Y	0.0725396	A	-4.6501	O_X	4.71688	O_Y	0.0981059	g_odom_x	0	g_odom_y	0
W_X	4.75224	W_Y	0.0707106	A	-4.6501	O_X	4.73733	O_Y	0.096443	g_odom_x	0	g_odom_y	0
W_X	4.77267	W_Y	0.0688814	A	-4.6501	O_X	4.75777	O_Y	0.0947798	g_odom_x	0	g_odom_y	0
W_X	4.79311	W_Y	0.0670522	A	-4.6501	O_X	4.77822	O_Y	0.0931166	g_odom_x	0	g_odom_y	0
W_X	4.83396	W_Y	0.063395	A	-4.6501	O_X	4.8191	O_Y	0.0897914	g_odom_x	0	g_odom_y	0
W_X	4.8536	W_Y	0.0620758	A	-4.9645	O_X	4.83956	O_Y	0.0881276	g_odom_x	0	g_odom_y	0
W_X	4.871	W_Y	0.0620526	A	-4.9645	O_X	4.85999	O_Y	0.0863525	g_odom_x	0	g_odom_y	0
W_X	4.89112	W_Y	0.0603119	A	-4.9645	O_X	4.88043	O_Y	0.0845773	g_odom_x	0	g_odom_y	0
W_X	4.91154	W_Y	0.0583766	A	-5.1278	O_X	4.90086	O_Y	0.0828023	g_odom_x	0	g_odom_y	0
W_X	4.93195	W_Y	0.0563829	A	-5.1278	O_X	4.9213	O_Y	0.0809689	g_odom_x	0	g_odom_y	0
W_X	4.95236	W_Y	0.0543899	A	-5.1278	O_X	4.94172	O_Y	0.0791361	g_odom_x	0	g_odom_y	0
W_X	4.97278	W_Y	0.0523958	A	-5.1278	O_X	4.96215	O_Y	0.0773023	g_odom_x	0	g_odom_y	0
W_X	4.9932	W_Y	0.0504022	A	-5.1278	O_X	4.98258	O_Y	0.075469	g_odom_x	0	g_odom_y	0
W_X	5.0136	W_Y	0.0483979	A	-5.1278	O_X	5.00301	O_Y	0.0736357	g_odom_x	0	g_odom_y	0
W_X	5.05281	W_Y	0.0428782	A	-5.1278	O_X	5.04387	O_Y	0.0699691	g_odom_x	0	g_odom_y	0
W_X	5.07268	W_Y	0.0403387	A	-5.1278	O_X	5.06431	O_Y	0.0681356	g_odom_x	0	g_odom_y	0
W_X	5.09311	W_Y	0.0383099	A	-5.1278	O_X	5.08475	O_Y	0.0663013	g_odom_x	0	g_odom_y	0
W_X	5.11353	W_Y	0.0362817	A	-5.1278	O_X	5.10518	O_Y	0.0644674	g_odom_x	0	g_odom_y	0
W_X	5.13395	W_Y	0.0342532	A	-5.1278	O_X	5.12562	O_Y	0.0626332	g_odom_x	0	g_odom_y	0
W_X	5.15436	W_Y	0.0322254	A	-5.30937	O_X	5.14605	O_Y	0.0607998	g_odom_x	0	g_odom_y	0
W_X	5.17477	W_Y	0.0301326	A	-5.30937	O_X	5.16648	O_Y	0.0589012	g_odom_x	0	g_odom_y	0
W_X	5.19517	W_Y	0.0280404	A	-5.30937	O_X	5.18691	O_Y	0.0570033	g_odom_x	0	g_odom_y	0
W_X	5.21558	W_Y	0.0259483	A	-5.1014	O_X	5.20733	O_Y	0.0551054	g_odom_x	0	g_odom_y	0
W_X	5.2361	W_Y	0.0242575	A	-5.1014	O_X	5.22776	O_Y	0.0532811	g_odom_x	0	g_odom_y	0
W_X	5.25674	W_Y	0.0229718	A	-5.1014	O_X	5.2482	O_Y	0.0514568	g_odom_x	0	g_odom_y	0
W_X	5.29757	W_Y	0.0189391	A	-4.70977	O_X	5.28906	O_Y	0.047809	g_odom_x	0	g_odom_y	0
W_X	5.318	W_Y	0.0170617	A	-4.70977	O_X	5.30951	O_Y	0.0461242	g_odom_x	0	g_odom_y	0
W_X	5.33842	W_Y	0.0151854	A	-4.55052	O_X	5.32995	O_Y	0.0444404	g_odom_x	0	g_odom_y	0
W_X	5.37929	W_Y	0.011545	A	-4.27556	O_X	5.37085	O_Y	0.0411852	g_odom_x	0	g_odom_y	0
W_X	5.39973	W_Y	0.00982281	A	-3.97629	O_X	5.39131	O_Y	0.0396557	g_odom_x	0	g_odom_y	0
W_X	5.39973	W_Y	0.00982281	A	-3.97629	O_X	5.39131	O_Y	0.0396557	g_odom_x	0	g_odom_y	0
W_X	5.44062	W_Y	0.00659349	A	-3.67702	O_X	5.43222	O_Y	0.0368118	g_odom_x	0	g_odom_y	0
W_X	5.46109	W_Y	0.00508406	A	-3.18799	O_X	5.45271	O_Y	0.0354953	g_odom_x	0	g_odom_y	0
W_X	5.48156	W_Y	0.00375035	A	-2.83391	O_X	5.47319	O_Y	0.0343546	g_odom_x	0	g_odom_y	0
W_X	5.50084	W_Y	0.00247062	A	-2.61375	O_X	5.49367	O_Y	0.0333404	g_odom_x	0	g_odom_y	0
W_X	5.53905	W_Y	1.51375E-06	A	-2.61375	O_X	5.53466	O_Y	0.0314695	g_odom_x	0	g_odom_y	0
W_X	5.53905	W_Y	1.51375E-06	A	-2.61375	O_X	5.53466	O_Y	0.0314695	g_odom_x	0	g_odom_y	0
W_X	5.60049	W_Y	-0.00345262	A	-2.61375	O_X	5.59613	O_Y	0.028663	g_odom_x	0	g_odom_y	0
W_X	5.62098	W_Y	-0.00460401	A	-2.61375	O_X	5.61663	O_Y	0.0277276	g_odom_x	0	g_odom_y	0
W_X	5.64146	W_Y	-0.00575541	A	-2.61375	O_X	5.63712	O_Y	0.0267921	g_odom_x	0	g_odom_y	0
W_X	5.66193	W_Y	-0.00690607	A	-2.61375	O_X	5.6576	O_Y	0.0258572	g_odom_x	0	g_odom_y	0
W_X	5.6824	W_Y	-0.00805725	A	-2.61375	O_X	5.67809	O_Y	0.0249219	g_odom_x	0	g_odom_y	0
W_X	5.70289	W_Y	-0.00920884	A	-2.61375	O_X	5.69858	O_Y	0.0239862	g_odom_x	0	g_odom_y	0
W_X	5.7223	W_Y	-0.013917	A	-2.61375	O_X	5.71908	O_Y	0.0230506	g_odom_x	0	g_odom_y	0
W_X	5.74206	W_Y	-0.0175359	A	-2.61375	O_X	5.73959	O_Y	0.0221141	g_odom_x	0	g_odom_y	0
W_X	5.76254	W_Y	-0.0187527	A	-2.61375	O_X	5.76009	O_Y	0.0211785	g_odom_x	0	g_odom_y	0
W_X	5.78299	W_Y	-0.0199676	A	-2.61375	O_X	5.78055	O_Y	0.0202445	g_odom_x	0	g_odom_y	0
W_X	5.80346	W_Y	-0.0211842	A	-2.61375	O_X	5.80104	O_Y	0.0193091	g_odom_x	0	g_odom_y	0
W_X	5.82394	W_Y	-0.022401	A	-2.61375	O_X	5.82153	O_Y	0.0183736	g_odom_x	0	g_odom_y	0
W_X	5.84442	W_Y	-0.0236177	A	-2.61375	O_X	5.84202	O_Y	0.0174381	g_odom_x	0	g_odom_y	0
W_X	5.84442	W_Y	-0.0236177	A	-2.61375	O_X	5.84202	O_Y	0.0174381	g_odom_x	0	g_odom_y	0
W_X	5.90585	W_Y	-0.0272678	A	-2.61375	O_X	5.9035	O_Y	0.0146317	g_odom_x	0	g_odom_y	0
W_X	5.92595	W_Y	-0.0293416	A	-2.61375	O_X	5.92399	O_Y	0.0136963	g_odom_x	0	g_odom_y	0
W_X	5.94463	W_Y	-0.0346888	A	-2.61375	O_X	5.94448	O_Y	0.0127608	g_odom_x	0	g_odom_y	0
W_X	5.94463	W_Y	-0.0346888	A	-2.61375	O_X	5.94448	O_Y	0.0127608	g_odom_x	0	g_odom_y	0
W_X	5.96481	W_Y	-0.036607	A	-2.61375	O_X	5.96498	O_Y	0.0118254	g_odom_x	0	g_odom_y	0
W_X	5.98529	W_Y	-0.0378719	A	-2.61375	O_X	5.98547	O_Y	0.0108898	g_odom_x	0	g_odom_y	0
W_X	6.02623	W_Y	-0.040401	A	-2.61375	O_X	6.02645	O_Y	0.00901913	g_odom_x	0	g_odom_y	0
W_X	6.06718	W_Y	-0.0429305	A	-3.14733	O_X	6.06743	O_Y	0.0071482	g_odom_x	0	g_odom_y	0
W_X	6.08764	W_Y	-0.0443858	A	-3.14733	O_X	6.08791	O_Y	0.00602199	g_odom_x	0	g_odom_y	0
W_X	6.1081	W_Y	-0.0458411	A	-3.14733	O_X	6.1084	O_Y	0.00489577	g_odom_x	0	g_odom_y	0
W_X	6.12856	W_Y	-0.0472965	A	-3.14733	O_X	6.12888	O_Y	0.00376948	g_odom_x	0	g_odom_y	0
W_X	6.14834	W_Y	-0.0500623	A	-3.14733	O_X	6.14936	O_Y	0.0026433	g_odom_x	0	g_odom_y	0
W_X	6.16804	W_Y	-0.052984	A	-3.14733	O_X	6.16984	O_Y	0.00151704	g_odom_x	0	g_odom_y	0
W_X	6.1885	W_Y	-0.0545115	A	-3.14733	O_X	6.19032	O_Y	0.000390778	g_odom_x	0	g_odom_y	0
W_X	6.22941	W_Y	-0.0575664	A	-2.76787	O_X	6.23129	O_Y	-0.00186174	g_odom_x	0	g_odom_y	0
W_X	6.24988	W_Y	-0.0589587	A	-2.76787	O_X	6.25178	O_Y	-0.00285255	g_odom_x	0	g_odom_y	0
W_X	6.27035	W_Y	-0.0603505	A	-2.76787	O_X	6.27227	O_Y	-0.00384302	g_odom_x	0	g_odom_y	0
W_X	6.29081	W_Y	-0.0617424	A	-2.57815	O_X	6.29276	O_Y	-0.00483356	g_odom_x	0	g_odom_y	0
W_X	6.31128	W_Y	-0.0630666	A	-2.57815	O_X	6.31325	O_Y	-0.00575628	g_odom_x	0	g_odom_y	0
W_X	6.33174	W_Y	-0.0643901	A	-2.57815	O_X	6.33373	O_Y	-0.00667856	g_odom_x	0	g_odom_y	0
W_X	6.35216	W_Y	-0.0656343	A	-2.57815	O_X	6.35424	O_Y	-0.00760172	g_odom_x	0	g_odom_y	0
W_X	6.37147	W_Y	-0.065495	A	-2.41277	O_X	6.37473	O_Y	-0.00852443	g_odom_x	0	g_odom_y	0
W_X	6.3916	W_Y	-0.0663256	A	-2.41277	O_X	6.39522	O_Y	-0.00938797	g_odom_x	0	g_odom_y	0
W_X	6.41207	W_Y	-0.0675941	A	-2.41277	O_X	6.41572	O_Y	-0.0102515	g_odom_x	0	g_odom_y	0
W_X	6.45301	W_Y	-0.0701305	A	-2.41277	O_X	6.45669	O_Y	-0.0119782	g_odom_x	0	g_odom_y	0
W_X	6.47348	W_Y	-0.0713992	A	-2.41277	O_X	6.47719	O_Y	-0.0128418	g_odom_x	0	g_odom_y	0
W_X	6.49396	W_Y	-0.0726677	A	-2.41277	O_X	6.49769	O_Y	-0.0137053	g_odom_x	0	g_odom_y	0
W_X	6.51444	W_Y	-0.0739372	A	-2.41277	O_X	6.51819	O_Y	-0.0145695	g_odom_x	0	g_odom_y	0
W_X	6.53492	W_Y	-0.0752057	A	-2.41277	O_X	6.53869	O_Y	-0.0154331	g_odom_x	0	g_odom_y	0
W_X	6.55539	W_Y	-0.0764743	A	-2.41277	O_X	6.55919	O_Y	-0.0162967	g_odom_x	0	g_odom_y	0
W_X	6.57448	W_Y	-0.0791445	A	-2.16218	O_X	6.57968	O_Y	-0.0171602	g_odom_x	0	g_odom_y	0
W_X	6.59168	W_Y	-0.0836568	A	-2.16218	O_X	6.60018	O_Y	-0.0179341	g_odom_x	0	g_odom_y	0
W_X	6.61216	W_Y	-0.08487	A	-1.77764	O_X	6.62068	O_Y	-0.0187081	g_odom_x	0	g_odom_y	0
W_X	6.63265	W_Y	-0.0859458	A	-1.39311	O_X	6.64118	O_Y	-0.0193445	g_odom_x	0	g_odom_y	0
W_X	6.67362	W_Y	-0.0878218	A	-1.0502	O_X	6.68219	O_Y	-0.0203418	g_odom_x	0	g_odom_y	0
W_X	6.69411	W_Y	-0.0886371	A	-0.897034	O_X	6.7027	O_Y	-0.0207177	g_odom_x	0	g_odom_y	0
W_X	6.71461	W_Y	-0.0893977	A	-0.689061	O_X	6.7232	O_Y	-0.0210388	g_odom_x	0	g_odom_y	0
W_X	6.73511	W_Y	-0.0900841	A	-0.432361	O_X	6.74372	O_Y	-0.0212855	g_odom_x	0	g_odom_y	0
W_X	6.75562	W_Y	-0.0906785	A	-0.432361	O_X	6.76423	O_Y	-0.0214403	g_odom_x	0	g_odom_y	0
W_X	6.77612	W_Y	-0.0912729	A	-0.260908	O_X	6.78474	O_Y	-0.0215951	g_odom_x	0	g_odom_y	0
W_X	6.79638	W_Y	-0.0941666	A	-0.0894557	O_X	6.80525	O_Y	-0.0216885	g_odom_x	0	g_odom_y	0
W_X	6.83723	W_Y	-0.0967525	A	-0.0894557	O_X	6.84628	O_Y	-0.0217525	g_odom_x	0	g_odom_y	0
W_X	6.85774	W_Y	-0.0972418	A	-0.0894557	O_X	6.86679	O_Y	-0.0217845	g_odom_x	0	g_odom_y	0
W_X	6.87824	W_Y	-0.0977311	A	-0.0894557	O_X	6.88731	O_Y	-0.0218166	g_odom_x	0	g_odom_y	0
W_X	6.89875	W_Y	-0.0982204	A	0.0881003	O_X	6.90782	O_Y	-0.0218486	g_odom_x	0	g_odom_y	0
W_X	6.91926	W_Y	-0.0986461	A	0.0881003	O_X	6.92833	O_Y	-0.0218171	g_odom_x	0	g_odom_y	0
W_X	6.93978	W_Y	-0.099072	A	0.277905	O_X	6.94885	O_Y	-0.0217855	g_odom_x	0	g_odom_y	0
W_X	6.96029	W_Y	-0.0994299	A	0.467709	O_X	6.96937	O_Y	-0.021686	g_odom_x	0	g_odom_y	0
W_X	7.00131	W_Y	-0.100009	A	0.871441	O_X	7.01039	O_Y	-0.0213511	g_odom_x	0	g_odom_y	0
W_X	7.02124	W_Y	-0.10017	A	0.871441	O_X	7.0309	O_Y	-0.0210391	g_odom_x	0	g_odom_y	0
W_X	7.03946	W_Y	-0.100369	A	1.28652	O_X	7.0514	O_Y	-0.0207273	g_odom_x	0	g_odom_y	0
W_X	7.05974	W_Y	-0.100367	A	1.71974	O_X	7.07191	O_Y	-0.0202667	g_odom_x	0	g_odom_y	0
W_X	7.08025	W_Y	-0.100204	A	1.71974	O_X	7.09242	O_Y	-0.0196511	g_odom_x	0	g_odom_y	0
W_X	7.10076	W_Y	-0.10004	A	1.71974	O_X	7.11292	O_Y	-0.0190355	g_odom_x	0	g_odom_y	0
W_X	7.12128	W_Y	-0.0998766	A	2.3426	O_X	7.13343	O_Y	-0.0184196	g_odom_x	0	g_odom_y	0
W_X	7.14179	W_Y	-0.0994902	A	2.3426	O_X	7.15393	O_Y	-0.0175811	g_odom_x	0	g_odom_y	0
W_X	7.1623	W_Y	-0.0991039	A	2.3426	O_X	7.17443	O_Y	-0.0167427	g_odom_x	0	g_odom_y	0
W_X	7.18284	W_Y	-0.0986501	A	2.3426	O_X	7.19492	O_Y	-0.0159042	g_odom_x	0	g_odom_y	0
W_X	7.20535	W_Y	-0.0942191	A	2.3426	O_X	7.21542	O_Y	-0.0150657	g_odom_x	0	g_odom_y	0
W_X	7.22654	W_Y	-0.0924224	A	2.3426	O_X	7.23591	O_Y	-0.0142272	g_odom_x	0	g_odom_y	0
W_X	7.24705	W_Y	-0.0920125	A	2.3426	O_X	7.25641	O_Y	-0.0133888	g_odom_x	0	g_odom_y	0
W_X	7.28807	W_Y	-0.0911926	A	2.3426	O_X	7.2974	O_Y	-0.0117118	g_odom_x	0	g_odom_y	0
W_X	7.30858	W_Y	-0.0907827	A	2.53233	O_X	7.3179	O_Y	-0.0108734	g_odom_x	0	g_odom_y	0
W_X	7.32909	W_Y	-0.0903048	A	2.84378	O_X	7.33839	O_Y	-0.00996708	g_odom_x	0	g_odom_y	0
W_X	7.3496	W_Y	-0.0897151	A	2.84378	O_X	7.35889	O_Y	-0.00894871	g_odom_x	0	g_odom_y	0
W_X	7.37011	W_Y	-0.0891258	A	3.2283	O_X	7.37938	O_Y	-0.00793095	g_odom_x	0	g_odom_y	0
W_X	7.39061	W_Y	-0.0883989	A	3.2283	O_X	7.39986	O_Y	-0.00677589	g_odom_x	0	g_odom_y	0
W_X	7.4111	W_Y	-0.0876721	A	3.2283	O_X	7.42034	O_Y	-0.00562083	g_odom_x	0	g_odom_y	0
W_X	7.45201	W_Y	-0.0859855	A	3.69298	O_X	7.4613	O_Y	-0.00331042	g_odom_x	0	g_odom_y	0
W_X	7.47093	W_Y	-0.081213	A	3.69298	O_X	7.48177	O_Y	-0.00198912	g_odom_x	0	g_odom_y	0
W_X	7.49094	W_Y	-0.0791491	A	3.95571	O_X	7.50224	O_Y	-0.000668114	g_odom_x	0	g_odom_y	0
W_X	7.51143	W_Y	-0.0781595	A	3.95571	O_X	7.5227	O_Y	0.000746965	g_odom_x	0	g_odom_y	0
W_X	7.53192	W_Y	-0.0771696	A	3.95571	O_X	7.54317	O_Y	0.00216238	g_odom_x	0	g_odom_y	0
W_X	7.55242	W_Y	-0.0761797	A	4.12108	O_X	7.56364	O_Y	0.00357779	g_odom_x	0	g_odom_y	0
W_X	7.59337	W_Y	-0.0740829	A	4.28645	O_X	7.60454	O_Y	0.00652499	g_odom_x	0	g_odom_y	0
W_X	7.61388	W_Y	-0.0729735	A	4.28645	O_X	7.62502	O_Y	0.00806012	g_odom_x	0	g_odom_y	0
W_X	7.63436	W_Y	-0.071866	A	4.47613	O_X	7.64547	O_Y	0.00959282	g_odom_x	0	g_odom_y	0
W_X	7.65419	W_Y	-0.0677079	A	4.47613	O_X	7.66592	O_Y	0.0111936	g_odom_x	0	g_odom_y	0
W_X	7.67418	W_Y	-0.0642521	A	4.47613	O_X	7.68637	O_Y	0.0127942	g_odom_x	0	g_odom_y	0
W_X	7.69466	W_Y	-0.0630736	A	4.47613	O_X	7.70682	O_Y	0.0143956	g_odom_x	0	g_odom_y	0
W_X	7.71511	W_Y	-0.0618969	A	4.47613	O_X	7.72725	O_Y	0.0159944	g_odom_x	0	g_odom_y	0
W_X	7.7356	W_Y	-0.0607182	A	4.47613	O_X	7.74771	O_Y	0.0175959	g_odom_x	0	g_odom_y	0
W_X	7.75608	W_Y	-0.05954	A	4.47613	O_X	7.76816	O_Y	0.0191968	g_odom_x	0	g_odom_y	0
W_X	7.77658	W_Y	-0.0583606	A	4.69039	O_X	7.78863	O_Y	0.0207992	g_odom_x	0	g_odom_y	0
W_X	7.79707	W_Y	-0.0571046	A	4.69039	O_X	7.80909	O_Y	0.0224782	g_odom_x	0	g_odom_y	0
W_X	7.838	W_Y	-0.0545966	A	4.86191	O_X	7.84995	O_Y	0.0258308	g_odom_x	0	g_odom_y	0
W_X	7.85863	W_Y	-0.0518625	A	5.03945	O_X	7.87039	O_Y	0.0275693	g_odom_x	0	g_odom_y	0
W_X	7.88009	W_Y	-0.0416768	A	5.217	O_X	7.89083	O_Y	0.0293714	g_odom_x	0	g_odom_y	0
W_X	7.90075	W_Y	-0.0384648	A	5.217	O_X	7.91126	O_Y	0.0312373	g_odom_x	0	g_odom_y	0
W_X	7.9212	W_Y	-0.0369563	A	5.217	O_X	7.93169	O_Y	0.0331026	g_odom_x	0	g_odom_y	0
W_X	7.94167	W_Y	-0.0354474	A	5.41286	O_X	7.95212	O_Y	0.0349683	g_odom_x	0	g_odom_y	0
W_X	7.96211	W_Y	-0.0338694	A	5.41286	O_X	7.97254	O_Y	0.0369029	g_odom_x	0	g_odom_y	0
W_X	7.98257	W_Y	-0.032291	A	5.41286	O_X	7.99296	O_Y	0.0388379	g_odom_x	0	g_odom_y	0
W_X	8.00302	W_Y	-0.0307127	A	5.16435	O_X	8.01338	O_Y	0.0407729	g_odom_x	0	g_odom_y	0
W_X	8.02348	W_Y	-0.029223	A	4.91583	O_X	8.03381	O_Y	0.0426192	g_odom_x	0	g_odom_y	0
W_X	8.06441	W_Y	-0.0264212	A	4.91583	O_X	8.07469	O_Y	0.0461349	g_odom_x	0	g_odom_y	0
W_X	8.08521	W_Y	-0.0202235	A	4.6612	O_X	8.09513	O_Y	0.0478927	g_odom_x	0	g_odom_y	0
W_X	8.10607	W_Y	-0.0129837	A	4.6612	O_X	8.11557	O_Y	0.0495597	g_odom_x	0	g_odom_y	0
W_X	8.12654	W_Y	-0.0116019	A	4.45527	O_X	8.13602	O_Y	0.0512267	g_odom_x	0	g_odom_y	0
W_X	8.14701	W_Y	-0.0102937	A	4.45527	O_X	8.15647	O_Y	0.0528202	g_odom_x	0	g_odom_y	0
W_X	8.16748	W_Y	-0.0089855	A	4.45527	O_X	8.17692	O_Y	0.0544137	g_odom_x	0	g_odom_y	0
W_X	8.18795	W_Y	-0.00767734	A	4.45527	O_X	8.19737	O_Y	0.0560071	g_odom_x	0	g_odom_y	0
W_X	8.22889	W_Y	-0.00506096	A	3.83647	O_X	8.23827	O_Y	0.0591941	g_odom_x	0	g_odom_y	0
W_X	8.24938	W_Y	-0.00397392	A	3.83647	O_X	8.25874	O_Y	0.0605667	g_odom_x	0	g_odom_y	0
W_X	8.26986	W_Y	-0.00288692	A	3.65491	O_X	8.27921	O_Y	0.0619392	g_odom_x	0	g_odom_y	0
W_X	8.29035	W_Y	-0.00181491	A	3.65491	O_X	8.29968	O_Y	0.0632468	g_odom_x	0	g_odom_y	0
W_X	8.31071	W_Y	0.00427904	A	3.27244	O_X	8.32015	O_Y	0.0645546	g_odom_x	0	g_odom_y	0
W_X	8.33116	W_Y	0.00692941	A	3.4561	O_X	8.34063	O_Y	0.0657256	g_odom_x	0	g_odom_y	0
W_X	8.37213	W_Y	0.00886225	A	3.63976	O_X	8.38158	O_Y	0.0681984	g_odom_x	0	g_odom_y	0
W_X	8.39263	W_Y	0.00989497	A	3.25229	O_X	8.40206	O_Y	0.0695011	g_odom_x	0	g_odom_y	0
W_X	8.41312	W_Y	0.0107888	A	3.25229	O_X	8.42254	O_Y	0.070665	g_odom_x	0	g_odom_y	0
W_X	8.4336	W_Y	0.011682	A	3.25229	O_X	8.44301	O_Y	0.0718282	g_odom_x	0	g_odom_y	0
W_X	8.4541	W_Y	0.0125758	A	3.25229	O_X	8.46349	O_Y	0.072992	g_odom_x	0	g_odom_y	0
W_X	8.47459	W_Y	0.0134696	A	3.25229	O_X	8.48397	O_Y	0.0741558	g_odom_x	0	g_odom_y	0
W_X	8.4951	W_Y	0.0143637	A	3.25229	O_X	8.50446	O_Y	0.0753201	g_odom_x	0	g_odom_y	0
W_X	8.51565	W_Y	0.015801	A	3.25229	O_X	8.52495	O_Y	0.0764846	g_odom_x	0	g_odom_y	0
W_X	8.53625	W_Y	0.0179345	A	3.25229	O_X	8.54543	O_Y	0.0776484	g_odom_x	0	g_odom_y	0
W_X	8.55674	W_Y	0.0188144	A	3.25229	O_X	8.56592	O_Y	0.0788122	g_odom_x	0	g_odom_y	0
W_X	8.57724	W_Y	0.0196943	A	3.25229	O_X	8.5864	O_Y	0.0799761	g_odom_x	0	g_odom_y	0
W_X	8.59773	W_Y	0.020574	A	3.25229	O_X	8.60687	O_Y	0.0811397	g_odom_x	0	g_odom_y	0
W_X	8.61823	W_Y	0.0214538	A	3.25229	O_X	8.62736	O_Y	0.0823035	g_odom_x	0	g_odom_y	0
W_X	8.63872	W_Y	0.0223337	A	3.25229	O_X	8.64784	O_Y	0.0834673	g_odom_x	0	g_odom_y	0
W_X	8.67971	W_Y	0.0240933	A	3.25229	O_X	8.6888	O_Y	0.0857948	g_odom_x	0	g_odom_y	0
W_X	8.7002	W_Y	0.024973	A	3.25229	O_X	8.70927	O_Y	0.0869585	g_odom_x	0	g_odom_y	0
W_X	8.7207	W_Y	0.025853	A	3.25229	O_X	8.72976	O_Y	0.0881224	g_odom_x	0	g_odom_y	0
W_X	8.74184	W_Y	0.027183	A	3.25229	O_X	8.75024	O_Y	0.0892862	g_odom_x	0	g_odom_y	0
W_X	8.76284	W_Y	0.0283881	A	3.25229	O_X	8.77072	O_Y	0.09045	g_odom_x	0	g_odom_y	0
W_X	8.78334	W_Y	0.0292369	A	3.25229	O_X	8.7912	O_Y	0.0916137	g_odom_x	0	g_odom_y	0
W_X	8.82431	W_Y	0.0309336	A	3.25229	O_X	8.83214	O_Y	0.09394	g_odom_x	0	g_odom_y	0
W_X	8.84481	W_Y	0.0317828	A	3.25229	O_X	8.85262	O_Y	0.0951043	g_odom_x	0	g_odom_y	0
W_X	8.86531	W_Y	0.0326316	A	3.25229	O_X	8.8731	O_Y	0.096268	g_odom_x	0	g_odom_y	0
W_X	8.8858	W_Y	0.0334804	A	3.25229	O_X	8.89358	O_Y	0.0974317	g_odom_x	0	g_odom_y	0
W_X	8.9063	W_Y	0.0343292	A	3.25229	O_X	8.91406	O_Y	0.0985955	g_odom_x	0	g_odom_y	0
W_X	8.92679	W_Y	0.035178	A	3.06463	O_X	8.93454	O_Y	0.0997592	g_odom_x	0	g_odom_y	0
W_X	8.94732	W_Y	0.0369864	A	3.06463	O_X	8.95503	O_Y	0.100856	g_odom_x	0	g_odom_y	0
W_X	8.98847	W_Y	0.0445412	A	3.06463	O_X	8.99599	O_Y	0.103049	g_odom_x	0	g_odom_y	0
W_X	9.009	W_Y	0.0465087	A	3.06463	O_X	9.01648	O_Y	0.104146	g_odom_x	0	g_odom_y	0
W_X	9.02949	W_Y	0.0473028	A	3.06463	O_X	9.03696	O_Y	0.105242	g_odom_x	0	g_odom_y	0
W_X	9.05	W_Y	0.0480975	A	3.06463	O_X	9.05745	O_Y	0.106339	g_odom_x	0	g_odom_y	0
W_X	9.0705	W_Y	0.0488919	A	3.06463	O_X	9.07793	O_Y	0.107436	g_odom_x	0	g_odom_y	0
W_X	9.09099	W_Y	0.0496862	A	2.91349	O_X	9.09842	O_Y	0.108533	g_odom_x	0	g_odom_y	0
W_X	9.11149	W_Y	0.0504262	A	2.76236	O_X	9.11889	O_Y	0.109575	g_odom_x	0	g_odom_y	0
W_X	9.132	W_Y	0.0511127	A	2.76236	O_X	9.13939	O_Y	0.110564	g_odom_x	0	g_odom_y	0
W_X	9.15251	W_Y	0.0517992	A	2.5077	O_X	9.15989	O_Y	0.111553	g_odom_x	0	g_odom_y	0
W_X	9.19391	W_Y	0.0551456	A	2.5077	O_X	9.20087	O_Y	0.113348	g_odom_x	0	g_odom_y	0
W_X	9.2149	W_Y	0.0583677	A	2.5077	O_X	9.22136	O_Y	0.114245	g_odom_x	0	g_odom_y	0
W_X	9.2354	W_Y	0.0589857	A	2.5077	O_X	9.24186	O_Y	0.115143	g_odom_x	0	g_odom_y	0
W_X	9.2559	W_Y	0.0596035	A	2.5077	O_X	9.26235	O_Y	0.11604	g_odom_x	0	g_odom_y	0
W_X	9.27641	W_Y	0.0602215	A	2.5077	O_X	9.28284	O_Y	0.116938	g_odom_x	0	g_odom_y	0
W_X	9.29692	W_Y	0.0608398	A	2.5077	O_X	9.30335	O_Y	0.117836	g_odom_x	0	g_odom_y	0
W_X	9.31743	W_Y	0.0614578	A	2.5077	O_X	9.32384	O_Y	0.118733	g_odom_x	0	g_odom_y	0
W_X	9.33793	W_Y	0.0620757	A	2.5077	O_X	9.34433	O_Y	0.119631	g_odom_x	0	g_odom_y	0
W_X	9.35843	W_Y	0.0626937	A	2.5077	O_X	9.36483	O_Y	0.120528	g_odom_x	0	g_odom_y	0
W_X	9.37892	W_Y	0.0634445	A	2.5077	O_X	9.38532	O_Y	0.121426	g_odom_x	0	g_odom_y	0
W_X	9.39827	W_Y	0.0717266	A	2.5077	O_X	9.40581	O_Y	0.122323	g_odom_x	0	g_odom_y	0
W_X	9.41837	W_Y	0.0750307	A	2.5077	O_X	9.42631	O_Y	0.123221	g_odom_x	0	g_odom_y	0
W_X	9.45938	W_Y	0.0762863	A	2.5077	O_X	9.46729	O_Y	0.125016	g_odom_x	0	g_odom_y	0
W_X	9.47988	W_Y	0.076914	A	2.35656	O_X	9.48779	O_Y	0.125914	g_odom_x	0	g_odom_y	0
W_X	9.50039	W_Y	0.0774877	A	2.35656	O_X	9.50828	O_Y	0.126757	g_odom_x	0	g_odom_y	0
W_X	9.52089	W_Y	0.0780614	A	2.18107	O_X	9.52878	O_Y	0.1276	g_odom_x	0	g_odom_y	0
W_X	9.5414	W_Y	0.0785723	A	1.8047	O_X	9.54928	O_Y	0.128381	g_odom_x	0	g_odom_y	0
W_X	9.56191	W_Y	0.0789485	A	1.8047	O_X	9.56978	O_Y	0.129027	g_odom_x	0	g_odom_y	0
W_X	9.60292	W_Y	0.0797006	A	1.8047	O_X	9.61078	O_Y	0.130319	g_odom_x	0	g_odom_y	0
W_X	9.62344	W_Y	0.0800769	A	1.50242	O_X	9.63129	O_Y	0.130965	g_odom_x	0	g_odom_y	0
W_X	9.64399	W_Y	0.0802178	A	1.50242	O_X	9.65181	O_Y	0.131503	g_odom_x	0	g_odom_y	0
W_X	9.66492	W_Y	0.0779412	A	1.31475	O_X	9.67232	O_Y	0.132041	g_odom_x	0	g_odom_y	0
W_X	9.68556	W_Y	0.0773351	A	1.31475	O_X	9.69283	O_Y	0.132512	g_odom_x	0	g_odom_y	0
W_X	9.70607	W_Y	0.0775048	A	1.31475	O_X	9.71334	O_Y	0.132983	g_odom_x	0	g_odom_y	0
W_X	9.72659	W_Y	0.0776745	A	1.31475	O_X	9.73385	O_Y	0.133453	g_odom_x	0	g_odom_y	0
W_X	9.76761	W_Y	0.0780139	A	1.31475	O_X	9.77486	O_Y	0.134395	g_odom_x	0	g_odom_y	0
W_X	9.78813	W_Y	0.0781836	A	1.09666	O_X	9.79537	O_Y	0.134865	g_odom_x	0	g_odom_y	0
W_X	9.80864	W_Y	0.0782752	A	1.09666	O_X	9.81588	O_Y	0.135258	g_odom_x	0	g_odom_y	0
W_X	9.82914	W_Y	0.0783668	A	0.884433	O_X	9.83638	O_Y	0.135651	g_odom_x	0	g_odom_y	0
W_X	9.84955	W_Y	0.0774666	A	0.884433	O_X	9.85689	O_Y	0.135967	g_odom_x	0	g_odom_y	0
W_X	9.86998	W_Y	0.0767651	A	0.562945	O_X	9.87739	O_Y	0.136284	g_odom_x	0	g_odom_y	0
W_X	9.89049	W_Y	0.0766236	A	0.241457	O_X	9.89791	O_Y	0.136485	g_odom_x	0	g_odom_y	0
W_X	9.91102	W_Y	0.0763669	A	0.241457	O_X	9.91843	O_Y	0.136572	g_odom_x	0	g_odom_y	0
W_X	9.93153	W_Y	0.0761104	A	-0.140977	O_X	9.93895	O_Y	0.136658	g_odom_x	0	g_odom_y	0
W_X	9.95204	W_Y	0.0757169	A	-0.353	O_X	9.95946	O_Y	0.136608	g_odom_x	0	g_odom_y	0
W_X	9.97255	W_Y	0.0752475	A	-0.353	O_X	9.97997	O_Y	0.136481	g_odom_x	0	g_odom_y	0
W_X	9.99307	W_Y	0.0747778	A	-0.353	O_X	10.0005	O_Y	0.136355	g_odom_x	0	g_odom_y	0
W_X	10.0136	W_Y	0.0743088	A	-0.353	O_X	10.021	O_Y	0.136229	g_odom_x	0	g_odom_y	0
W_X	10.0342	W_Y	0.0750731	A	-0.353	O_X	10.0415	O_Y	0.136102	g_odom_x	0	g_odom_y	0
W_X	10.0758	W_Y	0.0819126	A	-0.353	O_X	10.0825	O_Y	0.135849	g_odom_x	0	g_odom_y	0
W_X	10.0965	W_Y	0.0829784	A	-0.353	O_X	10.103	O_Y	0.135723	g_odom_x	0	g_odom_y	0
W_X	10.117	W_Y	0.0825116	A	-0.353	O_X	10.1236	O_Y	0.135597	g_odom_x	0	g_odom_y	0
W_X	10.1375	W_Y	0.082045	A	-0.353	O_X	10.1441	O_Y	0.13547	g_odom_x	0	g_odom_y	0
W_X	10.158	W_Y	0.0815782	A	-0.534594	O_X	10.1646	O_Y	0.135344	g_odom_x	0	g_odom_y	0
W_X	10.1785	W_Y	0.0810464	A	-0.716189	O_X	10.1851	O_Y	0.135153	g_odom_x	0	g_odom_y	0
W_X	10.2195	W_Y	0.079853	A	-0.716189	O_X	10.2261	O_Y	0.13464	g_odom_x	0	g_odom_y	0
W_X	10.24	W_Y	0.0792567	A	-0.903938	O_X	10.2466	O_Y	0.134383	g_odom_x	0	g_odom_y	0
W_X	10.2605	W_Y	0.0785924	A	-1.06108	O_X	10.2671	O_Y	0.13406	g_odom_x	0	g_odom_y	0
W_X	10.2808	W_Y	0.0785253	A	-1.30353	O_X	10.2877	O_Y	0.13368	g_odom_x	0	g_odom_y	0
W_X	10.3009	W_Y	0.078603	A	-1.52766	O_X	10.3082	O_Y	0.133213	g_odom_x	0	g_odom_y	0
W_X	10.3214	W_Y	0.0776854	A	-1.52766	O_X	10.3287	O_Y	0.132666	g_odom_x	0	g_odom_y	0
W_X	10.3419	W_Y	0.0767678	A	-1.52766	O_X	10.3492	O_Y	0.132119	g_odom_x	0	g_odom_y	0
W_X	10.3829	W_Y	0.074934	A	-1.97602	O_X	10.3902	O_Y	0.131025	g_odom_x	0	g_odom_y	0
W_X	10.4034	W_Y	0.0738566	A	-1.97602	O_X	10.4107	O_Y	0.130318	g_odom_x	0	g_odom_y	0
W_X	10.4239	W_Y	0.0727793	A	-2.20626	O_X	10.4312	O_Y	0.129611	g_odom_x	0	g_odom_y	0
W_X	10.4443	W_Y	0.0716194	A	-2.20626	O_X	10.4517	O_Y	0.128821	g_odom_x	0	g_odom_y	0
W_X	10.4648	W_Y	0.07046	A	-2.20626	O_X	10.4722	O_Y	0.128031	g_odom_x	0	g_odom_y	0
W_X	10.4853	W_Y	0.0692778	A	-2.20626	O_X	10.4927	O_Y	0.127242	g_odom_x	0	g_odom_y	0
W_X	10.5274	W_Y	0.0664	A	-2.20626	O_X	10.5337	O_Y	0.125663	g_odom_x	0	g_odom_y	0
W_X	10.5483	W_Y	0.0649857	A	-2.20626	O_X	10.5542	O_Y	0.124873	g_odom_x	0	g_odom_y	0
W_X	10.5688	W_Y	0.0637948	A	-2.20626	O_X	10.5747	O_Y	0.124083	g_odom_x	0	g_odom_y	0
W_X	10.5893	W_Y	0.0626039	A	-2.20626	O_X	10.5952	O_Y	0.123294	g_odom_x	0	g_odom_y	0
W_X	10.6098	W_Y	0.0614119	A	-2.20626	O_X	10.6157	O_Y	0.122504	g_odom_x	0	g_odom_y	0
W_X	10.6302	W_Y	0.0602206	A	-2.20626	O_X	10.6362	O_Y	0.121714	g_odom_x	0	g_odom_y	0
W_X	10.6507	W_Y	0.0590293	A	-2.40001	O_X	10.6567	O_Y	0.120924	g_odom_x	0	g_odom_y	0
W_X	10.6712	W_Y	0.0577688	A	-2.59375	O_X	10.6772	O_Y	0.120065	g_odom_x	0	g_odom_y	0
W_X	10.7121	W_Y	0.0551101	A	-2.59375	O_X	10.7181	O_Y	0.118209	g_odom_x	0	g_odom_y	0
W_X	10.7332	W_Y	0.0532725	A	-2.8117	O_X	10.7386	O_Y	0.11728	g_odom_x	0	g_odom_y	0
W_X	10.7549	W_Y	0.0507676	A	-2.8117	O_X	10.7591	O_Y	0.116274	g_odom_x	0	g_odom_y	0
W_X	10.7753	W_Y	0.0493298	A	-2.8117	O_X	10.7796	O_Y	0.115268	g_odom_x	0	g_odom_y	0
W_X	10.7958	W_Y	0.0478923	A	-2.8117	O_X	10.8001	O_Y	0.114262	g_odom_x	0	g_odom_y	0
W_X	10.8162	W_Y	0.0464544	A	-2.8117	O_X	10.8206	O_Y	0.113255	g_odom_x	0	g_odom_y	0
W_X	10.8367	W_Y	0.0450166	A	-2.8117	O_X	10.8411	O_Y	0.112249	g_odom_x	0	g_odom_y	0
W_X	10.8776	W_Y	0.042141	A	-2.8117	O_X	10.8821	O_Y	0.110236	g_odom_x	0	g_odom_y	0
W_X	10.8981	W_Y	0.0407032	A	-2.8117	O_X	10.9026	O_Y	0.10923	g_odom_x	0	g_odom_y	0
W_X	10.9186	W_Y	0.0392654	A	-2.8117	O_X	10.923	O_Y	0.108224	g_odom_x	0	g_odom_y	0
W_X	10.939	W_Y	0.0378275	A	-2.8117	O_X	10.9435	O_Y	0.107218	g_odom_x	0	g_odom_y	0
W_X	10.9807	W_Y	0.0260495	A	-3.0115	O_X	10.9845	O_Y	0.105134	g_odom_x	0	g_odom_y	0
W_X	10.9807	W_Y	0.0260495	A	-3.0115	O_X	10.9845	O_Y	0.105134	g_odom_x	0	g_odom_y	0
W_X	11.0421	W_Y	0.0213584	A	-3.47192	O_X	11.0459	O_Y	0.101902	g_odom_x	0	g_odom_y	0
section	ahead	liner											
W_X	11.3486	W_Y	-0.0152082	A	-3.93252	O_X	11.1483	O_Y	0.0952618	g_odom_x	0	g_odom_y	0
W_X	11.369	W_Y	-0.0170317	A	-3.3633	O_X	11.3735	O_Y	0.0812431	g_odom_x	0	g_odom_y	0
W_X	11.3883	W_Y	-0.021998	A	-3.3633	O_X	11.394	O_Y	0.0800396	g_odom_x	0	g_odom_y	0
W_X	11.4066	W_Y	-0.0268649	A	-3.3633	O_X	11.4134	O_Y	0.0788996	g_odom_x	0	g_odom_y	0
W_X	11.426	W_Y	-0.0286594	A	-3.3633	O_X	11.4328	O_Y	0.0777595	g_odom_x	0	g_odom_y	0
W_X	11.4636	W_Y	-0.0321487	A	-3.3633	O_X	11.4705	O_Y	0.0755429	g_odom_x	0	g_odom_y	0
W_X	11.4824	W_Y	-0.033894	A	-3.78731	O_X	11.4894	O_Y	0.0744341	g_odom_x	0	g_odom_y	0
W_X	11.4824	W_Y	-0.033894	A	-3.78731	O_X	11.4894	O_Y	0.0744341	g_odom_x	0	g_odom_y	0
W_X	11.5012	W_Y	-0.0357779	A	-3.78731	O_X	11.5082	O_Y	0.0731862	g_odom_x	0	g_odom_y	0
W_X	11.5383	W_Y	-0.0394921	A	-3.78731	O_X	11.5454	O_Y	0.0707258	g_odom_x	0	g_odom_y	0
W_X	11.5565	W_Y	-0.0413224	A	-3.78731	O_X	11.5637	O_Y	0.0695134	g_odom_x	0	g_odom_y	0
W_X	11.5565	W_Y	-0.0413224	A	-3.78731	O_X	11.5637	O_Y	0.0695134	g_odom_x	0	g_odom_y	0
W_X	11.5748	W_Y	-0.0431527	A	-3.78731	O_X	11.582	O_Y	0.068301	g_odom_x	0	g_odom_y	0
W_X	11.6298	W_Y	-0.0547463	A	-3.07812	O_X	11.637	O_Y	0.0648047	g_odom_x	0	g_odom_y	0
W_X	11.6477	W_Y	-0.0617486	A	-3.07812	O_X	11.6548	O_Y	0.0638478	g_odom_x	0	g_odom_y	0
W_X	11.6654	W_Y	-0.0633885	A	-3.07812	O_X	11.6725	O_Y	0.0628912	g_odom_x	0	g_odom_y	0
W_X	11.6834	W_Y	-0.065048	A	-3.07812	O_X	11.6905	O_Y	0.061923	g_odom_x	0	g_odom_y	0
W_X	11.7003	W_Y	-0.0666183	A	-3.07812	O_X	11.7076	O_Y	0.061007	g_odom_x	0	g_odom_y	0
W_X	11.7173	W_Y	-0.0681886	A	-3.07812	O_X	11.7246	O_Y	0.0600909	g_odom_x	0	g_odom_y	0
W_X	11.7517	W_Y	-0.0713686	A	-3.07812	O_X	11.7591	O_Y	0.0582358	g_odom_x	0	g_odom_y	0
W_X	11.7689	W_Y	-0.0729587	A	-2.84576	O_X	11.7764	O_Y	0.0573081	g_odom_x	0	g_odom_y	0
W_X	11.7861	W_Y	-0.0744787	A	-2.84576	O_X	11.7936	O_Y	0.0564506	g_odom_x	0	g_odom_y	0
W_X	11.7861	W_Y	-0.0744787	A	-2.84576	O_X	11.7936	O_Y	0.0564506	g_odom_x	0	g_odom_y	0
W_X	11.8032	W_Y	-0.0762264	A	-2.84576	O_X	11.8109	O_Y	0.055593	g_odom_x	0	g_odom_y	0
section	ahead	liner											
section	Arc	ahead											
X	12.0628	Y	0.0466953	A	-0.792388	g_odom_x	0	g_odom_y	0				
X	12.1934	Y	0.0461368	A	0.375268	g_odom_x	0	g_odom_y	0				
X	12.2689	Y	0.0482424	A	4.06898	g_odom_x	0	g_odom_y	0				
X	12.3136	Y	0.0520854	A	6.54901	g_odom_x	0	g_odom_y	0				
X	12.3714	Y	0.0598263	A	10.1565	g_odom_x	0	g_odom_y	0				
X	12.4	Y	0.0652046	A	11.9482	g_odom_x	0	g_odom_y	0				
X	12.4285	Y	0.0714413	A	13.6062	g_odom_x	0	g_odom_y	0				
X	12.4567	Y	0.0785137	A	17.0675	g_odom_x	0	g_odom_y	0				
X	12.4986	Y	0.0911582	A	18.6948	g_odom_x	0	g_odom_y	0				
X	12.567	Y	0.116352	A	22.8026	g_odom_x	0	g_odom_y	0				
X	12.5938	Y	0.127817	A	24.4236	g_odom_x	0	g_odom_y	0				
X	12.6202	Y	0.14005	A	26.191	g_odom_x	0	g_odom_y	0				
X	12.6467	Y	0.153255	A	27.6609	g_odom_x	0	g_odom_y	0				
X	12.685	Y	0.173849	A	30.112	g_odom_x	0	g_odom_y	0				
X	12.722	Y	0.196107	A	32.836	g_odom_x	0	g_odom_y	0				
X	12.7455	Y	0.211536	A	34.8591	g_odom_x	0	g_odom_y	0				
X	12.7909	Y	0.244506	A	38.558	g_odom_x	0	g_odom_y	0				
X	12.8127	Y	0.262199	A	40.5142	g_odom_x	0	g_odom_y	0				
X	12.8544	Y	0.299733	A	45.156	g_odom_x	0	g_odom_y	0				
X	12.8918	Y	0.339441	A	49.6523	g_odom_x	0	g_odom_y	0				
X	12.9168	Y	0.370591	A	54.5621	g_odom_x	0	g_odom_y	0				
X	12.938	Y	0.401816	A	58.4479	g_odom_x	0	g_odom_y	0				
X	12.9507	Y	0.423144	A	61.457	g_odom_x	0	g_odom_y	0				
X	12.9677	Y	0.45566	A	65.7023	g_odom_x	0	g_odom_y	0				
X	12.9809	Y	0.486997	A	70.4417	g_odom_x	0	g_odom_y	0				
X	12.9889	Y	0.510491	A	73.6443	g_odom_x	0	g_odom_y	0				
X	12.9988	Y	0.547505	A	79.6309	g_odom_x	0	g_odom_y	0				
X	13.0036	Y	0.576258	A	82.1469	g_odom_x	0	g_odom_y	0				
X	13.0077	Y	0.608379	A	83.7012	g_odom_x	0	g_odom_y	0				
X	13.0144	Y	0.674981	A	85.0992	g_odom_x	0	g_odom_y	0				
section	amcl_linear_Y_ahead												
W_X	13.062	W_Y	0.732261	A	85.6067	O_X	13.0197	O_Y	0.741737	g_odom_x	0	g_odom_y	0
W_X	13.0642	W_Y	0.749011	A	85.6596	O_X	13.0338	O_Y	0.925267	g_odom_x	0	g_odom_y	0
W_X	13.0672	W_Y	0.767184	A	85.6596	O_X	13.0351	O_Y	0.941951	g_odom_x	0	g_odom_y	0
W_X	13.0695	W_Y	0.783701	A	85.6596	O_X	13.0363	O_Y	0.958104	g_odom_x	0	g_odom_y	0
W_X	13.0715	W_Y	0.79976	A	85.6596	O_X	13.0376	O_Y	0.974246	g_odom_x	0	g_odom_y	0
W_X	13.0736	W_Y	0.815818	A	85.6596	O_X	13.0388	O_Y	0.990388	g_odom_x	0	g_odom_y	0
W_X	13.0778	W_Y	0.849019	A	86.173	O_X	13.0413	O_Y	1.02376	g_odom_x	0	g_odom_y	0
W_X	13.0778	W_Y	0.849019	A	86.173	O_X	13.0413	O_Y	1.02376	g_odom_x	0	g_odom_y	0
W_X	13.0817	W_Y	0.882245	A	86.173	O_X	13.0435	O_Y	1.05714	g_odom_x	0	g_odom_y	0
W_X	13.0836	W_Y	0.898331	A	86.173	O_X	13.0446	O_Y	1.07331	g_odom_x	0	g_odom_y	0
W_X	13.0856	W_Y	0.914948	A	86.173	O_X	13.0457	O_Y	1.09	g_odom_x	0	g_odom_y	0
W_X	13.0876	W_Y	0.931566	A	86.173	O_X	13.0469	O_Y	1.1067	g_odom_x	0	g_odom_y	0
W_X	13.0895	W_Y	0.948184	A	86.173	O_X	13.048	O_Y	1.1234	g_odom_x	0	g_odom_y	0
W_X	13.0935	W_Y	0.981421	A	86.173	O_X	13.0502	O_Y	1.15679	g_odom_x	0	g_odom_y	0
W_X	13.0967	W_Y	0.998579	A	86.173	O_X	13.0513	O_Y	1.17349	g_odom_x	0	g_odom_y	0
W_X	13.0998	W_Y	1.01568	A	86.173	O_X	13.0524	O_Y	1.19018	g_odom_x	0	g_odom_y	0
W_X	13.1018	W_Y	1.03229	A	86.173	O_X	13.0536	O_Y	1.20688	g_odom_x	0	g_odom_y	0
W_X	13.1038	W_Y	1.04891	A	86.3323	O_X	13.0547	O_Y	1.22358	g_odom_x	0	g_odom_y	0
W_X	13.1058	W_Y	1.06552	A	86.3323	O_X	13.0557	O_Y	1.24027	g_odom_x	0	g_odom_y	0
W_X	13.1077	W_Y	1.08213	A	86.3323	O_X	13.0568	O_Y	1.25696	g_odom_x	0	g_odom_y	0
W_X	13.1117	W_Y	1.11536	A	86.3323	O_X	13.059	O_Y	1.29035	g_odom_x	0	g_odom_y	0
W_X	13.1136	W_Y	1.13198	A	86.3323	O_X	13.06	O_Y	1.30706	g_odom_x	0	g_odom_y	0
W_X	13.1156	W_Y	1.1486	A	86.3323	O_X	13.0611	O_Y	1.32375	g_odom_x	0	g_odom_y	0
W_X	13.1175	W_Y	1.16522	A	86.3323	O_X	13.0622	O_Y	1.34046	g_odom_x	0	g_odom_y	0
W_X	13.1195	W_Y	1.18184	A	86.3323	O_X	13.0632	O_Y	1.35716	g_odom_x	0	g_odom_y	0
W_X	13.1202	W_Y	1.19921	A	86.3323	O_X	13.0643	O_Y	1.37386	g_odom_x	0	g_odom_y	0
W_X	13.1211	W_Y	1.21647	A	86.3323	O_X	13.0654	O_Y	1.39057	g_odom_x	0	g_odom_y	0
W_X	13.123	W_Y	1.23311	A	86.3323	O_X	13.0665	O_Y	1.40728	g_odom_x	0	g_odom_y	0
W_X	13.125	W_Y	1.24971	A	86.3323	O_X	13.0675	O_Y	1.42397	g_odom_x	0	g_odom_y	0
W_X	13.125	W_Y	1.24971	A	86.3323	O_X	13.0675	O_Y	1.42397	g_odom_x	0	g_odom_y	0
W_X	13.1289	W_Y	1.28296	A	86.3323	O_X	13.0697	O_Y	1.45737	g_odom_x	0	g_odom_y	0
W_X	13.1308	W_Y	1.29958	A	86.3323	O_X	13.0707	O_Y	1.47407	g_odom_x	0	g_odom_y	0
W_X	13.1328	W_Y	1.3162	A	86.3323	O_X	13.0718	O_Y	1.49077	g_odom_x	0	g_odom_y	0
W_X	13.1366	W_Y	1.34837	A	86.3323	O_X	13.0739	O_Y	1.5231	g_odom_x	0	g_odom_y	0
W_X	13.1385	W_Y	1.36499	A	86.3323	O_X	13.0749	O_Y	1.5398	g_odom_x	0	g_odom_y	0
W_X	13.1405	W_Y	1.38161	A	86.4977	O_X	13.076	O_Y	1.5565	g_odom_x	0	g_odom_y	0
W_X	13.1424	W_Y	1.39822	A	86.4977	O_X	13.077	O_Y	1.57319	g_odom_x	0	g_odom_y	0
W_X	13.1448	W_Y	1.41699	A	86.4977	O_X	13.0781	O_Y	1.58989	g_odom_x	0	g_odom_y	0
W_X	13.1477	W_Y	1.43821	A	86.4977	O_X	13.0791	O_Y	1.6066	g_odom_x	0	g_odom_y	0
W_X	13.1496	W_Y	1.45485	A	86.4977	O_X	13.0801	O_Y	1.62331	g_odom_x	0	g_odom_y	0
W_X	13.1515	W_Y	1.47148	A	86.4977	O_X	13.0811	O_Y	1.64002	g_odom_x	0	g_odom_y	0
W_X	13.1535	W_Y	1.48809	A	86.4977	O_X	13.0822	O_Y	1.65672	g_odom_x	0	g_odom_y	0
W_X	13.1554	W_Y	1.50472	A	86.4977	O_X	13.0832	O_Y	1.67343	g_odom_x	0	g_odom_y	0
section	amcl_linear_Y_ahead												
W_X	13.1855	W_Y	1.77922	A	86.4977	O_X	13.0893	O_Y	1.77362	g_odom_x	0	g_odom_y	0
W_X	13.1875	W_Y	1.79583	A	86.4977	O_X	13.1005	O_Y	1.95734	g_odom_x	0	g_odom_y	0
W_X	13.1893	W_Y	1.81193	A	86.6875	O_X	13.1015	O_Y	1.97352	g_odom_x	0	g_odom_y	0
W_X	13.1912	W_Y	1.82804	A	86.8774	O_X	13.1025	O_Y	1.9897	g_odom_x	0	g_odom_y	0
W_X	13.1947	W_Y	1.86023	A	86.8774	O_X	13.1042	O_Y	2.02205	g_odom_x	0	g_odom_y	0
W_X	13.1966	W_Y	1.87685	A	86.8774	O_X	13.1052	O_Y	2.03874	g_odom_x	0	g_odom_y	0
W_X	13.1992	W_Y	1.89486	A	86.8774	O_X	13.1061	O_Y	2.05546	g_odom_x	0	g_odom_y	0
W_X	13.1992	W_Y	1.89486	A	86.8774	O_X	13.1061	O_Y	2.05546	g_odom_x	0	g_odom_y	0
W_X	13.2035	W_Y	1.92913	A	86.8774	O_X	13.1079	O_Y	2.08888	g_odom_x	0	g_odom_y	0
W_X	13.2054	W_Y	1.94575	A	86.8774	O_X	13.1088	O_Y	2.10558	g_odom_x	0	g_odom_y	0
W_X	13.2054	W_Y	1.94575	A	86.8774	O_X	13.1088	O_Y	2.10558	g_odom_x	0	g_odom_y	0
W_X	13.2108	W_Y	1.99455	A	86.8774	O_X	13.1115	O_Y	2.15461	g_odom_x	0	g_odom_y	0
W_X	13.2127	W_Y	2.01118	A	86.8774	O_X	13.1124	O_Y	2.17131	g_odom_x	0	g_odom_y	0
W_X	13.2145	W_Y	2.02781	A	86.8774	O_X	13.1133	O_Y	2.18802	g_odom_x	0	g_odom_y	0
W_X	13.2163	W_Y	2.04391	A	86.8774	O_X	13.1142	O_Y	2.20419	g_odom_x	0	g_odom_y	0
W_X	13.2181	W_Y	2.06054	A	86.8774	O_X	13.1151	O_Y	2.2209	g_odom_x	0	g_odom_y	0
W_X	13.22	W_Y	2.07717	A	86.8774	O_X	13.116	O_Y	2.23761	g_odom_x	0	g_odom_y	0
W_X	13.2223	W_Y	2.094	A	86.8774	O_X	13.1169	O_Y	2.25432	g_odom_x	0	g_odom_y	0
W_X	13.2263	W_Y	2.12739	A	86.8774	O_X	13.1187	O_Y	2.28774	g_odom_x	0	g_odom_y	0
W_X	13.2281	W_Y	2.14402	A	86.8774	O_X	13.1196	O_Y	2.30445	g_odom_x	0	g_odom_y	0
W_X	13.23	W_Y	2.16065	A	86.8774	O_X	13.1206	O_Y	2.32116	g_odom_x	0	g_odom_y	0
W_X	13.2318	W_Y	2.17728	A	86.8774	O_X	13.1215	O_Y	2.33787	g_odom_x	0	g_odom_y	0
W_X	13.2318	W_Y	2.17728	A	86.8774	O_X	13.1215	O_Y	2.33787	g_odom_x	0	g_odom_y	0
W_X	13.2355	W_Y	2.21055	A	87.0793	O_X	13.1233	O_Y	2.37128	g_odom_x	0	g_odom_y	0
W_X	13.2373	W_Y	2.22718	A	87.2812	O_X	13.1241	O_Y	2.388	g_odom_x	0	g_odom_y	0
W_X	13.2407	W_Y	2.26047	A	87.2812	O_X	13.1257	O_Y	2.42142	g_odom_x	0	g_odom_y	0
W_X	13.2424	W_Y	2.27658	A	87.2812	O_X	13.1265	O_Y	2.4376	g_odom_x	0	g_odom_y	0
W_X	13.2441	W_Y	2.29322	A	87.2812	O_X	13.1273	O_Y	2.45431	g_odom_x	0	g_odom_y	0
W_X	13.2449	W_Y	2.31263	A	87.2812	O_X	13.1281	O_Y	2.47103	g_odom_x	0	g_odom_y	0
W_X	13.2462	W_Y	2.33061	A	87.2812	O_X	13.1289	O_Y	2.48775	g_odom_x	0	g_odom_y	0
W_X	13.2479	W_Y	2.34725	A	87.2812	O_X	13.1297	O_Y	2.50446	g_odom_x	0	g_odom_y	0
W_X	13.2496	W_Y	2.3639	A	87.2812	O_X	13.1305	O_Y	2.52119	g_odom_x	0	g_odom_y	0
W_X	13.2513	W_Y	2.38055	A	87.2812	O_X	13.1313	O_Y	2.5379	g_odom_x	0	g_odom_y	0
W_X	13.2531	W_Y	2.39719	A	87.2812	O_X	13.1321	O_Y	2.55461	g_odom_x	0	g_odom_y	0
W_X	13.2548	W_Y	2.41384	A	87.2812	O_X	13.1329	O_Y	2.57133	g_odom_x	0	g_odom_y	0
W_X	13.2565	W_Y	2.43048	A	87.2812	O_X	13.1336	O_Y	2.58805	g_odom_x	0	g_odom_y	0
W_X	13.2583	W_Y	2.44713	A	87.2812	O_X	13.1344	O_Y	2.60476	g_odom_x	0	g_odom_y	0
W_X	13.26	W_Y	2.46378	A	87.2812	O_X	13.1352	O_Y	2.62148	g_odom_x	0	g_odom_y	0
W_X	13.2634	W_Y	2.49707	A	87.2812	O_X	13.1368	O_Y	2.65491	g_odom_x	0	g_odom_y	0
W_X	13.2652	W_Y	2.51371	A	87.2812	O_X	13.1376	O_Y	2.67163	g_odom_x	0	g_odom_y	0
W_X	13.2664	W_Y	2.5319	A	87.2812	O_X	13.1384	O_Y	2.68834	g_odom_x	0	g_odom_y	0
W_X	13.2674	W_Y	2.55053	A	87.2812	O_X	13.1392	O_Y	2.70506	g_odom_x	0	g_odom_y	0
W_X	13.2692	W_Y	2.5672	A	87.2812	O_X	13.14	O_Y	2.7218	g_odom_x	0	g_odom_y	0
W_X	13.2709	W_Y	2.58384	A	87.2812	O_X	13.1408	O_Y	2.7385	g_odom_x	0	g_odom_y	0
W_X	13.2726	W_Y	2.60047	A	87.2812	O_X	13.1416	O_Y	2.75521	g_odom_x	0	g_odom_y	0
W_X	13.2761	W_Y	2.63375	A	87.2812	O_X	13.1432	O_Y	2.78863	g_odom_x	0	g_odom_y	0
W_X	13.2778	W_Y	2.65039	A	87.2812	O_X	13.144	O_Y	2.80534	g_odom_x	0	g_odom_y	0
W_X	13.2795	W_Y	2.66704	A	87.2812	O_X	13.1448	O_Y	2.82206	g_odom_x	0	g_odom_y	0
W_X	13.2812	W_Y	2.68368	A	87.2812	O_X	13.1456	O_Y	2.83877	g_odom_x	0	g_odom_y	0
W_X	13.283	W_Y	2.70033	A	87.2812	O_X	13.1463	O_Y	2.85549	g_odom_x	0	g_odom_y	0
W_X	13.2847	W_Y	2.71697	A	87.2812	O_X	13.1471	O_Y	2.8722	g_odom_x	0	g_odom_y	0
W_X	13.2863	W_Y	2.73445	A	87.2812	O_X	13.1479	O_Y	2.88892	g_odom_x	0	g_odom_y	0
W_X	13.2897	W_Y	2.76874	A	87.2812	O_X	13.1495	O_Y	2.92235	g_odom_x	0	g_odom_y	0
W_X	13.2914	W_Y	2.78539	A	87.2812	O_X	13.1503	O_Y	2.93907	g_odom_x	0	g_odom_y	0
W_X	13.2932	W_Y	2.80203	A	87.2812	O_X	13.1511	O_Y	2.95578	g_odom_x	0	g_odom_y	0
W_X	13.2949	W_Y	2.81867	A	87.2812	O_X	13.1519	O_Y	2.97249	g_odom_x	0	g_odom_y	0
W_X	13.2967	W_Y	2.83531	A	87.2812	O_X	13.1527	O_Y	2.98921	g_odom_x	0	g_odom_y	0
W_X	13.2984	W_Y	2.85195	A	87.2812	O_X	13.1535	O_Y	3.00592	g_odom_x	0	g_odom_y	0
W_X	13.3002	W_Y	2.8686	A	87.2812	O_X	13.1543	O_Y	3.02265	g_odom_x	0	g_odom_y	0
W_X	13.3019	W_Y	2.88524	A	87.2812	O_X	13.1551	O_Y	3.03936	g_odom_x	0	g_odom_y	0
W_X	13.3037	W_Y	2.90188	A	87.2812	O_X	13.1559	O_Y	3.05608	g_odom_x	0	g_odom_y	0
W_X	13.3055	W_Y	2.91853	A	87.2812	O_X	13.1567	O_Y	3.07279	g_odom_x	0	g_odom_y	0
W_X	13.3078	W_Y	2.93693	A	87.2812	O_X	13.1575	O_Y	3.08951	g_odom_x	0	g_odom_y	0
W_X	13.3102	W_Y	2.95534	A	87.2812	O_X	13.1583	O_Y	3.10622	g_odom_x	0	g_odom_y	0
W_X	13.312	W_Y	2.97197	A	87.2812	O_X	13.159	O_Y	3.12294	g_odom_x	0	g_odom_y	0
W_X	13.3156	W_Y	3.00525	A	87.5998	O_X	13.1606	O_Y	3.15637	g_odom_x	0	g_odom_y	0
section	amcl_linear_Y_ahead												
W_X	13.312	W_Y	3.04152	A	-100.088	O_X	13.1621	O_Y	3.18981	g_odom_x	0	g_odom_y	0
section	amcl_linear_Y_ahead												
W_X	13.2837	W_Y	2.93176	A	-100.088	O_X	13.1564	O_Y	3.15792	g_odom_x	0	g_odom_y	0
section	Arc	ahead											
X	13.1234	Y	2.96645	A	-100.801								
X	13.0928	Y	2.78988	A	-99.6398								
X	13.0872	Y	2.75687	A	-99.8335								
X	13.0814	Y	2.72392	A	-100.239								
X	13.0724	Y	2.67456	A	-101.015								
X	13.0213	Y	2.44594	A	-104.253								
X	13.0088	Y	2.39731	A	-104.665								
X	13.0003	Y	2.36496	A	-104.993								
X	12.9915	Y	2.33264	A	-105.478								
X	12.978	Y	2.28431	A	-106.212								
X	12.9641	Y	2.23607	A	-106.497								
X	12.9545	Y	2.20402	A	-107.493								
X	12.939	Y	2.15624	A	-108.251								
X	12.9285	Y	2.12447	A	-108.402								
X	12.9179	Y	2.09271	A	-108.851								
X	12.9015	Y	2.04525	A	-109.474								
X	12.8903	Y	2.01371	A	-109.911								
X	12.8789	Y	1.98225	A	-110.286								
X	12.8614	Y	1.93521	A	-111.032								
X	12.8431	Y	1.88843	A	-111.99								
X	12.824	Y	1.84198	A	-113.211								
X	12.7973	Y	1.78061	A	-114.078								
X	12.7836	Y	1.75009	A	-114.015								
X	12.7632	Y	1.70421	A	-114.407								
X	12.7493	Y	1.67376	A	-114.662								
X	12.7282	Y	1.62822	A	-114.94								
X	12.7069	Y	1.58275	A	-115.674								
X	12.6849	Y	1.53764	A	-116.699								
X	12.6698	Y	1.50772	A	-116.699								
X	12.6471	Y	1.46296	A	-117.367								
X	12.6317	Y	1.43324	A	-117.56								
X	12.6083	Y	1.3888	A	-117.815								
X	12.5927	Y	1.3592	A	-118.495								
X	12.5685	Y	1.31522	A	-119.459								
X	12.552	Y	1.28611	A	-120.102								
X	12.5267	Y	1.24274	A	-121.11								
X	12.5006	Y	1.1999	A	-121.983								
X	12.4827	Y	1.17158	A	-122.772								
X	12.4645	Y	1.14349	A	-123.457								
X	12.446	Y	1.1156	A	-124.094								
X	12.4178	Y	1.07409	A	-125.149								
X	12.3794	Y	1.01927	A	-125.811								
X	12.3597	Y	0.992185	A	-126.484								
X	12.3297	Y	0.951935	A	-127.103								
X	12.299	Y	0.912209	A	-128.426								
X	12.2781	Y	0.88604	A	-128.935								
X	12.2358	Y	0.834219	A	-130.063								
X	12.2142	Y	0.80867	A	-130.694								
X	12.1923	Y	0.783331	A	-131.234								
X	12.1477	Y	0.733435	A	-132.628								
X	12.1135	Y	0.69667	A	-133.563								
X	12.0788	Y	0.660426	A	-134.643								
X	12.0433	Y	0.624894	A	-135.541								
X	12.0194	Y	0.601508	A	-136.117								
X	11.983	Y	0.566838	A	-136.814								
X	11.9586	Y	0.543989	A	-137.293								
X	11.9339	Y	0.521356	A	-137.911								
X	11.8966	Y	0.48784	A	-138.779								
X	11.859	Y	0.455329	A	-139.731								
X	11.8342	Y	0.434473	A	-140.527								
X	11.7966	Y	0.403776	A	-141.85								
X	11.7582	Y	0.37404	A	-143.028								
X	11.7322	Y	0.354652	A	-143.781								
X	11.6928	Y	0.326243	A	-145.122								
X	11.6657	Y	0.307354	A	-145.581								
X	11.5963	Y	0.260746	A	-147.017								
X	11.5545	Y	0.233998	A	-148.042								
X	11.5269	Y	0.216936	A	-149.032								
X	11.4712	Y	0.183995	A	-150.403								
X	11.443	Y	0.168097	A	-151.156								
X	11.4145	Y	0.152547	A	-151.799								
X	11.3572	Y	0.122319	A	-153.085								
X	11.2992	Y	0.0935354	A	-154.609								
X	11.2698	Y	0.0798867	A	-155.866								
X	11.1935	Y	0.0470324	A	-157.601								
X	10.9106	Y	-0.0562464	A	-162.486								
X	10.8626	Y	-0.0710658	A	-163.463								
X	10.7983	Y	-0.089608	A	-164.627								
X	10.766	Y	-0.0983687	A	-165.01								
X	10.7175	Y	-0.111177	A	-165.683								
X	10.685	Y	-0.119352	A	-166.047								
X	10.6525	Y	-0.127352	A	-166.459								
X	10.62	Y	-0.135128	A	-166.944								
X	10.5711	Y	-0.146467	A	-166.944								
X	10.5374	Y	-0.154091	A	-167.563								
X	10.5036	Y	-0.161434	A	-168.29								
X	10.4359	Y	-0.175401	A	-168.478								
X	10.4021	Y	-0.182233	A	-168.708								
X	10.3682	Y	-0.188999	A	-168.708								
X	10.3004	Y	-0.202526	A	-169.327								
X	10.2665	Y	-0.208925	A	-169.327								
X	10.2156	Y	-0.218521	A	-169.327								
X	10.1816	Y	-0.224922	A	-169.327								
X	10.1477	Y	-0.23132	A	-169.327								
X	10.1137	Y	-0.237718	A	-169.327								
X	10.0798	Y	-0.244117	A	-169.327								
X	10.0119	Y	-0.256915	A	-169.327								
X	9.96091	Y	-0.26639	A	-169.533								
X	9.90994	Y	-0.275681	A	-169.945								
X	9.87592	Y	-0.281713	A	-169.945								
X	9.82489	Y	-0.290707	A	-170.308								
section	back	liner											
W_X	9.29495	W_Y	0.149316	A	-170.732	OX	9.74133	O_Y	-0.304849				
section	back	liner											
section	back	liner											
W_X	8.96302	W_Y	0.163925	A	-170.699	OX	9.48408	O_Y	-0.347305				
W_X	8.94306	W_Y	0.164616	A	-171.739	OX	9.22741	O_Y	-0.386515				
W_X	8.92309	W_Y	0.165307	A	-171.739	OX	9.20764	O_Y	-0.389385				
W_X	8.90259	W_Y	0.166016	A	-171.739	OX	9.18734	O_Y	-0.392332				
W_X	8.88209	W_Y	0.166726	A	-171.739	OX	9.16704	O_Y	-0.39528				
W_X	8.86159	W_Y	0.167435	A	-171.446	OX	9.14674	O_Y	-0.398227				
W_X	8.84109	W_Y	0.16804	A	-171.153	OX	9.12645	O_Y	-0.401278				
W_X	8.84109	W_Y	0.16804	A	-171.153	OX	9.12645	O_Y	-0.401278				
W_X	8.80032	W_Y	0.173519	A	-170.749	OX	9.08592	O_Y	-0.407588				
W_X	8.75939	W_Y	0.175863	A	-170.229	OX	9.04544	O_Y	-0.414276				
W_X	8.73886	W_Y	0.176081	A	-170.229	OX	9.02521	O_Y	-0.417761				
W_X	8.71836	W_Y	0.1763	A	-170.064	OX	9.00501	O_Y	-0.421239				
W_X	8.69785	W_Y	0.176459	A	-169.892	OX	8.9848	O_Y	-0.424779				
W_X	8.67734	W_Y	0.176557	A	-169.721	OX	8.96461	O_Y	-0.428379				
W_X	8.65681	W_Y	0.176594	A	-169.208	OX	8.94441	O_Y	-0.432041				
W_X	8.6363	W_Y	0.176447	A	-169.042	OX	8.92426	O_Y	-0.435883				
W_X	8.61555	W_Y	0.178544	A	-168.828	OX	8.90412	O_Y	-0.439782				
W_X	8.59444	W_Y	0.183961	A	-168.505	OX	8.88399	O_Y	-0.443756				
W_X	8.57393	W_Y	0.183617	A	-168.505	OX	8.86389	O_Y	-0.447845				
W_X	8.57393	W_Y	0.183617	A	-168.505	OX	8.86389	O_Y	-0.447845				
W_X	8.5124	W_Y	0.182588	A	-167.772	OX	8.80359	O_Y	-0.460109				
W_X	8.4919	W_Y	0.181982	A	-167.601	OX	8.78354	O_Y	-0.464453				
W_X	8.47139	W_Y	0.181316	A	-167.441	OX	8.7635	O_Y	-0.468858				
W_X	8.45089	W_Y	0.180592	A	-167.148	OX	8.74348	O_Y	-0.473319				
W_X	8.4304	W_Y	0.179763	A	-167.148	OX	8.72348	O_Y	-0.477881				
W_X	8.4099	W_Y	0.178935	A	-166.837	OX	8.70348	O_Y	-0.482444				
W_X	8.38941	W_Y	0.177995	A	-166.525	OX	8.68351	O_Y	-0.487115				
W_X	8.34865	W_Y	0.175285	A	-166.525	OX	8.64361	O_Y	-0.496675				
W_X	8.32869	W_Y	0.172725	A	-166.293	OX	8.62367	O_Y	-0.501455				
W_X	8.30821	W_Y	0.171581	A	-166.115	OX	8.60373	O_Y	-0.506316				
W_X	8.28773	W_Y	0.170374	A	-166.115	OX	8.58382	O_Y	-0.511239				
W_X	8.26725	W_Y	0.169166	A	-165.828	OX	8.56391	O_Y	-0.516161				
W_X	8.24678	W_Y	0.167857	A	-165.645	OX	8.54402	O_Y	-0.521183				
W_X	8.22632	W_Y	0.166481	A	-165.461	OX	8.52415	O_Y	-0.526268				
W_X	8.18539	W_Y	0.163599	A	-164.765	OX	8.48444	O_Y	-0.536568				
W_X	8.16495	W_Y	0.161909	A	-164.429	OX	8.46464	O_Y	-0.541958				
W_X	8.14452	W_Y	0.1601	A	-164.429	OX	8.44489	O_Y	-0.547464				
W_X	8.12334	W_Y	0.157996	A	-164.142	OX	8.42513	O_Y	-0.55297				
W_X	8.10237	W_Y	0.155915	A	-163.904	OX	8.40539	O_Y	-0.558576				
W_X	8.08195	W_Y	0.153958	A	-163.665	OX	8.38568	O_Y	-0.564264				
W_X	8.06154	W_Y	0.151916	A	-163.427	OX	8.36599	O_Y	-0.570034				
W_X	8.02075	W_Y	0.147663	A	-162.974	OX	8.32669	O_Y	-0.581732				
W_X	8.00037	W_Y	0.145377	A	-162.675	OX	8.30708	O_Y	-0.587736				
W_X	7.98	W_Y	0.142982	A	-162.485	OX	8.2875	O_Y	-0.593845				
W_X	7.95963	W_Y	0.14052	A	-162.314	OX	8.26793	O_Y	-0.600018				
W_X	7.93927	W_Y	0.137997	A	-162.094	OX	8.24839	O_Y	-0.60625				
W_X	7.91826	W_Y	0.135989	A	-162.094	OX	8.22887	O_Y	-0.612558				
W_X	7.89544	W_Y	0.135611	A	-162.094	OX	8.20935	O_Y	-0.618865				
W_X	7.87486	W_Y	0.133235	A	-162.094	OX	8.18982	O_Y	-0.625175				
W_X	7.85451	W_Y	0.130652	A	-161.703	OX	8.1703	O_Y	-0.631482				
W_X	7.83418	W_Y	0.127931	A	-161.703	OX	8.15083	O_Y	-0.637921				
W_X	7.83418	W_Y	0.127931	A	-161.703	OX	8.15083	O_Y	-0.637921				
W_X	7.79353	W_Y	0.122375	A	-161.226	OX	8.11191	O_Y	-0.650909				
W_X	7.77322	W_Y	0.119484	A	-161.067	OX	8.09249	O_Y	-0.657511				
W_X	7.73262	W_Y	0.11359	A	-160.748	OX	8.05368	O_Y	-0.670823				
W_X	7.71233	W_Y	0.11053	A	-160.54	OX	8.03432	O_Y	-0.677586				
W_X	7.69315	W_Y	0.106089	A	-160.363	OX	8.01498	O_Y	-0.68442				
W_X	7.67386	W_Y	0.101711	A	-160.173	OX	7.99565	O_Y	-0.691314				
W_X	7.65361	W_Y	0.0984356	A	-160.001	OX	7.97636	O_Y	-0.698272				
W_X	7.63337	W_Y	0.0950994	A	-159.781	OX	7.95708	O_Y	-0.705287				
W_X	7.61314	W_Y	0.0916855	A	-159.561	OX	7.93783	O_Y	-0.712376				
W_X	7.57272	W_Y	0.0847019	A	-159.561	OX	7.89939	O_Y	-0.726703				
W_X	7.5525	W_Y	0.0812102	A	-159.371	OX	7.88017	O_Y	-0.733866				
W_X	7.5323	W_Y	0.0776515	A	-159.371	OX	7.86097	O_Y	-0.741093				
W_X	7.5121	W_Y	0.0740927	A	-159.371	OX	7.84177	O_Y	-0.74832				
W_X	7.49163	W_Y	0.0702084	A	-159.194	OX	7.82257	O_Y	-0.755548				
W_X	7.46912	W_Y	0.0637439	A	-159.194	OX	7.8034	O_Y	-0.762835				
W_X	7.44837	W_Y	0.059432	A	-159.194	OX	7.78422	O_Y	-0.770122				
W_X	7.408	W_Y	0.0521725	A	-158.474	OX	7.74587	O_Y	-0.784695				
W_X	7.38786	W_Y	0.0482897	A	-158.474	OX	7.72679	O_Y	-0.792221				
W_X	7.36772	W_Y	0.0444071	A	-158.266	OX	7.70771	O_Y	-0.799747				
W_X	7.34759	W_Y	0.0404501	A	-158.266	OX	7.68865	O_Y	-0.807344				
W_X	7.32747	W_Y	0.0364966	A	-158.266	OX	7.66961	O_Y	-0.814935				
W_X	7.30734	W_Y	0.0325402	A	-158.266	OX	7.65055	O_Y	-0.822531				
W_X	7.2872	W_Y	0.0285813	A	-158.266	OX	7.63149	O_Y	-0.830132				
W_X	7.26673	W_Y	0.0230993	A	-158.266	OX	7.61243	O_Y	-0.837728				
W_X	7.24594	W_Y	0.0162376	A	-158.094	OX	7.59338	O_Y	-0.845324				
W_X	7.22583	W_Y	0.0122175	A	-158.586	OX	7.57434	O_Y	-0.852979				
W_X	7.20569	W_Y	0.00837396	A	-158.792	OX	7.55526	O_Y	-0.860462				
W_X	7.18553	W_Y	0.00459982	A	-159.107	OX	7.53614	O_Y	-0.867883				
W_X	7.16535	W_Y	0.000936758	A	-159.423	OX	7.51697	O_Y	-0.875198				
W_X	7.12494	W_Y	-0.00616723	A	-159.92	OX	7.47856	O_Y	-0.889617				
W_X	7.10471	W_Y	-0.00954382	A	-160.193	OX	7.4593	O_Y	-0.89666				
W_X	7.08446	W_Y	-0.0128238	A	-160.374	OX	7.44	O_Y	-0.903611				
W_X	7.0642	W_Y	-0.0160399	A	-160.374	OX	7.42068	O_Y	-0.910501				
W_X	7.04261	W_Y	-0.0249546	A	-160.653	OX	7.40135	O_Y	-0.917391				
W_X	7.02177	W_Y	-0.0305471	A	-160.476	OX	7.382	O_Y	-0.924186				
W_X	7.0015	W_Y	-0.0337446	A	-160.298	OX	7.36267	O_Y	-0.931042				
W_X	6.961	W_Y	-0.0402653	A	-160.298	OX	7.32404	O_Y	-0.944873				
W_X	6.94058	W_Y	-0.0435517	A	-160.298	OX	7.30457	O_Y	-0.951843				
W_X	6.9205	W_Y	-0.0467849	A	-160.298	OX	7.28542	O_Y	-0.958701				
W_X	6.90024	W_Y	-0.0500464	A	-160.298	OX	7.2661	O_Y	-0.965619				
W_X	6.87999	W_Y	-0.0533067	A	-160.449	OX	7.24679	O_Y	-0.972535				
W_X	6.85973	W_Y	-0.0565137	A	-160.449	OX	7.22746	O_Y	-0.979399				
W_X	6.83862	W_Y	-0.0587413	A	-160.449	OX	7.20813	O_Y	-0.986264				
W_X	6.79602	W_Y	-0.0627252	A	-160.837	OX	7.16947	O_Y	-0.999993				
W_X	6.77573	W_Y	-0.0657768	A	-160.837	OX	7.15009	O_Y	-1.00673				
W_X	6.75545	W_Y	-0.068828	A	-161.025	OX	7.13071	O_Y	-1.01346				
W_X	6.73516	W_Y	-0.0718129	A	-161.025	OX	7.11132	O_Y	-1.02013				
W_X	6.71486	W_Y	-0.0747978	A	-161.025	OX	7.09192	O_Y	-1.0268				
W_X	6.69457	W_Y	-0.0777827	A	-161.025	OX	7.07252	O_Y	-1.03347				
W_X	6.67427	W_Y	-0.0807676	A	-161.025	OX	7.05312	O_Y	-1.04014				
W_X	6.63368	W_Y	-0.0867375	A	-161.025	OX	7.01432	O_Y	-1.05348				
W_X	6.61339	W_Y	-0.0897214	A	-161.025	OX	6.99493	O_Y	-1.06015				
W_X	6.59278	W_Y	-0.0968565	A	-161.025	OX	6.97554	O_Y	-1.06682				
W_X	6.57226	W_Y	-0.102819	A	-161.025	OX	6.95614	O_Y	-1.07349				
W_X	6.55197	W_Y	-0.105849	A	-161.182	OX	6.93674	O_Y	-1.08016				
W_X	6.53167	W_Y	-0.108821	A	-161.339	OX	6.91732	O_Y	-1.08678				
W_X	6.51136	W_Y	-0.111739	A	-161.339	OX	6.89788	O_Y	-1.09334				
W_X	6.49105	W_Y	-0.114655	A	-161.339	OX	6.87844	O_Y	-1.09991				
W_X	6.47074	W_Y	-0.117574	A	-161.503	OX	6.859	O_Y	-1.10647				
W_X	6.45027	W_Y	-0.120454	A	-161.753	OX	6.8394	O_Y	-1.11303				
W_X	6.4301	W_Y	-0.123203	A	-161.939	OX	6.82006	O_Y	-1.11941				
W_X	6.40981	W_Y	-0.126843	A	-162.163	OX	6.80056	O_Y	-1.12577				
W_X	6.38969	W_Y	-0.134134	A	-162.388	OX	6.78103	O_Y	-1.13205				
W_X	6.34902	W_Y	-0.140025	A	-162.388	OX	6.74193	O_Y	-1.14446				
W_X	6.32867	W_Y	-0.142603	A	-162.388	OX	6.72238	O_Y	-1.15067				
W_X	6.30832	W_Y	-0.145181	A	-162.388	OX	6.70283	O_Y	-1.15688				
W_X	6.28797	W_Y	-0.147759	A	-162.388	OX	6.68327	O_Y	-1.16308				
W_X	6.26762	W_Y	-0.150337	A	-162.575	OX	6.66372	O_Y	-1.16929				
W_X	6.26762	W_Y	-0.150337	A	-162.575	OX	6.66372	O_Y	-1.16929				
W_X	6.24726	W_Y	-0.152848	A	-162.575	OX	6.64415	O_Y	-1.17543				
W_X	6.22691	W_Y	-0.155359	A	-162.575	OX	6.62458	O_Y	-1.18157				
W_X	6.1658	W_Y	-0.162621	A	-163.34	OX	6.56579	O_Y	-1.19974				
W_X	6.14528	W_Y	-0.16545	A	-163.576	OX	6.54613	O_Y	-1.20562				
W_X	6.14528	W_Y	-0.16545	A	-163.576	OX	6.54613	O_Y	-1.20562				
W_X	6.10397	W_Y	-0.172126	A	-163.988	OX	6.50676	O_Y	-1.21716				
W_X	6.08356	W_Y	-0.174137	A	-164.225	OX	6.48704	O_Y	-1.22281				
W_X	6.06314	W_Y	-0.176063	A	-164.461	OX	6.46731	O_Y	-1.22839				
W_X	6.02228	W_Y	-0.179748	A	-165.238	OX	6.42778	O_Y	-1.23938				
W_X	6.00184	W_Y	-0.181312	A	-165.426	OX	6.40796	O_Y	-1.2446				
W_X	5.98138	W_Y	-0.182809	A	-165.79	OX	6.38811	O_Y	-1.24977				
W_X	5.96092	W_Y	-0.184177	A	-165.965	OX	6.36822	O_Y	-1.2548				
W_X	5.94046	W_Y	-0.185482	A	-165.965	OX	6.34834	O_Y	-1.25977				
W_X	5.9201	W_Y	-0.187569	A	-165.965	OX	6.32843	O_Y	-1.26475				
W_X	5.89974	W_Y	-0.189736	A	-166.353	OX	6.30852	O_Y	-1.26973				
W_X	5.87926	W_Y	-0.190925	A	-166.54	OX	6.28859	O_Y	-1.27457				
W_X	5.85878	W_Y	-0.192048	A	-166.728	OX	6.26863	O_Y	-1.27934				
W_X	5.8383	W_Y	-0.193102	A	-166.976	OX	6.24867	O_Y	-1.28405				
W_X	5.81781	W_Y	-0.194069	A	-167.243	OX	6.22869	O_Y	-1.28867				
W_X	5.79731	W_Y	-0.194939	A	-167.425	OX	6.20868	O_Y	-1.2932				
W_X	5.77681	W_Y	-0.195745	A	-167.606	OX	6.18865	O_Y	-1.29767				
W_X	5.73581	W_Y	-0.197227	A	-168.055	OX	6.14858	O_Y	-1.30647				
W_X	5.71518	W_Y	-0.198155	A	-168.279	OX	6.12852	O_Y	-1.31072				
W_X	5.69354	W_Y	-0.201787	A	-168.601	OX	6.10843	O_Y	-1.31489				
W_X	5.67274	W_Y	-0.202994	A	-168.971	OX	6.08832	O_Y	-1.31894				
W_X	5.65223	W_Y	-0.20326	A	-169.298	OX	6.06819	O_Y	-1.32287				
W_X	5.63171	W_Y	-0.203409	A	-169.596	OX	6.04803	O_Y	-1.32667				
W_X	5.6112	W_Y	-0.203451	A	-169.893	OX	6.02786	O_Y	-1.33038				
W_X	5.57017	W_Y	-0.203323	A	-170.366	OX	5.98747	O_Y	-1.33758				
W_X	5.54966	W_Y	-0.20309	A	-170.366	OX	5.96724	O_Y	-1.34101				
W_X	5.52915	W_Y	-0.202856	A	-170.366	OX	5.94702	O_Y	-1.34445				
W_X	5.50864	W_Y	-0.202623	A	-170.632	OX	5.92679	O_Y	-1.34788				
W_X	5.48834	W_Y	-0.202795	A	-170.632	OX	5.90655	O_Y	-1.35122				
W_X	5.46819	W_Y	-0.203294	A	-170.984	OX	5.88631	O_Y	-1.35456				
W_X	5.44769	W_Y	-0.202842	A	-171.336	OX	5.86606	O_Y	-1.35777				
W_X	5.40668	W_Y	-0.201685	A	-171.651	OX	5.8255	O_Y	-1.36395				
W_X	5.38618	W_Y	-0.200994	A	-171.881	OX	5.8052	O_Y	-1.36693				
W_X	5.36568	W_Y	-0.200221	A	-172.136	OX	5.78489	O_Y	-1.36983				
W_X	5.34518	W_Y	-0.199356	A	-172.469	OX	5.76457	O_Y	-1.37263				
W_X	5.32468	W_Y	-0.198372	A	-172.688	OX	5.74422	O_Y	-1.37532				
W_X	5.30419	W_Y	-0.19731	A	-173.009	OX	5.72388	O_Y	-1.37793				
W_X	5.28371	W_Y	-0.196133	A	-173.331	OX	5.70352	O_Y	-1.38043				
W_X	5.24205	W_Y	-0.196047	A	-173.331	OX	5.66277	O_Y	-1.3852				
W_X	5.22124	W_Y	-0.195996	A	-173.586	OX	5.64241	O_Y	-1.38758				
W_X	5.20077	W_Y	-0.194636	A	-173.804	OX	5.62202	O_Y	-1.38987				
W_X	5.18031	W_Y	-0.1932	A	-174.046	OX	5.60164	O_Y	-1.39208				
W_X	5.15985	W_Y	-0.191676	A	-174.215	OX	5.58123	O_Y	-1.39421				
W_X	5.1394	W_Y	-0.190091	A	-174.385	OX	5.56082	O_Y	-1.39628				
W_X	5.11894	W_Y	-0.188445	A	-174.385	OX	5.54039	O_Y	-1.39829				
W_X	5.09849	W_Y	-0.186801	A	-174.682	OX	5.51997	O_Y	-1.40029				
W_X	5.07805	W_Y	-0.18505	A	-174.845	OX	5.49955	O_Y	-1.40219				
W_X	5.05751	W_Y	-0.183697	A	-175.1	OX	5.47912	O_Y	-1.40404				
W_X	5.03677	W_Y	-0.1831	A	-175.361	OX	5.45868	O_Y	-1.40579				
W_X	5.01637	W_Y	-0.18114	A	-175.603	OX	5.43825	O_Y	-1.40745				
W_X	4.99597	W_Y	-0.17906	A	-175.846	OX	5.41781	O_Y	-1.40902				
W_X	4.95518	W_Y	-0.174722	A	-176.404	OX	5.37689	O_Y	-1.41199				
W_X	4.93482	W_Y	-0.172358	A	-176.755	OX	5.35644	O_Y	-1.41328				
W_X	4.91447	W_Y	-0.169866	A	-176.913	OX	5.33596	O_Y	-1.41444				
W_X	4.89411	W_Y	-0.167318	A	-177.137	OX	5.31548	O_Y	-1.41554				
W_X	4.87377	W_Y	-0.164691	A	-177.391	OX	5.29499	O_Y	-1.41657				
W_X	4.85344	W_Y	-0.161973	A	-177.391	OX	5.2745	O_Y	-1.4175				
W_X	4.8331	W_Y	-0.159254	A	-177.391	OX	5.25401	O_Y	-1.41843				
W_X	4.79218	W_Y	-0.15538	A	-177.391	OX	5.21302	O_Y	-1.4203				
W_X	4.7712	W_Y	-0.156666	A	-177.628	OX	5.19253	O_Y	-1.42123				
W_X	4.75087	W_Y	-0.153857	A	-177.901	OX	5.17203	O_Y	-1.42208				
W_X	4.73057	W_Y	-0.150952	A	-178.064	OX	5.15154	O_Y	-1.42283				
W_X	4.71027	W_Y	-0.147989	A	-178.343	OX	5.13104	O_Y	-1.42353				
W_X	4.68998	W_Y	-0.144926	A	-178.543	OX	5.11053	O_Y	-1.42412				
W_X	4.66971	W_Y	-0.141793	A	-178.743	OX	5.09002	O_Y	-1.42464				
W_X	4.62918	W_Y	-0.135386	A	-179.228	OX	5.049	O_Y	-1.42554				
W_X	4.60895	W_Y	-0.132012	A	-179.549	OX	5.02849	O_Y	-1.42582				
W_X	4.58874	W_Y	-0.128524	A	-179.907	OX	5.00798	O_Y	-1.42598				
W_X	4.56806	W_Y	-0.129325	A	179.735	OX	4.98747	O_Y	-1.42601				
W_X	4.54752	W_Y	-0.128937	A	179.249	OX	4.96697	O_Y	-1.42592				
W_X	4.52737	W_Y	-0.125064	A	178.762	OX	4.94645	O_Y	-1.42565				
W_X	4.50725	W_Y	-0.121018	A	178.762	OX	4.92593	O_Y	-1.42521				
W_X	4.48714	W_Y	-0.116975	A	178.762	OX	4.90542	O_Y	-1.42476				
W_X	4.46703	W_Y	-0.112932	A	178.599	OX	4.88492	O_Y	-1.42432				
W_X	4.44692	W_Y	-0.108829	A	178.599	OX	4.8644	O_Y	-1.42382				
W_X	4.42683	W_Y	-0.104731	A	178.599	OX	4.8439	O_Y	-1.42332				
W_X	4.40673	W_Y	-0.10063	A	178.599	OX	4.82339	O_Y	-1.42282				
W_X	4.38643	W_Y	-0.097964	A	178.599	OX	4.80288	O_Y	-1.42231				
W_X	4.34541	W_Y	-0.0954314	A	178.599	OX	4.76187	O_Y	-1.42131				
W_X	4.32521	W_Y	-0.0919617	A	178.599	OX	4.74136	O_Y	-1.42081				
W_X	4.30512	W_Y	-0.0879082	A	178.424	OX	4.72087	O_Y	-1.42031				
W_X	4.28502	W_Y	-0.083791	A	178.26	OX	4.70037	O_Y	-1.41974				
W_X	4.26494	W_Y	-0.0796161	A	178.085	OX	4.67986	O_Y	-1.41912				
W_X	4.24487	W_Y	-0.0753799	A	177.934	OX	4.65936	O_Y	-1.41844				
W_X	4.22481	W_Y	-0.0710908	A	177.783	OX	4.63886	O_Y	-1.4177				
W_X	4.16469	W_Y	-0.0579542	A	177.468	OX	4.57737	O_Y	-1.4152				
W_X	4.16469	W_Y	-0.0579542	A	177.468	OX	4.57737	O_Y	-1.4152				
W_X	4.14499	W_Y	-0.0541714	A	177.311	OX	4.55688	O_Y	-1.4143				
W_X	4.10531	W_Y	-0.045836	A	177.311	OX	4.51589	O_Y	-1.41237				
W_X	4.10531	W_Y	-0.045836	A	177.311	OX	4.51589	O_Y	-1.41237				
W_X	4.0853	W_Y	-0.0413121	A	177.311	OX	4.4954	O_Y	-1.41141				
W_X	4.02529	W_Y	-0.0277483	A	177.311	OX	4.43394	O_Y	-1.40852				
W_X	4.00528	W_Y	-0.0232261	A	177.311	OX	4.41345	O_Y	-1.40756				
W_X	3.98527	W_Y	-0.0187033	A	177.311	OX	4.39296	O_Y	-1.4066				
W_X	3.96526	W_Y	-0.0141808	A	177.311	OX	4.37247	O_Y	-1.40564				
W_X	3.94516	W_Y	-0.00953881	A	177.311	OX	4.35198	O_Y	-1.40467				
W_X	3.94516	W_Y	-0.00953881	A	177.311	OX	4.35198	O_Y	-1.40467				
W_X	3.92357	W_Y	-0.00286162	A	177.311	OX	4.33149	O_Y	-1.40371				
W_X	3.88308	W_Y	0.00692974	A	177.311	OX	4.29051	O_Y	-1.40179				
W_X	3.8431	W_Y	0.0161267	A	177.142	OX	4.24953	O_Y	-1.3998				
W_X	3.82312	W_Y	0.0207548	A	177.142	OX	4.22904	O_Y	-1.39878				
W_X	3.80313	W_Y	0.0253828	A	177.142	OX	4.20855	O_Y	-1.39776				
W_X	3.78315	W_Y	0.0300103	A	177.142	OX	4.18807	O_Y	-1.39673				
W_X	3.76317	W_Y	0.0346378	A	177.142	OX	4.16758	O_Y	-1.39571				
W_X	3.7232	W_Y	0.0438938	A	177.618	OX	4.12661	O_Y	-1.39366				
W_X	3.70317	W_Y	0.0488301	A	177.618	OX	4.10611	O_Y	-1.39281				
W_X	3.68314	W_Y	0.0540112	A	177.618	OX	4.08562	O_Y	-1.39196				
W_X	3.66313	W_Y	0.0585032	A	177.618	OX	4.06512	O_Y	-1.39111				
W_X	3.64311	W_Y	0.0629949	A	177.79	OX	4.04463	O_Y	-1.39025				
W_X	3.62308	W_Y	0.0674269	A	177.79	OX	4.02413	O_Y	-1.38946				
W_X	3.60305	W_Y	0.0718589	A	177.79	OX	4.00363	O_Y	-1.38867				
W_X	3.563	W_Y	0.0807229	A	178.096	OX	3.96263	O_Y	-1.38709				
W_X	3.54295	W_Y	0.0850458	A	178.096	OX	3.94214	O_Y	-1.38641				
W_X	3.52291	W_Y	0.0878316	A	178.268	OX	3.92163	O_Y	-1.38573				
W_X	3.50291	W_Y	0.0877159	A	178.268	OX	3.90113	O_Y	-1.38511				
W_X	3.48284	W_Y	0.0919013	A	178.427	OX	3.88061	O_Y	-1.38449				
W_X	3.46277	W_Y	0.0960931	A	178.427	OX	3.86012	O_Y	-1.38392				
W_X	3.46277	W_Y	0.0960931	A	178.427	OX	3.86012	O_Y	-1.38392				
W_X	3.40254	W_Y	0.108673	A	178.427	OX	3.79861	O_Y	-1.38223				
W_X	3.38246	W_Y	0.112867	A	178.427	OX	3.77811	O_Y	-1.38167				
W_X	3.36238	W_Y	0.117061	A	178.672	OX	3.7576	O_Y	-1.38111				
W_X	3.34228	W_Y	0.121169	A	178.672	OX	3.73709	O_Y	-1.38063				
W_X	3.32218	W_Y	0.125277	A	178.935	OX	3.71658	O_Y	-1.38016				
W_X	3.30372	W_Y	0.132385	A	179.13	OX	3.69607	O_Y	-1.37978				
W_X	3.28495	W_Y	0.138966	A	179.326	OX	3.67556	O_Y	-1.37946				
W_X	3.2447	W_Y	0.146886	A	179.326	OX	3.63454	O_Y	-1.37898				
W_X	3.22457	W_Y	0.150846	A	179.558	OX	3.61403	O_Y	-1.37874				
W_X	3.20443	W_Y	0.154724	A	179.803	OX	3.59352	O_Y	-1.37858				
W_X	3.18427	W_Y	0.158516	A	-179.898	OX	3.573	O_Y	-1.37851				
W_X	3.1641	W_Y	0.162201	A	-179.898	OX	3.5525	O_Y	-1.37855				
W_X	3.14392	W_Y	0.165888	A	-179.898	OX	3.53199	O_Y	-1.37859				
W_X	3.12373	W_Y	0.169576	A	-179.482	OX	3.51146	O_Y	-1.37862				
W_X	3.10317	W_Y	0.17351	A	-179.482	OX	3.49095	O_Y	-1.37881				
W_X	3.0804	W_Y	0.179897	A	-179.249	OX	3.47044	O_Y	-1.37899				
W_X	3.05962	W_Y	0.183991	A	-179.096	OX	3.44991	O_Y	-1.37926				
W_X	3.0394	W_Y	0.187421	A	-178.846	OX	3.4294	O_Y	-1.37959				
W_X	3.0394	W_Y	0.187421	A	-178.846	OX	3.4294	O_Y	-1.37959				
W_X	2.99889	W_Y	0.194009	A	-178.296	OX	3.38837	O_Y	-1.38051				
W_X	2.95837	W_Y	0.2003	A	-177.782	OX	3.34738	O_Y	-1.38173				
W_X	2.93807	W_Y	0.203266	A	-177.782	OX	3.32689	O_Y	-1.38252				
W_X	2.91777	W_Y	0.206231	A	-177.514	OX	3.30639	O_Y	-1.38332				
W_X	2.89746	W_Y	0.209101	A	-177.281	OX	3.28589	O_Y	-1.38421				
W_X	2.87643	W_Y	0.213225	A	-176.982	OX	3.2654	O_Y	-1.38518				
W_X	2.85526	W_Y	0.217524	A	-176.695	OX	3.24492	O_Y	-1.38626				
W_X	2.83491	W_Y	0.220151	A	-176.408	OX	3.22444	O_Y	-1.38744				
W_X	2.79419	W_Y	0.225202	A	-175.992	OX	3.18349	O_Y	-1.39002				
W_X	2.77382	W_Y	0.22758	A	-175.711	OX	3.16303	O_Y	-1.39145				
W_X	2.75343	W_Y	0.229857	A	-175.521	OX	3.14257	O_Y	-1.39298				
W_X	2.73304	W_Y	0.232067	A	-175.521	OX	3.12212	O_Y	-1.39459				
W_X	2.71264	W_Y	0.234277	A	-175.313	OX	3.10167	O_Y	-1.39619				
W_X	2.69225	W_Y	0.236413	A	-175.313	OX	3.08123	O_Y	-1.39786				
W_X	2.67175	W_Y	0.238778	A	-175.313	OX	3.06079	O_Y	-1.39954				
W_X	2.62727	W_Y	0.251497	A	-174.873	OX	3.0199	O_Y	-1.40289				
W_X	2.6056	W_Y	0.256375	A	-174.622	OX	2.99947	O_Y	-1.40472				
W_X	2.58518	W_Y	0.258286	A	-174.347	OX	2.97904	O_Y	-1.40665				
W_X	2.56475	W_Y	0.260099	A	-174.163	OX	2.95863	O_Y	-1.40867				
W_X	2.54431	W_Y	0.261846	A	-173.852	OX	2.93822	O_Y	-1.41075				
W_X	2.52386	W_Y	0.263482	A	-173.68	OX	2.91783	O_Y	-1.41295				
W_X	2.48296	W_Y	0.266632	A	-173.509	OX	2.87706	O_Y	-1.41747				
W_X	2.4625	W_Y	0.268146	A	-173.093	OX	2.85667	O_Y	-1.41979				
W_X	2.44204	W_Y	0.269511	A	-172.599	OX	2.83631	O_Y	-1.42225				
W_X	2.42115	W_Y	0.270685	A	-172.599	OX	2.81597	O_Y	-1.42489				
W_X	2.39978	W_Y	0.27186	A	-172.275	OX	2.79563	O_Y	-1.42754				
W_X	2.37929	W_Y	0.272951	A	-172.275	OX	2.7753	O_Y	-1.43029				
W_X	2.35881	W_Y	0.274042	A	-172.275	OX	2.75497	O_Y	-1.43305				
W_X	2.33832	W_Y	0.275134	A	-171.713	OX	2.73464	O_Y	-1.43581				
W_X	2.31783	W_Y	0.276024	A	-171.487	OX	2.71435	O_Y	-1.43877				
W_X	2.29732	W_Y	0.276834	A	-171.487	OX	2.69405	O_Y	-1.4418				
W_X	2.27683	W_Y	0.277643	A	-171.23	OX	2.67376	O_Y	-1.44484				
W_X	2.25633	W_Y	0.278361	A	-171.23	OX	2.65349	O_Y	-1.44797				
W_X	2.23583	W_Y	0.279078	A	-171.23	OX	2.63322	O_Y	-1.4511				
W_X	2.19297	W_Y	0.283601	A	-171.23	OX	2.59268	O_Y	-1.45735				
W_X	2.17137	W_Y	0.286158	A	-170.814	OX	2.5724	O_Y	-1.46048				
W_X	2.15087	W_Y	0.28675	A	-170.564	OX	2.55215	O_Y	-1.46375				
W_X	2.13036	W_Y	0.287253	A	-170.179	OX	2.53191	O_Y	-1.46712				
W_X	2.10985	W_Y	0.287618	A	-169.703	OX	2.5117	O_Y	-1.47061				
W_X	2.08934	W_Y	0.287812	A	-169.508	OX	2.49151	O_Y	-1.47428				
W_X	2.06882	W_Y	0.287937	A	-169.123	OX	2.47135	O_Y	-1.47802				
W_X	2.04831	W_Y	0.287924	A	-168.739	OX	2.4512	O_Y	-1.48189				
W_X	2.04831	W_Y	0.287924	A	-168.739	OX	2.4512	O_Y	-1.48189				
W_X	1.98636	W_Y	0.287657	A	-168.188	OX	2.39087	O_Y	-1.49401				
W_X	1.96449	W_Y	0.288312	A	-167.98	OX	2.37079	O_Y	-1.49821				
W_X	1.94391	W_Y	0.287976	A	-167.686	OX	2.35072	O_Y	-1.50248				
W_X	1.9234	W_Y	0.287478	A	-167.686	OX	2.33068	O_Y	-1.50686				
W_X	1.90289	W_Y	0.286981	A	-167.356	OX	2.31064	O_Y	-1.51123				
W_X	1.86189	W_Y	0.285749	A	-167.027	OX	2.27061	O_Y	-1.52021				
W_X	1.86189	W_Y	0.285749	A	-167.027	OX	2.27061	O_Y	-1.52021				
W_X	1.82088	W_Y	0.284281	A	-166.825	OX	2.23062	O_Y	-1.52943				
W_X	1.80038	W_Y	0.283475	A	-166.556	OX	2.21065	O_Y	-1.5341				
W_X	1.77988	W_Y	0.282573	A	-166.33	OX	2.1907	O_Y	-1.53887				
W_X	1.75824	W_Y	0.280227	A	-166.103	OX	2.17076	O_Y	-1.54372				
W_X	1.73671	W_Y	0.277915	A	-165.876	OX	2.15086	O_Y	-1.54864				
W_X	1.71621	W_Y	0.276784	A	-165.315	OX	2.13096	O_Y	-1.55365				
W_X	1.69574	W_Y	0.275452	A	-165.058	OX	2.11112	O_Y	-1.55885				
W_X	1.67528	W_Y	0.274029	A	-164.82	OX	2.0913	O_Y	-1.56414				
W_X	1.65482	W_Y	0.272521	A	-164.654	OX	2.0715	O_Y	-1.56951				
W_X	1.63437	W_Y	0.270954	A	-164.404	OX	2.05172	O_Y	-1.57494				
W_X	1.61392	W_Y	0.269298	A	-164.19	OX	2.03196	O_Y	-1.58046				
W_X	1.59348	W_Y	0.267564	A	-163.975	OX	2.01222	O_Y	-1.58605				
W_X	1.55259	W_Y	0.264061	A	-163.608	OX	1.97279	O_Y	-1.59737				
W_X	1.53197	W_Y	0.263096	A	-163.291	OX	1.95311	O_Y	-1.60316				
W_X	1.51149	W_Y	0.26139	A	-163.291	OX	1.93346	O_Y	-1.60906				
W_X	1.49108	W_Y	0.259379	A	-162.979	OX	1.91382	O_Y	-1.61496				
section	back	liner											
section	back	liner											
W_X	1.16263	W_Y	0.212242	A	-162.226	OX	1.79626	O_Y	-1.65152				
W_X	1.16263	W_Y	0.212242	A	-159.818	OX	1.60219	O_Y	-1.71783				
W_X	1.14238	W_Y	0.20896	A	-159.579	OX	1.58294	O_Y	-1.72491				
W_X	1.08051	W_Y	0.19811	A	-159.01	OX	1.52533	O_Y	-1.74654				
W_X	1.08051	W_Y	0.19811	A	-159.01	OX	1.52533	O_Y	-1.74654				
W_X	1.03958	W_Y	0.190624	A	-158.766	OX	1.48706	O_Y	-1.76132				
W_X	1.03958	W_Y	0.190624	A	-158.766	OX	1.48706	O_Y	-1.76132				
W_X	1.01939	W_Y	0.186973	A	-158.497	OX	1.46794	O_Y	-1.76875				
W_X	0.999221	W_Y	0.183228	A	-158.301	OX	1.44886	O_Y	-1.77627				
W_X	0.979065	W_Y	0.179414	A	-158.038	OX	1.4298	O_Y	-1.78385				
W_X	0.9388	W_Y	0.171508	A	-157.043	OX	1.39177	O_Y	-1.79928				
W_X	0.918732	W_Y	0.167252	A	-156.878	OX	1.37289	O_Y	-1.80729				
W_X	0.897816	W_Y	0.161987	A	-156.56	OX	1.35402	O_Y	-1.81534				
W_X	0.876107	W_Y	0.155669	A	-156.194	OX	1.3352	O_Y	-1.8235				
W_X	0.856112	W_Y	0.151086	A	-155.943	OX	1.31643	O_Y	-1.83178				
W_X	0.836139	W_Y	0.146415	A	-155.729	OX	1.2977	O_Y	-1.84014				
W_X	0.816183	W_Y	0.141671	A	-155.515	OX	1.279	O_Y	-1.84857				
W_X	0.776305	W_Y	0.132032	A	-154.904	OX	1.24166	O_Y	-1.86558				
W_X	0.756404	W_Y	0.126996	A	-154.617	OX	1.22307	O_Y	-1.87429				
W_X	0.736542	W_Y	0.121865	A	-154.617	OX	1.20454	O_Y	-1.88308				
W_X	0.716684	W_Y	0.116734	A	-154.439	OX	1.18601	O_Y	-1.89187				
W_X	0.696837	W_Y	0.111541	A	-154.439	OX	1.1675	O_Y	-1.90072				
W_X	0.67699	W_Y	0.106347	A	-154.439	OX	1.149	O_Y	-1.90957				
W_X	0.6372	W_Y	0.0959783	A	-154.439	OX	1.112	O_Y	-1.92727				
W_X	0.617146	W_Y	0.0908016	A	-154.036	OX	1.09348	O_Y	-1.93613				
W_X	0.597337	W_Y	0.0854643	A	-154.036	OX	1.07503	O_Y	-1.94511				
W_X	0.577545	W_Y	0.0801315	A	-153.791	OX	1.05661	O_Y	-1.95408				
W_X	0.557763	W_Y	0.0747106	A	-153.608	OX	1.0382	O_Y	-1.96314				
W_X	0.537995	W_Y	0.0692257	A	-153.608	OX	1.01983	O_Y	-1.97226				
W_X	0.518228	W_Y	0.0637407	A	-153.608	OX	1.00145	O_Y	-1.98138				
W_X	0.478695	W_Y	0.0527715	A	-153.204	OX	0.964699	O_Y	-1.99962				
W_X	0.458967	W_Y	0.0471475	A	-152.959	OX	0.946388	O_Y	-2.00886				
W_X	0.439265	W_Y	0.0414396	A	-152.959	OX	0.928118	O_Y	-2.01819				
W_X	0.419518	W_Y	0.0340254	A	-152.8	OX	0.909847	O_Y	-2.02752				
W_X	0.399815	W_Y	0.0271792	A	-152.8	OX	0.891603	O_Y	-2.03689				
W_X	0.380147	W_Y	0.021381	A	-152.8	OX	0.873365	O_Y	-2.04626				
W_X	0.36047	W_Y	0.01558	A	-152.8	OX	0.855119	O_Y	-2.05564				
W_X	0.340787	W_Y	0.00977755	A	-152.445	OX	0.836869	O_Y	-2.06502				
W_X	0.321146	W_Y	0.00385461	A	-152.803	OX	0.81868	O_Y	-2.07451				
W_X	0.30147	W_Y	-0.00194458	A	-153.319	OX	0.800436	O_Y	-2.08389				
W_X	0.281741	W_Y	-0.007567	A	-153.319	OX	0.782106	O_Y	-2.0931				
W_X	0.262013	W_Y	-0.013189	A	-153.647	OX	0.763777	O_Y	-2.10231				
W_X	0.242255	W_Y	-0.0186976	A	-153.647	OX	0.745397	O_Y	-2.11141				
W_X	0.222497	W_Y	-0.0242063	A	-153.647	OX	0.727016	O_Y	-2.12052				
W_X	0.180877	W_Y	-0.0442138	A	-153.647	OX	0.690253	O_Y	-2.13873				
W_X	0.160178	W_Y	-0.0539086	A	-153.647	OX	0.671871	O_Y	-2.14784				
W_X	0.140441	W_Y	-0.0594977	A	-153.647	OX	0.65349	O_Y	-2.15694				
W_X	0.120706	W_Y	-0.0650864	A	-153.647	OX	0.63511	O_Y	-2.16605				
W_X	0.100966	W_Y	-0.0706761	A	-153.823	OX	0.616727	O_Y	-2.17515				
W_X	0.0812101	W_Y	-0.0762054	A	-153.823	OX	0.598315	O_Y	-2.1842				
W_X	0.0417102	W_Y	-0.0872605	A	-153.823	OX	0.561505	O_Y	-2.2023				
W_X	0.0219477	W_Y	-0.0927915	A	-154.222	OX	0.543088	O_Y	-2.21135				
W_X	0.00215482	W_Y	-0.0981825	A	-154.222	OX	0.524615	O_Y	-2.22027				
W_X	-0.0176366	W_Y	-0.103573	A	-154.586	OX	0.506144	O_Y	-2.22919				
section	back	liner											
