W_X	0.0322058	W_Y	-0.0167037	A	0	O_X	0	O_Y	0	g_odom_x	0	g_odom_y	0
W_X	0.0322058	W_Y	-0.0167037	A	0	O_X	0	O_Y	0	g_odom_x	0	g_odom_y	0
W_X	0.0322058	W_Y	-0.0167037	A	0	O_X	0	O_Y	0	g_odom_x	0	g_odom_y	0
W_X	0.0516343	W_Y	-0.0165991	A	0	O_X	0.0194288	O_Y	0	g_odom_x	0	g_odom_y	0
W_X	0.0710677	W_Y	-0.0164945	A	0	O_X	0.0388625	O_Y	0	g_odom_x	0	g_odom_y	0
W_X	0.08132	W_Y	-0.0164393	A	1.64722	O_X	0.0491149	O_Y	0	g_odom_x	0	g_odom_y	0
W_X	0.0921027	W_Y	-0.0160711	A	0.849172	O_X	0.0598995	O_Y	0.000310134	g_odom_x	0	g_odom_y	0
W_X	0.102905	W_Y	-0.0158528	A	0.489177	O_X	0.0707025	O_Y	0.000470255	g_odom_x	0	g_odom_y	0
W_X	0.114232	W_Y	-0.0156951	A	0.489177	O_X	0.0820308	O_Y	0.000566976	g_odom_x	0	g_odom_y	0
W_X	0.125568	W_Y	-0.0155373	A	0.707527	O_X	0.0933672	O_Y	0.000663766	g_odom_x	0	g_odom_y	0
W_X	0.136903	W_Y	-0.0153363	A	0.925877	O_X	0.104703	O_Y	0.000803756	g_odom_x	0	g_odom_y	0
W_X	0.16065	W_Y	-0.0148246	A	1.25299	O_X	0.128452	O_Y	0.00118757	g_odom_x	0	g_odom_y	0
W_X	0.172521	W_Y	-0.014501	A	1.82436	O_X	0.140325	O_Y	0.00144726	g_odom_x	0	g_odom_y	0
W_X	0.18492	W_Y	-0.0140392	A	1.56166	O_X	0.152727	O_Y	0.00184226	g_odom_x	0	g_odom_y	0
W_X	0.19733	W_Y	-0.013634	A	1.56166	O_X	0.165139	O_Y	0.00218065	g_odom_x	0	g_odom_y	0
W_X	0.209739	W_Y	-0.0132289	A	1.56166	O_X	0.177549	O_Y	0.002519	g_odom_x	0	g_odom_y	0
W_X	0.222688	W_Y	-0.0128061	A	1.56166	O_X	0.1905	O_Y	0.00287208	g_odom_x	0	g_odom_y	0
W_X	0.235645	W_Y	-0.012383	A	1.56166	O_X	0.203459	O_Y	0.00322538	g_odom_x	0	g_odom_y	0
W_X	0.249137	W_Y	-0.0119425	A	1.56166	O_X	0.216953	O_Y	0.00359327	g_odom_x	0	g_odom_y	0
W_X	0.262622	W_Y	-0.0115022	A	1.56166	O_X	0.230441	O_Y	0.00396098	g_odom_x	0	g_odom_y	0
W_X	0.276103	W_Y	-0.011062	A	1.56166	O_X	0.243925	O_Y	0.00432858	g_odom_x	0	g_odom_y	0
W_X	0.290127	W_Y	-0.0106041	A	1.56166	O_X	0.257951	O_Y	0.00471098	g_odom_x	0	g_odom_y	0
W_X	0.304157	W_Y	-0.010146	A	1.56166	O_X	0.271983	O_Y	0.00509353	g_odom_x	0	g_odom_y	0
W_X	0.318187	W_Y	-0.0096879	A	1.56166	O_X	0.286015	O_Y	0.00547608	g_odom_x	0	g_odom_y	0
W_X	0.347322	W_Y	-0.0087366	A	1.56166	O_X	0.315154	O_Y	0.00627051	g_odom_x	0	g_odom_y	0
W_X	0.36189	W_Y	-0.00826094	A	1.56166	O_X	0.329724	O_Y	0.00666774	g_odom_x	0	g_odom_y	0
W_X	0.376997	W_Y	-0.00776765	A	1.56166	O_X	0.344835	O_Y	0.00707968	g_odom_x	0	g_odom_y	0
W_X	0.395434	W_Y	-0.0073103	A	1.73129	O_X	0.359942	O_Y	0.00749157	g_odom_x	0	g_odom_y	0
W_X	0.41625	W_Y	-0.00701173	A	1.73129	O_X	0.37559	O_Y	0.00796453	g_odom_x	0	g_odom_y	0
W_X	0.431901	W_Y	-0.006657	A	1.73129	O_X	0.391237	O_Y	0.00843748	g_odom_x	0	g_odom_y	0
W_X	0.447551	W_Y	-0.00630227	A	1.73129	O_X	0.406884	O_Y	0.00891044	g_odom_x	0	g_odom_y	0
W_X	0.479931	W_Y	-0.00556834	A	1.73129	O_X	0.439258	O_Y	0.00988896	g_odom_x	0	g_odom_y	0
W_X	0.496125	W_Y	-0.00520128	A	1.73129	O_X	0.455449	O_Y	0.0103783	g_odom_x	0	g_odom_y	0
W_X	0.512855	W_Y	-0.0048221	A	1.73129	O_X	0.472175	O_Y	0.0108839	g_odom_x	0	g_odom_y	0
W_X	0.529584	W_Y	-0.00444292	A	1.73129	O_X	0.488901	O_Y	0.0113895	g_odom_x	0	g_odom_y	0
W_X	0.546852	W_Y	-0.00405151	A	1.73129	O_X	0.506166	O_Y	0.0119113	g_odom_x	0	g_odom_y	0
W_X	0.564125	W_Y	-0.00366	A	1.73129	O_X	0.523435	O_Y	0.0124333	g_odom_x	0	g_odom_y	0
W_X	0.581398	W_Y	-0.00326849	A	1.73129	O_X	0.540705	O_Y	0.0129553	g_odom_x	0	g_odom_y	0
W_X	0.615938	W_Y	-0.00248562	A	1.73129	O_X	0.575237	O_Y	0.0139991	g_odom_x	0	g_odom_y	0
W_X	0.633131	W_Y	-0.00167243	A	1.73129	O_X	0.593044	O_Y	0.0145373	g_odom_x	0	g_odom_y	0
W_X	0.648225	W_Y	0.000810912	A	1.73129	O_X	0.611388	O_Y	0.0150917	g_odom_x	0	g_odom_y	0
W_X	0.665743	W_Y	0.00165126	A	1.73129	O_X	0.629733	O_Y	0.0156463	g_odom_x	0	g_odom_y	0
W_X	0.684103	W_Y	0.00195971	A	1.73129	O_X	0.648088	O_Y	0.016201	g_odom_x	0	g_odom_y	0
W_X	0.702463	W_Y	0.00226817	A	1.73129	O_X	0.666442	O_Y	0.0167558	g_odom_x	0	g_odom_y	0
W_X	0.740236	W_Y	0.00290278	A	1.73129	O_X	0.704204	O_Y	0.0178972	g_odom_x	0	g_odom_y	0
W_X	0.759129	W_Y	0.00322018	A	1.73129	O_X	0.72309	O_Y	0.0184681	g_odom_x	0	g_odom_y	0
W_X	0.77802	W_Y	0.00353755	A	1.73129	O_X	0.741975	O_Y	0.0190389	g_odom_x	0	g_odom_y	0
W_X	0.797457	W_Y	0.0038641	A	1.73129	O_X	0.761406	O_Y	0.0196262	g_odom_x	0	g_odom_y	0
W_X	0.817419	W_Y	0.00419948	A	1.73129	O_X	0.781362	O_Y	0.0202294	g_odom_x	0	g_odom_y	0
W_X	0.837391	W_Y	0.00453501	A	1.73129	O_X	0.801328	O_Y	0.0208329	g_odom_x	0	g_odom_y	0
W_X	0.857207	W_Y	0.00416265	A	1.73129	O_X	0.821294	O_Y	0.0214363	g_odom_x	0	g_odom_y	0
W_X	0.895914	W_Y	-0.00588068	A	1.73129	O_X	0.8623	O_Y	0.0226758	g_odom_x	0	g_odom_y	0
W_X	0.915745	W_Y	-0.00890383	A	1.73129	O_X	0.882808	O_Y	0.0232957	g_odom_x	0	g_odom_y	0
W_X	0.936259	W_Y	-0.00881368	A	1.73129	O_X	0.903314	O_Y	0.0239155	g_odom_x	0	g_odom_y	0
W_X	0.956767	W_Y	-0.00872357	A	1.73129	O_X	0.923812	O_Y	0.0245351	g_odom_x	0	g_odom_y	0
W_X	0.97728	W_Y	-0.00863343	A	1.73129	O_X	0.944315	O_Y	0.0251548	g_odom_x	0	g_odom_y	0
W_X	0.997792	W_Y	-0.00854329	A	1.73129	O_X	0.964819	O_Y	0.0257745	g_odom_x	0	g_odom_y	0
W_X	1.0183	W_Y	-0.00845316	A	1.73129	O_X	0.985322	O_Y	0.0263943	g_odom_x	0	g_odom_y	0
section	ahead	liner											
W_X	1.72434	W_Y	-0.0331879	A	1.73129	O_X	1.68242	O_Y	0.0474646	g_odom_x	0	g_odom_y	0
W_X	1.77638	W_Y	-0.0306051	A	1.73129	O_X	1.74395	O_Y	0.0493245	g_odom_x	0	g_odom_y	0
W_X	1.77638	W_Y	-0.0306051	A	1.73129	O_X	1.74395	O_Y	0.0493245	g_odom_x	0	g_odom_y	0
W_X	1.77638	W_Y	-0.0306051	A	1.73129	O_X	1.74395	O_Y	0.0493245	g_odom_x	0	g_odom_y	0
W_X	1.85767	W_Y	-0.0324851	A	1.73129	O_X	1.82597	O_Y	0.0518035	g_odom_x	0	g_odom_y	0
W_X	1.89868	W_Y	-0.033568	A	1.73129	O_X	1.86697	O_Y	0.053043	g_odom_x	0	g_odom_y	0
W_X	1.91919	W_Y	-0.0341094	A	1.73129	O_X	1.88748	O_Y	0.0536627	g_odom_x	0	g_odom_y	0
W_X	1.93969	W_Y	-0.0346508	A	1.94964	O_X	1.90798	O_Y	0.0542825	g_odom_x	0	g_odom_y	0
W_X	1.93969	W_Y	-0.0346508	A	1.94964	O_X	1.90798	O_Y	0.0542825	g_odom_x	0	g_odom_y	0
W_X	1.99646	W_Y	-0.0247593	A	2.16799	O_X	1.96948	O_Y	0.0565323	g_odom_x	0	g_odom_y	0
W_X	2.01004	W_Y	-0.00888717	A	2.39854	O_X	1.98998	O_Y	0.0573085	g_odom_x	0	g_odom_y	0
W_X	2.03056	W_Y	-0.00907816	A	2.39854	O_X	2.01048	O_Y	0.058167	g_odom_x	0	g_odom_y	0
W_X	2.05107	W_Y	-0.00926914	A	2.61078	O_X	2.03097	O_Y	0.0590254	g_odom_x	0	g_odom_y	0
W_X	2.07158	W_Y	-0.00938414	A	2.61078	O_X	2.05146	O_Y	0.0599598	g_odom_x	0	g_odom_y	0
W_X	2.09209	W_Y	-0.00949915	A	2.61078	O_X	2.07196	O_Y	0.0608942	g_odom_x	0	g_odom_y	0
W_X	2.13311	W_Y	-0.00972911	A	2.61078	O_X	2.11293	O_Y	0.0627626	g_odom_x	0	g_odom_y	0
W_X	2.13311	W_Y	-0.00972911	A	2.61078	O_X	2.11293	O_Y	0.0627626	g_odom_x	0	g_odom_y	0
W_X	2.17414	W_Y	-0.00995917	A	2.61078	O_X	2.15392	O_Y	0.0646318	g_odom_x	0	g_odom_y	0
W_X	2.19466	W_Y	-0.0100742	A	2.40301	O_X	2.17442	O_Y	0.0655662	g_odom_x	0	g_odom_y	0
W_X	2.20118	W_Y	0.00139439	A	2.40301	O_X	2.19491	O_Y	0.0664263	g_odom_x	0	g_odom_y	0
W_X	2.20118	W_Y	0.00139439	A	2.40301	O_X	2.19491	O_Y	0.0664263	g_odom_x	0	g_odom_y	0
W_X	2.23308	W_Y	0.00882208	A	2.57875	O_X	2.2359	O_Y	0.0681465	g_odom_x	0	g_odom_y	0
W_X	2.2741	W_Y	0.00877862	A	2.75449	O_X	2.27688	O_Y	0.069992	g_odom_x	0	g_odom_y	0
W_X	2.2741	W_Y	0.00877862	A	2.75449	O_X	2.27688	O_Y	0.069992	g_odom_x	0	g_odom_y	0
W_X	2.31513	W_Y	0.00886101	A	2.75449	O_X	2.31787	O_Y	0.071964	g_odom_x	0	g_odom_y	0
W_X	2.33566	W_Y	0.00890222	A	2.75449	O_X	2.33837	O_Y	0.0729504	g_odom_x	0	g_odom_y	0
W_X	2.35618	W_Y	0.0089434	A	2.75449	O_X	2.35886	O_Y	0.0739363	g_odom_x	0	g_odom_y	0
W_X	2.37669	W_Y	0.00898458	A	2.75449	O_X	2.37935	O_Y	0.0749221	g_odom_x	0	g_odom_y	0
W_X	2.39577	W_Y	0.00967846	A	2.75449	O_X	2.39983	O_Y	0.0759073	g_odom_x	0	g_odom_y	0
W_X	2.39577	W_Y	0.00967846	A	2.75449	O_X	2.39983	O_Y	0.0759073	g_odom_x	0	g_odom_y	0
W_X	2.42477	W_Y	0.0153138	A	2.75449	O_X	2.44082	O_Y	0.0778794	g_odom_x	0	g_odom_y	0
W_X	2.42477	W_Y	0.0153138	A	2.75449	O_X	2.44082	O_Y	0.0778794	g_odom_x	0	g_odom_y	0
W_X	2.48629	W_Y	0.0154311	A	2.75449	O_X	2.50227	O_Y	0.0808361	g_odom_x	0	g_odom_y	0
W_X	2.50681	W_Y	0.0154702	A	2.75449	O_X	2.52276	O_Y	0.0818219	g_odom_x	0	g_odom_y	0
W_X	2.52732	W_Y	0.0155093	A	2.75449	O_X	2.54325	O_Y	0.0828076	g_odom_x	0	g_odom_y	0
W_X	2.52732	W_Y	0.0155093	A	2.75449	O_X	2.54325	O_Y	0.0828076	g_odom_x	0	g_odom_y	0
W_X	2.54783	W_Y	0.0155484	A	2.75449	O_X	2.56374	O_Y	0.0837935	g_odom_x	0	g_odom_y	0
W_X	2.58887	W_Y	0.0156267	A	2.75449	O_X	2.60473	O_Y	0.0857654	g_odom_x	0	g_odom_y	0
W_X	2.60919	W_Y	0.0182794	A	2.75449	O_X	2.62522	O_Y	0.0867513	g_odom_x	0	g_odom_y	0
W_X	2.62928	W_Y	0.02429	A	2.75449	O_X	2.64571	O_Y	0.087737	g_odom_x	0	g_odom_y	0
W_X	2.64979	W_Y	0.0243704	A	2.75449	O_X	2.6662	O_Y	0.0887229	g_odom_x	0	g_odom_y	0
W_X	2.67031	W_Y	0.0244507	A	2.75449	O_X	2.68669	O_Y	0.0897087	g_odom_x	0	g_odom_y	0
W_X	2.71132	W_Y	0.0246113	A	2.75449	O_X	2.72766	O_Y	0.0916799	g_odom_x	0	g_odom_y	0
W_X	2.73185	W_Y	0.0246917	A	2.75449	O_X	2.74816	O_Y	0.0926661	g_odom_x	0	g_odom_y	0
W_X	2.75236	W_Y	0.024772	A	2.75449	O_X	2.76864	O_Y	0.0936519	g_odom_x	0	g_odom_y	0
W_X	2.75236	W_Y	0.024772	A	2.75449	O_X	2.76864	O_Y	0.0936519	g_odom_x	0	g_odom_y	0
W_X	2.79339	W_Y	0.0249327	A	2.75449	O_X	2.80962	O_Y	0.0956234	g_odom_x	0	g_odom_y	0
W_X	2.8139	W_Y	0.025013	A	2.75449	O_X	2.83011	O_Y	0.0966093	g_odom_x	0	g_odom_y	0
W_X	2.82885	W_Y	0.0275654	A	2.75449	O_X	2.85061	O_Y	0.0975952	g_odom_x	0	g_odom_y	0
W_X	2.86573	W_Y	0.0295637	A	2.75449	O_X	2.89158	O_Y	0.0995668	g_odom_x	0	g_odom_y	0
W_X	2.88625	W_Y	0.0296437	A	2.75449	O_X	2.91208	O_Y	0.100553	g_odom_x	0	g_odom_y	0
W_X	2.90676	W_Y	0.0297238	A	2.75449	O_X	2.93256	O_Y	0.101538	g_odom_x	0	g_odom_y	0
W_X	2.92727	W_Y	0.0298038	A	2.75449	O_X	2.95305	O_Y	0.102524	g_odom_x	0	g_odom_y	0
W_X	2.94779	W_Y	0.0298838	A	2.56499	O_X	2.97354	O_Y	0.10351	g_odom_x	0	g_odom_y	0
W_X	2.96831	W_Y	0.029896	A	2.39982	O_X	2.99404	O_Y	0.104428	g_odom_x	0	g_odom_y	0
W_X	2.98882	W_Y	0.0298491	A	2.23466	O_X	3.01454	O_Y	0.105287	g_odom_x	0	g_odom_y	0
W_X	3.02985	W_Y	0.029637	A	2.23466	O_X	3.05553	O_Y	0.106887	g_odom_x	0	g_odom_y	0
W_X	3.04933	W_Y	0.0299306	A	2.23466	O_X	3.07603	O_Y	0.107687	g_odom_x	0	g_odom_y	0
W_X	3.05989	W_Y	0.0336956	A	2.453	O_X	3.09653	O_Y	0.108487	g_odom_x	0	g_odom_y	0
W_X	3.07702	W_Y	0.0349993	A	2.453	O_X	3.11703	O_Y	0.109365	g_odom_x	0	g_odom_y	0
W_X	3.09754	W_Y	0.0349904	A	2.453	O_X	3.13752	O_Y	0.110243	g_odom_x	0	g_odom_y	0
W_X	3.11805	W_Y	0.0349815	A	2.453	O_X	3.15801	O_Y	0.111121	g_odom_x	0	g_odom_y	0
W_X	3.13856	W_Y	0.0349726	A	2.453	O_X	3.17851	O_Y	0.111999	g_odom_x	0	g_odom_y	0
W_X	3.17959	W_Y	0.0349548	A	2.453	O_X	3.2195	O_Y	0.113755	g_odom_x	0	g_odom_y	0
W_X	3.2001	W_Y	0.0349459	A	2.453	O_X	3.23999	O_Y	0.114633	g_odom_x	0	g_odom_y	0
W_X	3.22062	W_Y	0.034937	A	2.453	O_X	3.26049	O_Y	0.115511	g_odom_x	0	g_odom_y	0
W_X	3.23781	W_Y	0.0311052	A	2.28787	O_X	3.28098	O_Y	0.116388	g_odom_x	0	g_odom_y	0
W_X	3.25588	W_Y	0.0281579	A	2.28787	O_X	3.30148	O_Y	0.117207	g_odom_x	0	g_odom_y	0
W_X	3.2764	W_Y	0.0280153	A	2.08012	O_X	3.32197	O_Y	0.118026	g_odom_x	0	g_odom_y	0
W_X	3.29691	W_Y	0.0277984	A	1.87238	O_X	3.34247	O_Y	0.118771	g_odom_x	0	g_odom_y	0
W_X	3.33793	W_Y	0.0272158	A	1.87238	O_X	3.38348	O_Y	0.120111	g_odom_x	0	g_odom_y	0
W_X	3.33793	W_Y	0.0272158	A	1.87238	O_X	3.38348	O_Y	0.120111	g_odom_x	0	g_odom_y	0
W_X	3.37896	W_Y	0.0266333	A	1.87238	O_X	3.42448	O_Y	0.121452	g_odom_x	0	g_odom_y	0
W_X	3.39947	W_Y	0.026342	A	1.87238	O_X	3.44498	O_Y	0.122122	g_odom_x	0	g_odom_y	0
W_X	3.39947	W_Y	0.026342	A	1.87238	O_X	3.44498	O_Y	0.122122	g_odom_x	0	g_odom_y	0
W_X	3.44031	W_Y	0.0262588	A	1.87238	O_X	3.48603	O_Y	0.123464	g_odom_x	0	g_odom_y	0
W_X	3.4586	W_Y	0.0307876	A	1.87238	O_X	3.50651	O_Y	0.124133	g_odom_x	0	g_odom_y	0
W_X	3.4586	W_Y	0.0307876	A	1.87238	O_X	3.50651	O_Y	0.124133	g_odom_x	0	g_odom_y	0
W_X	3.49903	W_Y	0.0315934	A	1.87238	O_X	3.5475	O_Y	0.125473	g_odom_x	0	g_odom_y	0
W_X	3.51954	W_Y	0.0313551	A	1.87238	O_X	3.568	O_Y	0.126143	g_odom_x	0	g_odom_y	0
W_X	3.51954	W_Y	0.0313551	A	1.87238	O_X	3.568	O_Y	0.126143	g_odom_x	0	g_odom_y	0
W_X	3.56056	W_Y	0.0308783	A	1.87238	O_X	3.609	O_Y	0.127484	g_odom_x	0	g_odom_y	0
W_X	3.60158	W_Y	0.0304016	A	1.87238	O_X	3.65	O_Y	0.128824	g_odom_x	0	g_odom_y	0
W_X	3.6221	W_Y	0.0301632	A	1.87238	O_X	3.67051	O_Y	0.129495	g_odom_x	0	g_odom_y	0
W_X	3.64261	W_Y	0.0299248	A	1.87238	O_X	3.69101	O_Y	0.130165	g_odom_x	0	g_odom_y	0
W_X	3.64261	W_Y	0.0299248	A	1.87238	O_X	3.69101	O_Y	0.130165	g_odom_x	0	g_odom_y	0
W_X	3.68348	W_Y	0.0307618	A	1.47513	O_X	3.73202	O_Y	0.131433	g_odom_x	0	g_odom_y	0
W_X	3.70398	W_Y	0.0304732	A	1.47513	O_X	3.75253	O_Y	0.131961	g_odom_x	0	g_odom_y	0
W_X	3.70398	W_Y	0.0304732	A	1.47513	O_X	3.75253	O_Y	0.131961	g_odom_x	0	g_odom_y	0
W_X	3.745	W_Y	0.0297519	A	1.47513	O_X	3.79354	O_Y	0.133017	g_odom_x	0	g_odom_y	0
W_X	3.78602	W_Y	0.0290305	A	1.83877	O_X	3.83455	O_Y	0.134073	g_odom_x	0	g_odom_y	0
W_X	3.78602	W_Y	0.0290305	A	1.83877	O_X	3.83455	O_Y	0.134073	g_odom_x	0	g_odom_y	0
W_X	3.82705	W_Y	0.0285694	A	1.83877	O_X	3.87556	O_Y	0.13539	g_odom_x	0	g_odom_y	0
W_X	3.84756	W_Y	0.0283389	A	1.83877	O_X	3.89606	O_Y	0.136048	g_odom_x	0	g_odom_y	0
W_X	3.84756	W_Y	0.0283389	A	1.83877	O_X	3.89606	O_Y	0.136048	g_odom_x	0	g_odom_y	0
W_X	3.88858	W_Y	0.0312687	A	1.83877	O_X	3.93707	O_Y	0.137364	g_odom_x	0	g_odom_y	0
W_X	3.90909	W_Y	0.0342374	A	1.83877	O_X	3.95757	O_Y	0.138023	g_odom_x	0	g_odom_y	0
W_X	3.90909	W_Y	0.0342374	A	1.83877	O_X	3.95757	O_Y	0.138023	g_odom_x	0	g_odom_y	0
W_X	3.97062	W_Y	0.0335991	A	1.83877	O_X	4.01908	O_Y	0.139997	g_odom_x	0	g_odom_y	0
W_X	3.99113	W_Y	0.0333863	A	1.83877	O_X	4.03958	O_Y	0.140656	g_odom_x	0	g_odom_y	0
W_X	3.99113	W_Y	0.0333863	A	1.83877	O_X	4.03958	O_Y	0.140656	g_odom_x	0	g_odom_y	0
W_X	4.03216	W_Y	0.0329608	A	1.66145	O_X	4.08059	O_Y	0.141972	g_odom_x	0	g_odom_y	0
W_X	4.05267	W_Y	0.0326845	A	1.66145	O_X	4.10109	O_Y	0.142567	g_odom_x	0	g_odom_y	0
W_X	4.07318	W_Y	0.0324083	A	1.66145	O_X	4.12159	O_Y	0.143161	g_odom_x	0	g_odom_y	0
W_X	4.1142	W_Y	0.0318558	A	1.30683	O_X	4.1626	O_Y	0.144351	g_odom_x	0	g_odom_y	0
W_X	4.1413	W_Y	0.0410677	A	1.30683	O_X	4.18311	O_Y	0.144819	g_odom_x	0	g_odom_y	0
W_X	4.1644	W_Y	0.0445811	A	1.30683	O_X	4.20361	O_Y	0.145286	g_odom_x	0	g_odom_y	0
W_X	4.1849	W_Y	0.0442882	A	1.30683	O_X	4.22411	O_Y	0.145754	g_odom_x	0	g_odom_y	0
W_X	4.20542	W_Y	0.0439951	A	1.30683	O_X	4.24463	O_Y	0.146222	g_odom_x	0	g_odom_y	0
W_X	4.22593	W_Y	0.0437021	A	1.30683	O_X	4.26514	O_Y	0.14669	g_odom_x	0	g_odom_y	0
W_X	4.24646	W_Y	0.0434089	A	1.30683	O_X	4.28566	O_Y	0.147158	g_odom_x	0	g_odom_y	0
W_X	4.26697	W_Y	0.0431159	A	1.30683	O_X	4.30616	O_Y	0.147626	g_odom_x	0	g_odom_y	0
W_X	4.28748	W_Y	0.0428229	A	1.30683	O_X	4.32667	O_Y	0.148094	g_odom_x	0	g_odom_y	0
W_X	4.28748	W_Y	0.0428229	A	1.30683	O_X	4.32667	O_Y	0.148094	g_odom_x	0	g_odom_y	0
W_X	4.33198	W_Y	0.0496192	A	1.30683	O_X	4.36769	O_Y	0.149029	g_odom_x	0	g_odom_y	0
W_X	4.33198	W_Y	0.0496192	A	1.30683	O_X	4.36769	O_Y	0.149029	g_odom_x	0	g_odom_y	0
W_X	4.373	W_Y	0.0490556	A	1.30683	O_X	4.4087	O_Y	0.149965	g_odom_x	0	g_odom_y	0
W_X	4.41403	W_Y	0.0484919	A	0.976554	O_X	4.44972	O_Y	0.150901	g_odom_x	0	g_odom_y	0
W_X	4.43454	W_Y	0.0480918	A	0.823571	O_X	4.47023	O_Y	0.15125	g_odom_x	0	g_odom_y	0
W_X	4.45505	W_Y	0.0476371	A	0.823571	O_X	4.49074	O_Y	0.151545	g_odom_x	0	g_odom_y	0
W_X	4.47556	W_Y	0.0471822	A	0.664505	O_X	4.51125	O_Y	0.15184	g_odom_x	0	g_odom_y	0
W_X	4.49606	W_Y	0.0466705	A	0.664505	O_X	4.53176	O_Y	0.152078	g_odom_x	0	g_odom_y	0
W_X	4.51657	W_Y	0.0461588	A	0.664505	O_X	4.55227	O_Y	0.152316	g_odom_x	0	g_odom_y	0
W_X	4.53825	W_Y	0.0491893	A	0.664505	O_X	4.57278	O_Y	0.152554	g_odom_x	0	g_odom_y	0
W_X	4.57972	W_Y	0.0495516	A	0.664505	O_X	4.61381	O_Y	0.15303	g_odom_x	0	g_odom_y	0
W_X	4.60024	W_Y	0.0490461	A	0.664505	O_X	4.63433	O_Y	0.153268	g_odom_x	0	g_odom_y	0
W_X	4.62075	W_Y	0.048541	A	0.664505	O_X	4.65485	O_Y	0.153506	g_odom_x	0	g_odom_y	0
W_X	4.64126	W_Y	0.0480359	A	0.664505	O_X	4.67536	O_Y	0.153743	g_odom_x	0	g_odom_y	0
W_X	4.66176	W_Y	0.0475308	A	0.456765	O_X	4.69587	O_Y	0.153981	g_odom_x	0	g_odom_y	0
W_X	4.68227	W_Y	0.0469514	A	0.456765	O_X	4.71638	O_Y	0.154145	g_odom_x	0	g_odom_y	0
W_X	4.70277	W_Y	0.046372	A	0.456765	O_X	4.73689	O_Y	0.154308	g_odom_x	0	g_odom_y	0
W_X	4.74378	W_Y	0.0452131	A	0.456765	O_X	4.77792	O_Y	0.154635	g_odom_x	0	g_odom_y	0
W_X	4.76565	W_Y	0.0473852	A	0.456765	O_X	4.79843	O_Y	0.154799	g_odom_x	0	g_odom_y	0
W_X	4.79072	W_Y	0.0560673	A	0.236825	O_X	4.81895	O_Y	0.154963	g_odom_x	0	g_odom_y	0
W_X	4.81151	W_Y	0.056023	A	0.236825	O_X	4.83946	O_Y	0.155047	g_odom_x	0	g_odom_y	0
W_X	4.83201	W_Y	0.0553982	A	-0.031771	O_X	4.85997	O_Y	0.155132	g_odom_x	0	g_odom_y	0
W_X	4.8525	W_Y	0.0546778	A	-0.300367	O_X	4.88047	O_Y	0.155121	g_odom_x	0	g_odom_y	0
W_X	4.87302	W_Y	0.0538599	A	-0.300367	O_X	4.901	O_Y	0.155013	g_odom_x	0	g_odom_y	0
W_X	4.89351	W_Y	0.0530431	A	-0.300367	O_X	4.92151	O_Y	0.154906	g_odom_x	0	g_odom_y	0
W_X	4.91401	W_Y	0.0522261	A	-0.300367	O_X	4.94202	O_Y	0.154798	g_odom_x	0	g_odom_y	0
W_X	4.93451	W_Y	0.051409	A	-0.300367	O_X	4.96254	O_Y	0.154691	g_odom_x	0	g_odom_y	0
W_X	4.95633	W_Y	0.0514969	A	-0.300367	O_X	4.98305	O_Y	0.154583	g_odom_x	0	g_odom_y	0
W_X	4.95633	W_Y	0.0514969	A	-0.300367	O_X	4.98305	O_Y	0.154583	g_odom_x	0	g_odom_y	0
W_X	4.95633	W_Y	0.0514969	A	-0.300367	O_X	4.98305	O_Y	0.154583	g_odom_x	0	g_odom_y	0
W_X	5.03894	W_Y	0.0487664	A	-0.300367	O_X	5.06509	O_Y	0.154153	g_odom_x	0	g_odom_y	0
W_X	5.05943	W_Y	0.0479758	A	-0.47768	O_X	5.0856	O_Y	0.154045	g_odom_x	0	g_odom_y	0
W_X	5.07993	W_Y	0.0471216	A	-0.47768	O_X	5.10611	O_Y	0.153874	g_odom_x	0	g_odom_y	0
W_X	5.10043	W_Y	0.0462675	A	-0.47768	O_X	5.12663	O_Y	0.153703	g_odom_x	0	g_odom_y	0
W_X	5.12092	W_Y	0.0454134	A	-0.47768	O_X	5.14714	O_Y	0.153532	g_odom_x	0	g_odom_y	0
W_X	5.14142	W_Y	0.0445594	A	-0.47768	O_X	5.16765	O_Y	0.153361	g_odom_x	0	g_odom_y	0
W_X	5.16274	W_Y	0.0444216	A	-0.47768	O_X	5.18816	O_Y	0.15319	g_odom_x	0	g_odom_y	0
W_X	5.20707	W_Y	0.0455826	A	-0.47768	O_X	5.22919	O_Y	0.152848	g_odom_x	0	g_odom_y	0
W_X	5.22796	W_Y	0.0450601	A	-0.679338	O_X	5.2497	O_Y	0.152677	g_odom_x	0	g_odom_y	0
W_X	5.22796	W_Y	0.0450601	A	-0.679338	O_X	5.2497	O_Y	0.152677	g_odom_x	0	g_odom_y	0
W_X	5.26894	W_Y	0.0431925	A	-0.679338	O_X	5.29072	O_Y	0.152191	g_odom_x	0	g_odom_y	0
W_X	5.28944	W_Y	0.0422587	A	-0.679338	O_X	5.31124	O_Y	0.151948	g_odom_x	0	g_odom_y	0
W_X	5.30992	W_Y	0.0413252	A	-0.679338	O_X	5.33174	O_Y	0.151704	g_odom_x	0	g_odom_y	0
W_X	5.33041	W_Y	0.0403917	A	-0.679338	O_X	5.35225	O_Y	0.151461	g_odom_x	0	g_odom_y	0
W_X	5.37139	W_Y	0.0385241	A	-0.679338	O_X	5.39327	O_Y	0.150975	g_odom_x	0	g_odom_y	0
W_X	5.39188	W_Y	0.0375903	A	-0.679338	O_X	5.41378	O_Y	0.150732	g_odom_x	0	g_odom_y	0
W_X	5.4137	W_Y	0.0427357	A	-0.679338	O_X	5.43429	O_Y	0.150488	g_odom_x	0	g_odom_y	0
W_X	5.43578	W_Y	0.0491639	A	-0.844471	O_X	5.45481	O_Y	0.150245	g_odom_x	0	g_odom_y	0
W_X	5.45627	W_Y	0.0482241	A	-0.844471	O_X	5.47532	O_Y	0.149943	g_odom_x	0	g_odom_y	0
W_X	5.47676	W_Y	0.0472842	A	-0.844471	O_X	5.49583	O_Y	0.149641	g_odom_x	0	g_odom_y	0
W_X	5.49726	W_Y	0.0463443	A	-0.844471	O_X	5.51634	O_Y	0.149338	g_odom_x	0	g_odom_y	0
W_X	5.49726	W_Y	0.0463443	A	-0.844471	O_X	5.51634	O_Y	0.149338	g_odom_x	0	g_odom_y	0
W_X	5.55873	W_Y	0.0435249	A	-0.844471	O_X	5.57788	O_Y	0.148431	g_odom_x	0	g_odom_y	0
W_X	5.55873	W_Y	0.0435249	A	-0.844471	O_X	5.57788	O_Y	0.148431	g_odom_x	0	g_odom_y	0
W_X	5.55873	W_Y	0.0435249	A	-0.844471	O_X	5.57788	O_Y	0.148431	g_odom_x	0	g_odom_y	0
W_X	5.55873	W_Y	0.0435249	A	-0.844471	O_X	5.57788	O_Y	0.148431	g_odom_x	0	g_odom_y	0
W_X	5.62019	W_Y	0.0405922	A	-1.00357	O_X	5.6394	O_Y	0.14741	g_odom_x	0	g_odom_y	0
W_X	5.62019	W_Y	0.0405922	A	-1.00357	O_X	5.6394	O_Y	0.14741	g_odom_x	0	g_odom_y	0
W_X	5.62019	W_Y	0.0405922	A	-1.00357	O_X	5.6394	O_Y	0.14741	g_odom_x	0	g_odom_y	0
W_X	5.62019	W_Y	0.0405922	A	-1.00357	O_X	5.6394	O_Y	0.14741	g_odom_x	0	g_odom_y	0
W_X	5.72264	W_Y	0.0370027	A	-1.16263	O_X	5.74195	O_Y	0.1455	g_odom_x	0	g_odom_y	0
W_X	5.74314	W_Y	0.0359382	A	-1.16263	O_X	5.76248	O_Y	0.145083	g_odom_x	0	g_odom_y	0
W_X	5.76365	W_Y	0.0348735	A	-1.16263	O_X	5.78301	O_Y	0.144667	g_odom_x	0	g_odom_y	0
W_X	5.76365	W_Y	0.0348735	A	-1.16263	O_X	5.78301	O_Y	0.144667	g_odom_x	0	g_odom_y	0
W_X	5.76365	W_Y	0.0348735	A	-1.16263	O_X	5.78301	O_Y	0.144667	g_odom_x	0	g_odom_y	0
W_X	5.84565	W_Y	0.0316445	A	-1.59014	O_X	5.86504	O_Y	0.142849	g_odom_x	0	g_odom_y	0
W_X	5.86642	W_Y	0.035113	A	-1.59014	O_X	5.88555	O_Y	0.14228	g_odom_x	0	g_odom_y	0
W_X	5.88693	W_Y	0.034395	A	-1.59014	O_X	5.90605	O_Y	0.141711	g_odom_x	0	g_odom_y	0
W_X	5.90741	W_Y	0.0331875	A	-1.59014	O_X	5.92656	O_Y	0.141141	g_odom_x	0	g_odom_y	0
W_X	5.92789	W_Y	0.0319799	A	-1.59014	O_X	5.94706	O_Y	0.140572	g_odom_x	0	g_odom_y	0
W_X	5.94837	W_Y	0.0307723	A	-1.59014	O_X	5.96757	O_Y	0.140003	g_odom_x	0	g_odom_y	0
W_X	5.94837	W_Y	0.0307723	A	-1.59014	O_X	5.96757	O_Y	0.140003	g_odom_x	0	g_odom_y	0
W_X	5.94837	W_Y	0.0307723	A	-1.59014	O_X	5.96757	O_Y	0.140003	g_odom_x	0	g_odom_y	0
W_X	6.03027	W_Y	0.0258836	A	-1.75528	O_X	6.04959	O_Y	0.137667	g_odom_x	0	g_odom_y	0
W_X	6.05075	W_Y	0.0246171	A	-1.75528	O_X	6.07009	O_Y	0.137038	g_odom_x	0	g_odom_y	0
W_X	6.06994	W_Y	0.0210432	A	-1.75528	O_X	6.0906	O_Y	0.13641	g_odom_x	0	g_odom_y	0
W_X	6.08832	W_Y	0.0159846	A	-1.75528	O_X	6.1111	O_Y	0.135782	g_odom_x	0	g_odom_y	0
W_X	6.08832	W_Y	0.0159846	A	-1.75528	O_X	6.1111	O_Y	0.135782	g_odom_x	0	g_odom_y	0
W_X	6.08832	W_Y	0.0159846	A	-1.75528	O_X	6.1111	O_Y	0.135782	g_odom_x	0	g_odom_y	0
W_X	6.1702	W_Y	0.0107831	A	-1.75528	O_X	6.19312	O_Y	0.133268	g_odom_x	0	g_odom_y	0
W_X	6.19068	W_Y	0.00948281	A	-1.75528	O_X	6.21362	O_Y	0.13264	g_odom_x	0	g_odom_y	0
W_X	6.21115	W_Y	0.00818238	A	-1.75528	O_X	6.23413	O_Y	0.132012	g_odom_x	0	g_odom_y	0
W_X	6.23162	W_Y	0.00688206	A	-1.75528	O_X	6.25463	O_Y	0.131383	g_odom_x	0	g_odom_y	0
W_X	6.25208	W_Y	0.00558259	A	-1.75528	O_X	6.27512	O_Y	0.130755	g_odom_x	0	g_odom_y	0
W_X	6.25208	W_Y	0.00558259	A	-1.75528	O_X	6.27512	O_Y	0.130755	g_odom_x	0	g_odom_y	0
W_X	6.29472	W_Y	-0.000330189	A	-1.75528	O_X	6.31614	O_Y	0.129498	g_odom_x	0	g_odom_y	0
W_X	6.31622	W_Y	-0.00374488	A	-1.75528	O_X	6.33664	O_Y	0.12887	g_odom_x	0	g_odom_y	0
W_X	6.33669	W_Y	-0.00510117	A	-1.75528	O_X	6.35714	O_Y	0.128242	g_odom_x	0	g_odom_y	0
W_X	6.35715	W_Y	-0.00645746	A	-1.75528	O_X	6.37764	O_Y	0.127613	g_odom_x	0	g_odom_y	0
W_X	6.39808	W_Y	-0.00916986	A	-1.75528	O_X	6.41864	O_Y	0.126357	g_odom_x	0	g_odom_y	0
W_X	6.41855	W_Y	-0.0105261	A	-1.75528	O_X	6.43914	O_Y	0.125729	g_odom_x	0	g_odom_y	0
W_X	6.43903	W_Y	-0.011884	A	-1.75528	O_X	6.45967	O_Y	0.1251	g_odom_x	0	g_odom_y	0
W_X	6.45953	W_Y	-0.0132421	A	-1.75528	O_X	6.4802	O_Y	0.124471	g_odom_x	0	g_odom_y	0
W_X	6.47997	W_Y	-0.0145967	A	-1.75528	O_X	6.50067	O_Y	0.123843	g_odom_x	0	g_odom_y	0
W_X	6.5001	W_Y	-0.016739	A	-1.75528	O_X	6.52117	O_Y	0.123215	g_odom_x	0	g_odom_y	0
W_X	6.51836	W_Y	-0.0233758	A	-1.75528	O_X	6.54168	O_Y	0.122587	g_odom_x	0	g_odom_y	0
W_X	6.53835	W_Y	-0.0259006	A	-1.75528	O_X	6.56218	O_Y	0.121958	g_odom_x	0	g_odom_y	0
W_X	6.55881	W_Y	-0.0273189	A	-1.75528	O_X	6.58268	O_Y	0.12133	g_odom_x	0	g_odom_y	0
W_X	6.59973	W_Y	-0.0301554	A	-1.75528	O_X	6.62368	O_Y	0.120074	g_odom_x	0	g_odom_y	0
W_X	6.6202	W_Y	-0.0315744	A	-1.75528	O_X	6.64419	O_Y	0.119445	g_odom_x	0	g_odom_y	0
W_X	6.64066	W_Y	-0.0329927	A	-1.75528	O_X	6.66468	O_Y	0.118817	g_odom_x	0	g_odom_y	0
W_X	6.64066	W_Y	-0.0329927	A	-1.75528	O_X	6.66468	O_Y	0.118817	g_odom_x	0	g_odom_y	0
W_X	6.64066	W_Y	-0.0329927	A	-1.75528	O_X	6.66468	O_Y	0.118817	g_odom_x	0	g_odom_y	0
W_X	6.64066	W_Y	-0.0329927	A	-1.75528	O_X	6.66468	O_Y	0.118817	g_odom_x	0	g_odom_y	0
W_X	6.70205	W_Y	-0.0372483	A	-1.75528	O_X	6.72619	O_Y	0.116932	g_odom_x	0	g_odom_y	0
W_X	6.77213	W_Y	-0.038045	A	-1.75528	O_X	6.7877	O_Y	0.115047	g_odom_x	0	g_odom_y	0
W_X	6.79259	W_Y	-0.0394781	A	-1.75528	O_X	6.80821	O_Y	0.114419	g_odom_x	0	g_odom_y	0
W_X	6.81305	W_Y	-0.0409109	A	-1.59783	O_X	6.82871	O_Y	0.113791	g_odom_x	0	g_odom_y	0
W_X	6.83352	W_Y	-0.0422878	A	-1.59783	O_X	6.84922	O_Y	0.113219	g_odom_x	0	g_odom_y	0
W_X	6.85399	W_Y	-0.0436646	A	-1.59783	O_X	6.86972	O_Y	0.112647	g_odom_x	0	g_odom_y	0
W_X	6.87445	W_Y	-0.0450413	A	-1.35515	O_X	6.89023	O_Y	0.112075	g_odom_x	0	g_odom_y	0
W_X	6.89492	W_Y	-0.0463313	A	-1.11247	O_X	6.91073	O_Y	0.11159	g_odom_x	0	g_odom_y	0
W_X	6.93588	W_Y	-0.048738	A	-1.11247	O_X	6.95175	O_Y	0.110793	g_odom_x	0	g_odom_y	0
W_X	6.95636	W_Y	-0.0499413	A	-0.827201	O_X	6.97226	O_Y	0.110395	g_odom_x	0	g_odom_y	0
W_X	6.95636	W_Y	-0.0499413	A	-0.827201	O_X	6.97226	O_Y	0.110395	g_odom_x	0	g_odom_y	0
W_X	6.97951	W_Y	-0.0488504	A	-0.827201	O_X	6.99276	O_Y	0.110099	g_odom_x	0	g_odom_y	0
W_X	7.0221	W_Y	-0.0497433	A	-0.639148	O_X	7.03378	O_Y	0.109506	g_odom_x	0	g_odom_y	0
W_X	7.04259	W_Y	-0.0507821	A	-0.451096	O_X	7.05429	O_Y	0.109278	g_odom_x	0	g_odom_y	0
W_X	7.04259	W_Y	-0.0507821	A	-0.451096	O_X	7.05429	O_Y	0.109278	g_odom_x	0	g_odom_y	0
W_X	7.08358	W_Y	-0.0527259	A	-0.263177	O_X	7.09533	O_Y	0.108955	g_odom_x	0	g_odom_y	0
W_X	7.10407	W_Y	-0.0536301	A	-0.263177	O_X	7.11585	O_Y	0.10886	g_odom_x	0	g_odom_y	0
W_X	7.12457	W_Y	-0.0545344	A	-0.263177	O_X	7.13636	O_Y	0.108766	g_odom_x	0	g_odom_y	0
W_X	7.14653	W_Y	-0.0585996	A	-0.263177	O_X	7.15687	O_Y	0.108672	g_odom_x	0	g_odom_y	0
W_X	7.1697	W_Y	-0.0654828	A	-0.263177	O_X	7.17738	O_Y	0.108578	g_odom_x	0	g_odom_y	0
W_X	7.23116	W_Y	-0.068489	A	-0.263177	O_X	7.23892	O_Y	0.108295	g_odom_x	0	g_odom_y	0
W_X	7.23116	W_Y	-0.068489	A	-0.263177	O_X	7.23892	O_Y	0.108295	g_odom_x	0	g_odom_y	0
W_X	7.25164	W_Y	-0.0694904	A	-0.263177	O_X	7.25942	O_Y	0.108201	g_odom_x	0	g_odom_y	0
W_X	7.27213	W_Y	-0.0704924	A	-0.105722	O_X	7.27993	O_Y	0.108107	g_odom_x	0	g_odom_y	0
W_X	7.27213	W_Y	-0.0704924	A	-0.105722	O_X	7.27993	O_Y	0.108107	g_odom_x	0	g_odom_y	0
W_X	7.31311	W_Y	-0.0723232	A	0.0639215	O_X	7.32096	O_Y	0.108092	g_odom_x	0	g_odom_y	0
W_X	7.3336	W_Y	-0.0732083	A	0.0639215	O_X	7.34147	O_Y	0.108115	g_odom_x	0	g_odom_y	0
W_X	7.3541	W_Y	-0.0740933	A	0.0639215	O_X	7.36199	O_Y	0.108137	g_odom_x	0	g_odom_y	0
W_X	7.39509	W_Y	-0.0758635	A	0.0639215	O_X	7.40301	O_Y	0.108183	g_odom_x	0	g_odom_y	0
W_X	7.41801	W_Y	-0.0755622	A	0.0639215	O_X	7.42353	O_Y	0.108206	g_odom_x	0	g_odom_y	0
W_X	7.41801	W_Y	-0.0755622	A	0.0639215	O_X	7.42353	O_Y	0.108206	g_odom_x	0	g_odom_y	0
W_X	7.41801	W_Y	-0.0755622	A	0.0639215	O_X	7.42353	O_Y	0.108206	g_odom_x	0	g_odom_y	0
W_X	7.41801	W_Y	-0.0755622	A	0.0639215	O_X	7.42353	O_Y	0.108206	g_odom_x	0	g_odom_y	0
W_X	7.41801	W_Y	-0.0755622	A	0.0639215	O_X	7.42353	O_Y	0.108206	g_odom_x	0	g_odom_y	0
W_X	7.41801	W_Y	-0.0755622	A	0.0639215	O_X	7.42353	O_Y	0.108206	g_odom_x	0	g_odom_y	0
W_X	7.48477	W_Y	-0.0757211	A	0.22139	O_X	7.48507	O_Y	0.108331	g_odom_x	0	g_odom_y	0
W_X	7.48477	W_Y	-0.0757211	A	0.22139	O_X	7.48507	O_Y	0.108331	g_odom_x	0	g_odom_y	0
W_X	7.48477	W_Y	-0.0757211	A	0.22139	O_X	7.48507	O_Y	0.108331	g_odom_x	0	g_odom_y	0
W_X	7.48477	W_Y	-0.0757211	A	0.22139	O_X	7.48507	O_Y	0.108331	g_odom_x	0	g_odom_y	0
W_X	7.48477	W_Y	-0.0757211	A	0.22139	O_X	7.48507	O_Y	0.108331	g_odom_x	0	g_odom_y	0
W_X	7.48477	W_Y	-0.0757211	A	0.22139	O_X	7.48507	O_Y	0.108331	g_odom_x	0	g_odom_y	0
W_X	7.48477	W_Y	-0.0757211	A	0.22139	O_X	7.48507	O_Y	0.108331	g_odom_x	0	g_odom_y	0
W_X	7.7135	W_Y	-0.0880104	A	1.31368	O_X	7.7107	O_Y	0.110215	g_odom_x	0	g_odom_y	0
W_X	7.73401	W_Y	-0.0885499	A	1.52591	O_X	7.73121	O_Y	0.110686	g_odom_x	0	g_odom_y	0
W_X	7.79553	W_Y	-0.0899406	A	1.74434	O_X	7.79272	O_Y	0.112324	g_odom_x	0	g_odom_y	0
W_X	7.81603	W_Y	-0.0903259	A	1.74434	O_X	7.81322	O_Y	0.112949	g_odom_x	0	g_odom_y	0
W_X	7.81603	W_Y	-0.0903259	A	1.74434	O_X	7.81322	O_Y	0.112949	g_odom_x	0	g_odom_y	0
W_X	7.81603	W_Y	-0.0903259	A	1.74434	O_X	7.81322	O_Y	0.112949	g_odom_x	0	g_odom_y	0
W_X	7.8605	W_Y	-0.091968	A	2.12009	O_X	7.85423	O_Y	0.114198	g_odom_x	0	g_odom_y	0
W_X	7.90153	W_Y	-0.0926075	A	2.37494	O_X	7.89523	O_Y	0.115715	g_odom_x	0	g_odom_y	0
W_X	7.92204	W_Y	-0.092836	A	2.37494	O_X	7.91573	O_Y	0.116565	g_odom_x	0	g_odom_y	0
W_X	7.94255	W_Y	-0.0930646	A	2.52633	O_X	7.93622	O_Y	0.117415	g_odom_x	0	g_odom_y	0
W_X	7.94255	W_Y	-0.0930646	A	2.52633	O_X	7.93622	O_Y	0.117415	g_odom_x	0	g_odom_y	0
W_X	7.98357	W_Y	-0.0934132	A	2.52633	O_X	7.97721	O_Y	0.119224	g_odom_x	0	g_odom_y	0
W_X	8.0246	W_Y	-0.0937619	A	2.82909	O_X	8.01819	O_Y	0.121032	g_odom_x	0	g_odom_y	0
W_X	8.04509	W_Y	-0.0938278	A	2.99252	O_X	8.03867	O_Y	0.122044	g_odom_x	0	g_odom_y	0
W_X	8.06799	W_Y	-0.0925087	A	3.16224	O_X	8.05917	O_Y	0.123115	g_odom_x	0	g_odom_y	0
W_X	8.0901	W_Y	-0.0915968	A	3.38666	O_X	8.07965	O_Y	0.124247	g_odom_x	0	g_odom_y	0
W_X	8.11062	W_Y	-0.0915029	A	3.38666	O_X	8.10013	O_Y	0.125459	g_odom_x	0	g_odom_y	0
W_X	8.11062	W_Y	-0.0915029	A	3.38666	O_X	8.10013	O_Y	0.125459	g_odom_x	0	g_odom_y	0
W_X	8.15182	W_Y	-0.0912137	A	3.94747	O_X	8.14125	O_Y	0.127993	g_odom_x	0	g_odom_y	0
W_X	8.19276	W_Y	-0.0906257	A	3.94747	O_X	8.18209	O_Y	0.130812	g_odom_x	0	g_odom_y	0
W_X	8.19276	W_Y	-0.0906257	A	3.94747	O_X	8.18209	O_Y	0.130812	g_odom_x	0	g_odom_y	0
W_X	8.19276	W_Y	-0.0906257	A	3.94747	O_X	8.18209	O_Y	0.130812	g_odom_x	0	g_odom_y	0
W_X	8.25428	W_Y	-0.0895576	A	4.45641	O_X	8.24347	O_Y	0.135232	g_odom_x	0	g_odom_y	0
W_X	8.25428	W_Y	-0.0895576	A	4.45641	O_X	8.24347	O_Y	0.135232	g_odom_x	0	g_odom_y	0
W_X	8.29708	W_Y	-0.088646	A	4.45641	O_X	8.28439	O_Y	0.138421	g_odom_x	0	g_odom_y	0
W_X	8.29708	W_Y	-0.088646	A	4.45641	O_X	8.28439	O_Y	0.138421	g_odom_x	0	g_odom_y	0
W_X	8.35902	W_Y	-0.0873035	A	4.45641	O_X	8.34572	O_Y	0.143201	g_odom_x	0	g_odom_y	0
W_X	8.37953	W_Y	-0.0868525	A	4.45641	O_X	8.36617	O_Y	0.144795	g_odom_x	0	g_odom_y	0
W_X	8.40002	W_Y	-0.0864016	A	4.45641	O_X	8.38661	O_Y	0.146388	g_odom_x	0	g_odom_y	0
W_X	8.40002	W_Y	-0.0864016	A	4.45641	O_X	8.38661	O_Y	0.146388	g_odom_x	0	g_odom_y	0
W_X	8.42053	W_Y	-0.0859504	A	4.73563	O_X	8.40706	O_Y	0.147982	g_odom_x	0	g_odom_y	0
W_X	8.44104	W_Y	-0.0853994	A	4.73563	O_X	8.42751	O_Y	0.149675	g_odom_x	0	g_odom_y	0
W_X	8.44104	W_Y	-0.0853994	A	4.73563	O_X	8.42751	O_Y	0.149675	g_odom_x	0	g_odom_y	0
W_X	8.44104	W_Y	-0.0853994	A	4.73563	O_X	8.42751	O_Y	0.149675	g_odom_x	0	g_odom_y	0
W_X	8.44104	W_Y	-0.0853994	A	4.73563	O_X	8.42751	O_Y	0.149675	g_odom_x	0	g_odom_y	0
W_X	8.5435	W_Y	-0.0811902	A	5.51844	O_X	8.52968	O_Y	0.158807	g_odom_x	0	g_odom_y	0
W_X	8.5435	W_Y	-0.0811902	A	5.51844	O_X	8.52968	O_Y	0.158807	g_odom_x	0	g_odom_y	0
W_X	8.564	W_Y	-0.0803819	A	5.68808	O_X	8.55009	O_Y	0.160779	g_odom_x	0	g_odom_y	0
W_X	8.60498	W_Y	-0.0785722	A	6.08823	O_X	8.59091	O_Y	0.164917	g_odom_x	0	g_odom_y	0
W_X	8.64596	W_Y	-0.0765478	A	6.39099	O_X	8.63171	O_Y	0.169268	g_odom_x	0	g_odom_y	0
W_X	8.64596	W_Y	-0.0765478	A	6.39099	O_X	8.63171	O_Y	0.169268	g_odom_x	0	g_odom_y	0
W_X	8.66644	W_Y	-0.0754275	A	6.63364	O_X	8.65209	O_Y	0.171551	g_odom_x	0	g_odom_y	0
W_X	8.66644	W_Y	-0.0754275	A	6.63364	O_X	8.65209	O_Y	0.171551	g_odom_x	0	g_odom_y	0
W_X	8.7287	W_Y	-0.0726396	A	6.80935	O_X	8.71321	O_Y	0.178723	g_odom_x	0	g_odom_y	0
W_X	8.7287	W_Y	-0.0726396	A	6.80935	O_X	8.71321	O_Y	0.178723	g_odom_x	0	g_odom_y	0
W_X	8.7287	W_Y	-0.0726396	A	6.80935	O_X	8.71321	O_Y	0.178723	g_odom_x	0	g_odom_y	0
W_X	8.7287	W_Y	-0.0726396	A	6.80935	O_X	8.71321	O_Y	0.178723	g_odom_x	0	g_odom_y	0
W_X	8.7287	W_Y	-0.0726396	A	6.80935	O_X	8.71321	O_Y	0.178723	g_odom_x	0	g_odom_y	0
W_X	8.7287	W_Y	-0.0726396	A	6.80935	O_X	8.71321	O_Y	0.178723	g_odom_x	0	g_odom_y	0
W_X	8.83172	W_Y	-0.0670363	A	7.01552	O_X	8.81505	O_Y	0.190883	g_odom_x	0	g_odom_y	0
W_X	8.83172	W_Y	-0.0670363	A	7.01552	O_X	8.81505	O_Y	0.190883	g_odom_x	0	g_odom_y	0
W_X	8.83172	W_Y	-0.0670363	A	7.01552	O_X	8.81505	O_Y	0.190883	g_odom_x	0	g_odom_y	0
W_X	8.83172	W_Y	-0.0670363	A	7.01552	O_X	8.81505	O_Y	0.190883	g_odom_x	0	g_odom_y	0
W_X	8.83172	W_Y	-0.0670363	A	7.01552	O_X	8.81505	O_Y	0.190883	g_odom_x	0	g_odom_y	0
W_X	8.83172	W_Y	-0.0670363	A	7.01552	O_X	8.81505	O_Y	0.190883	g_odom_x	0	g_odom_y	0
W_X	9.00963	W_Y	-0.0541055	A	8.50215	O_X	8.99802	O_Y	0.215674	g_odom_x	0	g_odom_y	0
W_X	9.03587	W_Y	-0.0517264	A	8.69037	O_X	9.01834	O_Y	0.218712	g_odom_x	0	g_odom_y	0
W_X	9.05622	W_Y	-0.0498015	A	8.69037	O_X	9.03855	O_Y	0.221801	g_odom_x	0	g_odom_y	0
W_X	9.07664	W_Y	-0.0478707	A	8.69037	O_X	9.05882	O_Y	0.224899	g_odom_x	0	g_odom_y	0
W_X	9.09707	W_Y	-0.0459383	A	8.69037	O_X	9.07911	O_Y	0.228	g_odom_x	0	g_odom_y	0
W_X	9.09707	W_Y	-0.0459383	A	8.69037	O_X	9.07911	O_Y	0.228	g_odom_x	0	g_odom_y	0
W_X	9.11748	W_Y	-0.0440073	A	8.69037	O_X	9.09938	O_Y	0.231099	g_odom_x	0	g_odom_y	0
W_X	9.1379	W_Y	-0.0420762	A	8.69037	O_X	9.11966	O_Y	0.234198	g_odom_x	0	g_odom_y	0
W_X	9.19981	W_Y	-0.0275633	A	8.95134	O_X	9.18045	O_Y	0.243679	g_odom_x	0	g_odom_y	0
W_X	9.19981	W_Y	-0.0275633	A	8.95134	O_X	9.18045	O_Y	0.243679	g_odom_x	0	g_odom_y	0
W_X	9.19981	W_Y	-0.0275633	A	8.95134	O_X	9.18045	O_Y	0.243679	g_odom_x	0	g_odom_y	0
W_X	9.24063	W_Y	-0.0233382	A	9.3276	O_X	9.22098	O_Y	0.250131	g_odom_x	0	g_odom_y	0
W_X	9.26102	W_Y	-0.0211265	A	9.66665	O_X	9.24122	O_Y	0.253455	g_odom_x	0	g_odom_y	0
W_X	9.26102	W_Y	-0.0211265	A	9.66665	O_X	9.24122	O_Y	0.253455	g_odom_x	0	g_odom_y	0
W_X	9.26102	W_Y	-0.0211265	A	9.66665	O_X	9.24122	O_Y	0.253455	g_odom_x	0	g_odom_y	0
W_X	9.34248	W_Y	-0.0113141	A	10.3946	O_X	9.32202	O_Y	0.26771	g_odom_x	0	g_odom_y	0
W_X	9.34248	W_Y	-0.0113141	A	10.3946	O_X	9.32202	O_Y	0.26771	g_odom_x	0	g_odom_y	0
W_X	9.34248	W_Y	-0.0113141	A	10.3946	O_X	9.32202	O_Y	0.26771	g_odom_x	0	g_odom_y	0
W_X	9.34248	W_Y	-0.0113141	A	10.3946	O_X	9.32202	O_Y	0.26771	g_odom_x	0	g_odom_y	0
W_X	9.34248	W_Y	-0.0113141	A	10.3946	O_X	9.32202	O_Y	0.26771	g_odom_x	0	g_odom_y	0
W_X	9.34248	W_Y	-0.0113141	A	10.3946	O_X	9.32202	O_Y	0.26771	g_odom_x	0	g_odom_y	0
W_X	9.48394	W_Y	0.0168041	A	10.7339	O_X	9.46313	O_Y	0.294274	g_odom_x	0	g_odom_y	0
W_X	9.50426	W_Y	0.019599	A	10.7339	O_X	9.48329	O_Y	0.298095	g_odom_x	0	g_odom_y	0
W_X	9.52458	W_Y	0.0223939	A	10.7339	O_X	9.50344	O_Y	0.301915	g_odom_x	0	g_odom_y	0
W_X	9.52458	W_Y	0.0223939	A	10.7339	O_X	9.50344	O_Y	0.301915	g_odom_x	0	g_odom_y	0
W_X	9.52458	W_Y	0.0223939	A	10.7339	O_X	9.50344	O_Y	0.301915	g_odom_x	0	g_odom_y	0
W_X	9.52458	W_Y	0.0223939	A	10.7339	O_X	9.50344	O_Y	0.301915	g_odom_x	0	g_odom_y	0
W_X	9.62766	W_Y	0.0450449	A	11.3037	O_X	9.60415	O_Y	0.321325	g_odom_x	0	g_odom_y	0
W_X	9.64857	W_Y	0.0516051	A	11.4916	O_X	9.62427	O_Y	0.325346	g_odom_x	0	g_odom_y	0
W_X	9.66885	W_Y	0.0547225	A	11.7526	O_X	9.64437	O_Y	0.329433	g_odom_x	0	g_odom_y	0
W_X	9.68911	W_Y	0.0579322	A	11.7526	O_X	9.66446	O_Y	0.333611	g_odom_x	0	g_odom_y	0
W_X	9.72962	W_Y	0.0643496	A	11.7526	O_X	9.70461	O_Y	0.341966	g_odom_x	0	g_odom_y	0
W_X	9.74989	W_Y	0.0675608	A	12.5301	O_X	9.72471	O_Y	0.346146	g_odom_x	0	g_odom_y	0
W_X	9.77011	W_Y	0.0710444	A	12.5301	O_X	9.74473	O_Y	0.350596	g_odom_x	0	g_odom_y	0
W_X	9.79031	W_Y	0.074527	A	12.8216	O_X	9.76475	O_Y	0.355045	g_odom_x	0	g_odom_y	0
W_X	9.79031	W_Y	0.074527	A	12.8216	O_X	9.76475	O_Y	0.355045	g_odom_x	0	g_odom_y	0
W_X	9.82988	W_Y	0.0844657	A	12.626	O_X	9.80477	O_Y	0.364081	g_odom_x	0	g_odom_y	0
W_X	9.84712	W_Y	0.0978877	A	12.626	O_X	9.82479	O_Y	0.368566	g_odom_x	0	g_odom_y	0
W_X	9.86706	W_Y	0.102344	A	11.5411	O_X	9.84481	O_Y	0.373051	g_odom_x	0	g_odom_y	0
W_X	9.88732	W_Y	0.105549	A	11.5411	O_X	9.86491	O_Y	0.377155	g_odom_x	0	g_odom_y	0
W_X	9.90758	W_Y	0.108754	A	11.2846	O_X	9.88501	O_Y	0.381259	g_odom_x	0	g_odom_y	0
W_X	9.90758	W_Y	0.108754	A	11.2846	O_X	9.88501	O_Y	0.381259	g_odom_x	0	g_odom_y	0
W_X	9.90758	W_Y	0.108754	A	11.2846	O_X	9.88501	O_Y	0.381259	g_odom_x	0	g_odom_y	0
W_X	9.90758	W_Y	0.108754	A	11.2846	O_X	9.88501	O_Y	0.381259	g_odom_x	0	g_odom_y	0
W_X	9.9887	W_Y	0.121131	A	10.8326	O_X	9.9655	O_Y	0.397237	g_odom_x	0	g_odom_y	0
W_X	9.9887	W_Y	0.121131	A	10.8326	O_X	9.9655	O_Y	0.397237	g_odom_x	0	g_odom_y	0
W_X	9.9887	W_Y	0.121131	A	10.8326	O_X	9.9655	O_Y	0.397237	g_odom_x	0	g_odom_y	0
W_X	10.0496	W_Y	0.135972	A	10.8326	O_X	10.0259	O_Y	0.408803	g_odom_x	0	g_odom_y	0
W_X	10.0902	W_Y	0.149452	A	10.8326	O_X	10.0662	O_Y	0.416514	g_odom_x	0	g_odom_y	0
W_X	10.0902	W_Y	0.149452	A	10.8326	O_X	10.0662	O_Y	0.416514	g_odom_x	0	g_odom_y	0
W_X	10.0902	W_Y	0.149452	A	10.8326	O_X	10.0662	O_Y	0.416514	g_odom_x	0	g_odom_y	0
W_X	10.0902	W_Y	0.149452	A	10.8326	O_X	10.0662	O_Y	0.416514	g_odom_x	0	g_odom_y	0
W_X	10.1511	W_Y	0.158262	A	10.2825	O_X	10.1267	O_Y	0.42786	g_odom_x	0	g_odom_y	0
W_X	10.1511	W_Y	0.158262	A	10.2825	O_X	10.1267	O_Y	0.42786	g_odom_x	0	g_odom_y	0
W_X	10.1511	W_Y	0.158262	A	10.2825	O_X	10.1267	O_Y	0.42786	g_odom_x	0	g_odom_y	0
W_X	10.1511	W_Y	0.158262	A	10.2825	O_X	10.1267	O_Y	0.42786	g_odom_x	0	g_odom_y	0
W_X	10.2721	W_Y	0.181736	A	8.80469	O_X	10.248	O_Y	0.44875	g_odom_x	0	g_odom_y	0
W_X	10.292	W_Y	0.187753	A	8.54823	O_X	10.2683	O_Y	0.45189	g_odom_x	0	g_odom_y	0
W_X	10.292	W_Y	0.187753	A	8.54823	O_X	10.2683	O_Y	0.45189	g_odom_x	0	g_odom_y	0
W_X	10.292	W_Y	0.187753	A	8.54823	O_X	10.2683	O_Y	0.45189	g_odom_x	0	g_odom_y	0
W_X	10.292	W_Y	0.187753	A	8.54823	O_X	10.2683	O_Y	0.45189	g_odom_x	0	g_odom_y	0
W_X	10.3736	W_Y	0.196418	A	7.6259	O_X	10.3495	O_Y	0.463739	g_odom_x	0	g_odom_y	0
W_X	10.394	W_Y	0.198343	A	7.46687	O_X	10.3698	O_Y	0.466461	g_odom_x	0	g_odom_y	0
W_X	10.4144	W_Y	0.200212	A	7.20433	O_X	10.3902	O_Y	0.469126	g_odom_x	0	g_odom_y	0
W_X	10.4757	W_Y	0.205426	A	6.89835	O_X	10.4512	O_Y	0.476733	g_odom_x	0	g_odom_y	0
W_X	10.4958	W_Y	0.207545	A	6.58026	O_X	10.4716	O_Y	0.479199	g_odom_x	0	g_odom_y	0
W_X	10.5145	W_Y	0.210921	A	6.29333	O_X	10.492	O_Y	0.481551	g_odom_x	0	g_odom_y	0
section	ahead	liner											
section	ahead	liner											
