W_X	0.0395733	W_Y	-0.0207753	A	0	O_X	0	O_Y	0	g_odom_x	0	g_odom_y	0
W_X	0.0395733	W_Y	-0.0207753	A	0	O_X	0	O_Y	0	g_odom_x	0	g_odom_y	0
W_X	0.0395733	W_Y	-0.0207753	A	0	O_X	0	O_Y	0	g_odom_x	0	g_odom_y	0
W_X	0.0476692	W_Y	-0.0207644	A	0	O_X	0.00809592	O_Y	0	g_odom_x	0	g_odom_y	0
W_X	0.0476692	W_Y	-0.0207644	A	0	O_X	0.00809592	O_Y	0	g_odom_x	0	g_odom_y	0
W_X	0.064943	W_Y	-0.020741	A	0.991618	O_X	0.0253697	O_Y	0	g_odom_x	0	g_odom_y	0
W_X	0.0741232	W_Y	-0.0205696	A	0.36986	O_X	0.0345502	O_Y	0.000158902	g_odom_x	0	g_odom_y	0
W_X	0.0833048	W_Y	-0.0204979	A	-0.251897	O_X	0.0437318	O_Y	0.000218173	g_odom_x	0	g_odom_y	0
W_X	0.101655	W_Y	-0.0205538	A	-0.251897	O_X	0.0620819	O_Y	0.000137497	g_odom_x	0	g_odom_y	0
W_X	0.111373	W_Y	-0.0205833	A	-0.251897	O_X	0.0717994	O_Y	9.47744E-05	g_odom_x	0	g_odom_y	0
W_X	0.121088	W_Y	-0.0206129	A	0.179692	O_X	0.0815152	O_Y	5.20595E-05	g_odom_x	0	g_odom_y	0
W_X	0.131346	W_Y	-0.0205668	A	0.696572	O_X	0.0917725	O_Y	8.42288E-05	g_odom_x	0	g_odom_y	0
W_X	0.131346	W_Y	-0.0205668	A	0.696572	O_X	0.0917725	O_Y	8.42288E-05	g_odom_x	0	g_odom_y	0
W_X	0.131346	W_Y	-0.0205668	A	0.696572	O_X	0.0917725	O_Y	8.42288E-05	g_odom_x	0	g_odom_y	0
W_X	0.141602	W_Y	-0.0204283	A	0.507327	O_X	0.102029	O_Y	0.000208923	g_odom_x	0	g_odom_y	0
W_X	0.184233	W_Y	-0.0199931	A	0.507327	O_X	0.144661	O_Y	0.00058642	g_odom_x	0	g_odom_y	0
W_X	0.19503	W_Y	-0.0198828	A	0.847673	O_X	0.155458	O_Y	0.000682024	g_odom_x	0	g_odom_y	0
W_X	0.19503	W_Y	-0.0198828	A	0.847673	O_X	0.155458	O_Y	0.000682024	g_odom_x	0	g_odom_y	0
W_X	0.21824	W_Y	-0.0195636	A	0.810108	O_X	0.178668	O_Y	0.000969811	g_odom_x	0	g_odom_y	0
W_X	0.230114	W_Y	-0.0193797	A	0.810108	O_X	0.190542	O_Y	0.0011377	g_odom_x	0	g_odom_y	0
W_X	0.241987	W_Y	-0.0191957	A	0.810108	O_X	0.202416	O_Y	0.0013056	g_odom_x	0	g_odom_y	0
W_X	0.265737	W_Y	-0.0188277	A	0.810108	O_X	0.226166	O_Y	0.00164142	g_odom_x	0	g_odom_y	0
W_X	0.278148	W_Y	-0.0186354	A	0.810108	O_X	0.238577	O_Y	0.00181692	g_odom_x	0	g_odom_y	0
W_X	0.278148	W_Y	-0.0186354	A	0.810108	O_X	0.238577	O_Y	0.00181692	g_odom_x	0	g_odom_y	0
W_X	0.278148	W_Y	-0.0186354	A	0.810108	O_X	0.238577	O_Y	0.00181692	g_odom_x	0	g_odom_y	0
W_X	0.317	W_Y	-0.0180334	A	0.810108	O_X	0.27743	O_Y	0.0023663	g_odom_x	0	g_odom_y	0
W_X	0.330494	W_Y	-0.0178244	A	0.810108	O_X	0.290924	O_Y	0.00255711	g_odom_x	0	g_odom_y	0
W_X	0.343987	W_Y	-0.0176153	A	0.810108	O_X	0.304418	O_Y	0.00274791	g_odom_x	0	g_odom_y	0
W_X	0.370975	W_Y	-0.0171971	A	0.810108	O_X	0.331407	O_Y	0.00312953	g_odom_x	0	g_odom_y	0
W_X	0.38447	W_Y	-0.016988	A	0.810108	O_X	0.344901	O_Y	0.00332034	g_odom_x	0	g_odom_y	0
W_X	0.38447	W_Y	-0.016988	A	0.810108	O_X	0.344901	O_Y	0.00332034	g_odom_x	0	g_odom_y	0
W_X	0.38447	W_Y	-0.016988	A	0.810108	O_X	0.344901	O_Y	0.00332034	g_odom_x	0	g_odom_y	0
W_X	0.458644	W_Y	-0.0185091	A	0.810108	O_X	0.385393	O_Y	0.0038929	g_odom_x	0	g_odom_y	0
W_X	0.472141	W_Y	-0.0183458	A	0.810108	O_X	0.39889	O_Y	0.00408374	g_odom_x	0	g_odom_y	0
W_X	0.485637	W_Y	-0.0181824	A	0.810108	O_X	0.412386	O_Y	0.00427458	g_odom_x	0	g_odom_y	0
W_X	0.515863	W_Y	-0.0178166	A	0.810108	O_X	0.442611	O_Y	0.00470196	g_odom_x	0	g_odom_y	0
W_X	0.515863	W_Y	-0.0178166	A	0.810108	O_X	0.442611	O_Y	0.00470196	g_odom_x	0	g_odom_y	0
W_X	0.515863	W_Y	-0.0178166	A	0.810108	O_X	0.442611	O_Y	0.00470196	g_odom_x	0	g_odom_y	0
W_X	0.515863	W_Y	-0.0178166	A	0.810108	O_X	0.442611	O_Y	0.00470196	g_odom_x	0	g_odom_y	0
W_X	0.578467	W_Y	-0.017059	A	0.810108	O_X	0.505213	O_Y	0.00558715	g_odom_x	0	g_odom_y	0
W_X	0.595201	W_Y	-0.0168565	A	0.810108	O_X	0.521946	O_Y	0.00582376	g_odom_x	0	g_odom_y	0
W_X	0.611934	W_Y	-0.016654	A	0.810108	O_X	0.538679	O_Y	0.00606036	g_odom_x	0	g_odom_y	0
W_X	0.645401	W_Y	-0.0162489	A	0.810108	O_X	0.572145	O_Y	0.00653357	g_odom_x	0	g_odom_y	0
W_X	0.66323	W_Y	-0.0161921	A	0.810108	O_X	0.588878	O_Y	0.00677017	g_odom_x	0	g_odom_y	0
W_X	0.687686	W_Y	-0.0170423	A	0.810108	O_X	0.606152	O_Y	0.00701442	g_odom_x	0	g_odom_y	0
W_X	0.724833	W_Y	-0.0170852	A	0.810108	O_X	0.641776	O_Y	0.00751814	g_odom_x	0	g_odom_y	0
W_X	0.724833	W_Y	-0.0170852	A	0.810108	O_X	0.641776	O_Y	0.00751814	g_odom_x	0	g_odom_y	0
W_X	0.742648	W_Y	-0.0169958	A	0.810108	O_X	0.659589	O_Y	0.00777003	g_odom_x	0	g_odom_y	0
W_X	0.760464	W_Y	-0.0169065	A	0.810108	O_X	0.677403	O_Y	0.00802191	g_odom_x	0	g_odom_y	0
W_X	0.797168	W_Y	-0.0167223	A	0.810108	O_X	0.714104	O_Y	0.00854086	g_odom_x	0	g_odom_y	0
W_X	0.834417	W_Y	-0.0165354	A	0.810108	O_X	0.75135	O_Y	0.00906752	g_odom_x	0	g_odom_y	0
W_X	0.834417	W_Y	-0.0165354	A	0.810108	O_X	0.75135	O_Y	0.00906752	g_odom_x	0	g_odom_y	0
W_X	0.853305	W_Y	-0.0164407	A	0.810108	O_X	0.770236	O_Y	0.00933458	g_odom_x	0	g_odom_y	0
W_X	0.894125	W_Y	-0.0160733	A	0.810108	O_X	0.809097	O_Y	0.00988406	g_odom_x	0	g_odom_y	0
W_X	0.894125	W_Y	-0.0160733	A	0.810108	O_X	0.809097	O_Y	0.00988406	g_odom_x	0	g_odom_y	0
W_X	0.922247	W_Y	-0.0155636	A	0.810108	O_X	0.829078	O_Y	0.0101666	g_odom_x	0	g_odom_y	0
W_X	0.943202	W_Y	-0.0157527	A	0.810108	O_X	0.849049	O_Y	0.010449	g_odom_x	0	g_odom_y	0
W_X	0.963174	W_Y	-0.0159992	A	0.810108	O_X	0.86902	O_Y	0.0107314	g_odom_x	0	g_odom_y	0
W_X	0.983145	W_Y	-0.0162458	A	0.810108	O_X	0.888992	O_Y	0.0110138	g_odom_x	0	g_odom_y	0
W_X	1.00366	W_Y	-0.0164991	A	0.810108	O_X	0.909509	O_Y	0.0113039	g_odom_x	0	g_odom_y	0
section	ahead	liner											
W_X	1.73904	W_Y	-0.00499433	A	1.28153	O_X	1.64784	O_Y	0.0259784	g_odom_x	0	g_odom_y	0
W_X	1.73904	W_Y	-0.00499433	A	1.48793	O_X	1.68886	O_Y	0.026896	g_odom_x	0	g_odom_y	0
W_X	1.73904	W_Y	-0.00499433	A	1.48793	O_X	1.68886	O_Y	0.026896	g_odom_x	0	g_odom_y	0
W_X	1.73904	W_Y	-0.00499433	A	1.48793	O_X	1.68886	O_Y	0.026896	g_odom_x	0	g_odom_y	0
W_X	1.84263	W_Y	-0.00277734	A	1.69321	O_X	1.79138	O_Y	0.0296511	g_odom_x	0	g_odom_y	0
W_X	1.86314	W_Y	-0.00275939	A	1.69321	O_X	1.81189	O_Y	0.0302573	g_odom_x	0	g_odom_y	0
W_X	1.88365	W_Y	-0.00274143	A	1.69321	O_X	1.83239	O_Y	0.0308634	g_odom_x	0	g_odom_y	0
W_X	1.90417	W_Y	-0.00272348	A	1.69321	O_X	1.8529	O_Y	0.0314695	g_odom_x	0	g_odom_y	0
W_X	1.92469	W_Y	-0.00270552	A	1.69321	O_X	1.8529	O_Y	0.0314695	g_odom_x	0	g_odom_y	0
W_X	1.9452	W_Y	-0.00268757	A	1.69321	O_X	1.89391	O_Y	0.0326818	g_odom_x	0	g_odom_y	0
W_X	1.96302	W_Y	0.00724247	A	1.69321	O_X	1.91441	O_Y	0.0332877	g_odom_x	0	g_odom_y	0
W_X	1.99744	W_Y	0.0317758	A	1.69321	O_X	1.95541	O_Y	0.0344999	g_odom_x	0	g_odom_y	0
W_X	1.99744	W_Y	0.0317758	A	1.69321	O_X	1.95541	O_Y	0.0344999	g_odom_x	0	g_odom_y	0
W_X	2.03847	W_Y	0.0323609	A	1.69321	O_X	1.99642	O_Y	0.0357122	g_odom_x	0	g_odom_y	0
W_X	2.05898	W_Y	0.0326535	A	1.69321	O_X	2.01692	O_Y	0.0363183	g_odom_x	0	g_odom_y	0
W_X	2.07949	W_Y	0.032946	A	1.69321	O_X	2.03743	O_Y	0.0369244	g_odom_x	0	g_odom_y	0
W_X	2.10002	W_Y	0.0332388	A	1.69321	O_X	2.05795	O_Y	0.037531	g_odom_x	0	g_odom_y	0
W_X	2.12054	W_Y	0.0335316	A	1.69321	O_X	2.07847	O_Y	0.0381376	g_odom_x	0	g_odom_y	0
W_X	2.16155	W_Y	0.0341165	A	1.69321	O_X	2.11946	O_Y	0.0393494	g_odom_x	0	g_odom_y	0
W_X	2.18206	W_Y	0.034409	A	1.69321	O_X	2.13997	O_Y	0.0399555	g_odom_x	0	g_odom_y	0
W_X	2.19402	W_Y	0.0392385	A	1.52831	O_X	2.16047	O_Y	0.0405617	g_odom_x	0	g_odom_y	0
W_X	2.20856	W_Y	0.0426471	A	1.52831	O_X	2.18097	O_Y	0.0411085	g_odom_x	0	g_odom_y	0
W_X	2.20856	W_Y	0.0426471	A	1.52831	O_X	2.18097	O_Y	0.0411085	g_odom_x	0	g_odom_y	0
W_X	2.24958	W_Y	0.0430899	A	1.22287	O_X	2.22198	O_Y	0.0421481	g_odom_x	0	g_odom_y	0
W_X	2.2701	W_Y	0.0432293	A	1.22287	O_X	2.2425	O_Y	0.0425861	g_odom_x	0	g_odom_y	0
W_X	2.2701	W_Y	0.0432293	A	1.22287	O_X	2.2425	O_Y	0.0425861	g_odom_x	0	g_odom_y	0
W_X	2.31113	W_Y	0.0434381	A	1.02755	O_X	2.28352	O_Y	0.0433917	g_odom_x	0	g_odom_y	0
W_X	2.33164	W_Y	0.0435076	A	0.874825	O_X	2.30403	O_Y	0.0437596	g_odom_x	0	g_odom_y	0
W_X	2.33164	W_Y	0.0435076	A	0.874825	O_X	2.30403	O_Y	0.0437596	g_odom_x	0	g_odom_y	0
W_X	2.33164	W_Y	0.0435076	A	0.874825	O_X	2.30403	O_Y	0.0437596	g_odom_x	0	g_odom_y	0
W_X	2.38458	W_Y	0.051596	A	0.484165	O_X	2.36556	O_Y	0.0446292	g_odom_x	0	g_odom_y	0
W_X	2.42446	W_Y	0.0523367	A	0.484165	O_X	2.40659	O_Y	0.0449759	g_odom_x	0	g_odom_y	0
W_X	2.44497	W_Y	0.0521657	A	0.484165	O_X	2.4271	O_Y	0.0451492	g_odom_x	0	g_odom_y	0
W_X	2.44497	W_Y	0.0521657	A	0.484165	O_X	2.4271	O_Y	0.0451492	g_odom_x	0	g_odom_y	0
W_X	2.44497	W_Y	0.0521657	A	0.484165	O_X	2.4271	O_Y	0.0451492	g_odom_x	0	g_odom_y	0
W_X	2.50651	W_Y	0.0515431	A	0.331443	O_X	2.48864	O_Y	0.0455599	g_odom_x	0	g_odom_y	0
W_X	2.52702	W_Y	0.0513174	A	0.331443	O_X	2.50915	O_Y	0.0456786	g_odom_x	0	g_odom_y	0
W_X	2.52702	W_Y	0.0513174	A	0.331443	O_X	2.50915	O_Y	0.0456786	g_odom_x	0	g_odom_y	0
W_X	2.52702	W_Y	0.0513174	A	0.331443	O_X	2.50915	O_Y	0.0456786	g_odom_x	0	g_odom_y	0
W_X	2.60908	W_Y	0.0504143	A	0.331443	O_X	2.59121	O_Y	0.0461533	g_odom_x	0	g_odom_y	0
W_X	2.62773	W_Y	0.0529109	A	0.331443	O_X	2.61173	O_Y	0.046272	g_odom_x	0	g_odom_y	0
W_X	2.62773	W_Y	0.0529109	A	0.331443	O_X	2.61173	O_Y	0.046272	g_odom_x	0	g_odom_y	0
W_X	2.62773	W_Y	0.0529109	A	0.331443	O_X	2.61173	O_Y	0.046272	g_odom_x	0	g_odom_y	0
W_X	2.64237	W_Y	0.0613588	A	0.331443	O_X	2.63225	O_Y	0.0463907	g_odom_x	0	g_odom_y	0
W_X	2.70362	W_Y	0.061364	A	0.331443	O_X	2.69378	O_Y	0.0467466	g_odom_x	0	g_odom_y	0
W_X	2.74464	W_Y	0.061097	A	0.331443	O_X	2.7348	O_Y	0.0469839	g_odom_x	0	g_odom_y	0
W_X	2.76516	W_Y	0.0609635	A	0.154372	O_X	2.75532	O_Y	0.0471026	g_odom_x	0	g_odom_y	0
W_X	2.7857	W_Y	0.0607664	A	0.154372	O_X	2.77586	O_Y	0.047158	g_odom_x	0	g_odom_y	0
W_X	2.80618	W_Y	0.0605698	A	-0.0163157	O_X	2.79634	O_Y	0.0472131	g_odom_x	0	g_odom_y	0
W_X	2.80618	W_Y	0.0605698	A	-0.0163157	O_X	2.79634	O_Y	0.0472131	g_odom_x	0	g_odom_y	0
W_X	2.80618	W_Y	0.0605698	A	-0.0163157	O_X	2.79634	O_Y	0.0472131	g_odom_x	0	g_odom_y	0
W_X	2.86564	W_Y	0.0638858	A	-0.0163157	O_X	2.85785	O_Y	0.0471956	g_odom_x	0	g_odom_y	0
W_X	2.90666	W_Y	0.0634316	A	-0.0163157	O_X	2.89886	O_Y	0.0471839	g_odom_x	0	g_odom_y	0
W_X	2.90666	W_Y	0.0634316	A	-0.0163157	O_X	2.89886	O_Y	0.0471839	g_odom_x	0	g_odom_y	0
W_X	2.92716	W_Y	0.0632045	A	-0.0163157	O_X	2.91937	O_Y	0.0471781	g_odom_x	0	g_odom_y	0
W_X	2.94768	W_Y	0.0629773	A	-0.17513	O_X	2.93989	O_Y	0.0471723	g_odom_x	0	g_odom_y	0
W_X	2.94768	W_Y	0.0629773	A	-0.17513	O_X	2.93989	O_Y	0.0471723	g_odom_x	0	g_odom_y	0
W_X	2.94768	W_Y	0.0629773	A	-0.17513	O_X	2.93989	O_Y	0.0471723	g_odom_x	0	g_odom_y	0
W_X	3.02974	W_Y	0.061841	A	-0.17513	O_X	3.02195	O_Y	0.0469214	g_odom_x	0	g_odom_y	0
W_X	3.04865	W_Y	0.061949	A	-0.400894	O_X	3.04247	O_Y	0.0468587	g_odom_x	0	g_odom_y	0
W_X	3.04865	W_Y	0.061949	A	-0.400894	O_X	3.04247	O_Y	0.0468587	g_odom_x	0	g_odom_y	0
W_X	3.04865	W_Y	0.061949	A	-0.400894	O_X	3.04247	O_Y	0.0468587	g_odom_x	0	g_odom_y	0
W_X	3.04865	W_Y	0.061949	A	-0.400894	O_X	3.04247	O_Y	0.0468587	g_odom_x	0	g_odom_y	0
W_X	3.11784	W_Y	0.063581	A	-0.400894	O_X	3.12452	O_Y	0.0462846	g_odom_x	0	g_odom_y	0
W_X	3.13835	W_Y	0.0631982	A	-0.400894	O_X	3.14503	O_Y	0.0461411	g_odom_x	0	g_odom_y	0
W_X	3.17937	W_Y	0.0624327	A	-0.400894	O_X	3.18606	O_Y	0.045854	g_odom_x	0	g_odom_y	0
W_X	3.19988	W_Y	0.0620499	A	-0.400894	O_X	3.20657	O_Y	0.0457105	g_odom_x	0	g_odom_y	0
W_X	3.22038	W_Y	0.0616672	A	-0.400894	O_X	3.22708	O_Y	0.045567	g_odom_x	0	g_odom_y	0
W_X	3.2409	W_Y	0.0612845	A	-0.400894	O_X	3.2476	O_Y	0.0454234	g_odom_x	0	g_odom_y	0
W_X	3.26282	W_Y	0.0589727	A	-0.565787	O_X	3.26811	O_Y	0.0452799	g_odom_x	0	g_odom_y	0
W_X	3.28551	W_Y	0.0555049	A	-0.565787	O_X	3.28862	O_Y	0.0450773	g_odom_x	0	g_odom_y	0
W_X	3.28551	W_Y	0.0555049	A	-0.565787	O_X	3.28862	O_Y	0.0450773	g_odom_x	0	g_odom_y	0
W_X	3.28551	W_Y	0.0555049	A	-0.565787	O_X	3.28862	O_Y	0.0450773	g_odom_x	0	g_odom_y	0
W_X	3.30602	W_Y	0.05502	A	-0.565787	O_X	3.30913	O_Y	0.0448748	g_odom_x	0	g_odom_y	0
W_X	3.36753	W_Y	0.0535656	A	-0.565787	O_X	3.37066	O_Y	0.0442672	g_odom_x	0	g_odom_y	0
W_X	3.38803	W_Y	0.0530807	A	-0.565787	O_X	3.39117	O_Y	0.0440647	g_odom_x	0	g_odom_y	0
W_X	3.38803	W_Y	0.0530807	A	-0.565787	O_X	3.39117	O_Y	0.0440647	g_odom_x	0	g_odom_y	0
W_X	3.44956	W_Y	0.051626	A	-0.565787	O_X	3.45271	O_Y	0.043457	g_odom_x	0	g_odom_y	0
W_X	3.44956	W_Y	0.051626	A	-0.565787	O_X	3.45271	O_Y	0.043457	g_odom_x	0	g_odom_y	0
W_X	3.47004	W_Y	0.0510669	A	-0.565787	O_X	3.47322	O_Y	0.0432544	g_odom_x	0	g_odom_y	0
W_X	3.52935	W_Y	0.0431407	A	-0.565787	O_X	3.53476	O_Y	0.0426467	g_odom_x	0	g_odom_y	0
W_X	3.54986	W_Y	0.0425246	A	-0.565787	O_X	3.55527	O_Y	0.0424442	g_odom_x	0	g_odom_y	0
W_X	3.57035	W_Y	0.0419088	A	-0.742907	O_X	3.57577	O_Y	0.0422417	g_odom_x	0	g_odom_y	0
W_X	3.59086	W_Y	0.0412293	A	-0.742907	O_X	3.59628	O_Y	0.0419757	g_odom_x	0	g_odom_y	0
W_X	3.61136	W_Y	0.0405499	A	-0.742907	O_X	3.6168	O_Y	0.0417097	g_odom_x	0	g_odom_y	0
W_X	3.63187	W_Y	0.0398702	A	-0.742907	O_X	3.63732	O_Y	0.0414436	g_odom_x	0	g_odom_y	0
W_X	3.63187	W_Y	0.0398702	A	-0.742907	O_X	3.63732	O_Y	0.0414436	g_odom_x	0	g_odom_y	0
W_X	3.67287	W_Y	0.0385115	A	-0.742907	O_X	3.67833	O_Y	0.0409118	g_odom_x	0	g_odom_y	0
W_X	3.67287	W_Y	0.0385115	A	-0.742907	O_X	3.67833	O_Y	0.0409118	g_odom_x	0	g_odom_y	0
W_X	3.69412	W_Y	0.0350643	A	-0.742907	O_X	3.69885	O_Y	0.0406457	g_odom_x	0	g_odom_y	0
W_X	3.69412	W_Y	0.0350643	A	-0.742907	O_X	3.69885	O_Y	0.0406457	g_odom_x	0	g_odom_y	0
W_X	3.69412	W_Y	0.0350643	A	-0.742907	O_X	3.69885	O_Y	0.0406457	g_odom_x	0	g_odom_y	0
W_X	3.79797	W_Y	0.0256696	A	-1.32899	O_X	3.80142	O_Y	0.0390359	g_odom_x	0	g_odom_y	0
W_X	3.81846	W_Y	0.0246761	A	-1.32899	O_X	3.82192	O_Y	0.0385601	g_odom_x	0	g_odom_y	0
W_X	3.83895	W_Y	0.0236825	A	-1.32899	O_X	3.84243	O_Y	0.0380844	g_odom_x	0	g_odom_y	0
W_X	3.83895	W_Y	0.0236825	A	-1.32899	O_X	3.84243	O_Y	0.0380844	g_odom_x	0	g_odom_y	0
W_X	3.85952	W_Y	0.0226847	A	-1.32899	O_X	3.86303	O_Y	0.0376065	g_odom_x	0	g_odom_y	0
W_X	3.90041	W_Y	0.0206343	A	-1.51782	O_X	3.90395	O_Y	0.0365894	g_odom_x	0	g_odom_y	0
W_X	3.91817	W_Y	0.019194	A	-1.51782	O_X	3.92446	O_Y	0.0360461	g_odom_x	0	g_odom_y	0
W_X	3.9576	W_Y	0.0167696	A	-1.51782	O_X	3.96547	O_Y	0.0349594	g_odom_x	0	g_odom_y	0
W_X	3.9576	W_Y	0.0167696	A	-1.51782	O_X	3.96547	O_Y	0.0349594	g_odom_x	0	g_odom_y	0
W_X	3.9576	W_Y	0.0167696	A	-1.51782	O_X	3.96547	O_Y	0.0349594	g_odom_x	0	g_odom_y	0
W_X	3.9576	W_Y	0.0167696	A	-1.51782	O_X	3.96547	O_Y	0.0349594	g_odom_x	0	g_odom_y	0
W_X	3.9576	W_Y	0.0167696	A	-1.51782	O_X	3.96547	O_Y	0.0349594	g_odom_x	0	g_odom_y	0
W_X	3.9576	W_Y	0.0167696	A	-1.51782	O_X	3.96547	O_Y	0.0349594	g_odom_x	0	g_odom_y	0
W_X	3.9576	W_Y	0.0167696	A	-1.51782	O_X	3.96547	O_Y	0.0349594	g_odom_x	0	g_odom_y	0
W_X	4.01906	W_Y	0.0135862	A	-1.32968	O_X	4.027	O_Y	0.033464	g_odom_x	0	g_odom_y	0
W_X	4.01906	W_Y	0.0135862	A	-1.32968	O_X	4.027	O_Y	0.033464	g_odom_x	0	g_odom_y	0
W_X	4.16251	W_Y	0.00468636	A	-1.32968	O_X	4.17055	O_Y	0.0301319	g_odom_x	0	g_odom_y	0
W_X	4.18299	W_Y	0.00351963	A	-1.32968	O_X	4.19106	O_Y	0.0296559	g_odom_x	0	g_odom_y	0
W_X	4.18299	W_Y	0.00351963	A	-1.32968	O_X	4.19106	O_Y	0.0296559	g_odom_x	0	g_odom_y	0
W_X	4.20348	W_Y	0.0024387	A	-1.32968	O_X	4.21156	O_Y	0.0291799	g_odom_x	0	g_odom_y	0
W_X	4.24444	W_Y	0.000276951	A	-1.32968	O_X	4.25257	O_Y	0.028228	g_odom_x	0	g_odom_y	0
W_X	4.28541	W_Y	-0.00188502	A	-1.32968	O_X	4.29359	O_Y	0.0272759	g_odom_x	0	g_odom_y	0
W_X	4.30585	W_Y	-0.00296365	A	-1.32968	O_X	4.31405	O_Y	0.026801	g_odom_x	0	g_odom_y	0
W_X	4.32619	W_Y	-0.00351946	A	-1.32968	O_X	4.33456	O_Y	0.026325	g_odom_x	0	g_odom_y	0
W_X	4.34571	W_Y	-0.000983961	A	-1.32968	O_X	4.35506	O_Y	0.025849	g_odom_x	0	g_odom_y	0
W_X	4.36598	W_Y	-0.00127416	A	-1.32968	O_X	4.37557	O_Y	0.025373	g_odom_x	0	g_odom_y	0
W_X	4.38647	W_Y	-0.00234727	A	-1.32968	O_X	4.39608	O_Y	0.0248969	g_odom_x	0	g_odom_y	0
W_X	4.40697	W_Y	-0.0034211	A	-1.32968	O_X	4.4166	O_Y	0.0244206	g_odom_x	0	g_odom_y	0
W_X	4.42745	W_Y	-0.00449423	A	-1.32968	O_X	4.43711	O_Y	0.0239446	g_odom_x	0	g_odom_y	0
W_X	4.44794	W_Y	-0.00556726	A	-1.32968	O_X	4.45762	O_Y	0.0234686	g_odom_x	0	g_odom_y	0
W_X	4.46843	W_Y	-0.00664038	A	-1.32968	O_X	4.47813	O_Y	0.0229925	g_odom_x	0	g_odom_y	0
W_X	4.46843	W_Y	-0.00664038	A	-1.32968	O_X	4.47813	O_Y	0.0229925	g_odom_x	0	g_odom_y	0
W_X	4.46843	W_Y	-0.00664038	A	-1.32968	O_X	4.47813	O_Y	0.0229925	g_odom_x	0	g_odom_y	0
W_X	4.46843	W_Y	-0.00664038	A	-1.32968	O_X	4.47813	O_Y	0.0229925	g_odom_x	0	g_odom_y	0
W_X	4.46843	W_Y	-0.00664038	A	-1.32968	O_X	4.47813	O_Y	0.0229925	g_odom_x	0	g_odom_y	0
W_X	4.46843	W_Y	-0.00664038	A	-1.32968	O_X	4.47813	O_Y	0.0229925	g_odom_x	0	g_odom_y	0
W_X	4.46843	W_Y	-0.00664038	A	-1.32968	O_X	4.47813	O_Y	0.0229925	g_odom_x	0	g_odom_y	0
W_X	4.50939	W_Y	-0.00878645	A	-1.32968	O_X	4.51914	O_Y	0.0220405	g_odom_x	0	g_odom_y	0
W_X	4.50939	W_Y	-0.00878645	A	-1.32968	O_X	4.51914	O_Y	0.0220405	g_odom_x	0	g_odom_y	0
W_X	4.50939	W_Y	-0.00878645	A	-1.32968	O_X	4.51914	O_Y	0.0220405	g_odom_x	0	g_odom_y	0
W_X	4.50939	W_Y	-0.00878645	A	-1.32968	O_X	4.51914	O_Y	0.0220405	g_odom_x	0	g_odom_y	0
W_X	4.7305	W_Y	-0.0165453	A	-1.32968	O_X	4.74472	O_Y	0.0168045	g_odom_x	0	g_odom_y	0
W_X	4.75099	W_Y	-0.0176643	A	-1.32968	O_X	4.76523	O_Y	0.0163284	g_odom_x	0	g_odom_y	0
W_X	4.75099	W_Y	-0.0176643	A	-1.32968	O_X	4.76523	O_Y	0.0163284	g_odom_x	0	g_odom_y	0
W_X	4.75099	W_Y	-0.0176643	A	-1.32968	O_X	4.76523	O_Y	0.0163284	g_odom_x	0	g_odom_y	0
W_X	4.81278	W_Y	-0.0210278	A	-1.32968	O_X	4.82675	O_Y	0.0149004	g_odom_x	0	g_odom_y	0
W_X	4.83326	W_Y	-0.0221639	A	-1.32968	O_X	4.84727	O_Y	0.0144242	g_odom_x	0	g_odom_y	0
W_X	4.85375	W_Y	-0.0233	A	-1.32968	O_X	4.86778	O_Y	0.0139481	g_odom_x	0	g_odom_y	0
W_X	4.85375	W_Y	-0.0233	A	-1.32968	O_X	4.86778	O_Y	0.0139481	g_odom_x	0	g_odom_y	0
W_X	4.85375	W_Y	-0.0233	A	-1.32968	O_X	4.86778	O_Y	0.0139481	g_odom_x	0	g_odom_y	0
W_X	4.93567	W_Y	-0.0278429	A	-1.32968	O_X	4.9498	O_Y	0.0120443	g_odom_x	0	g_odom_y	0
W_X	4.93567	W_Y	-0.0278429	A	-1.32968	O_X	4.9498	O_Y	0.0120443	g_odom_x	0	g_odom_y	0
W_X	4.95469	W_Y	-0.028781	A	-1.32968	O_X	4.9703	O_Y	0.0115685	g_odom_x	0	g_odom_y	0
W_X	4.95469	W_Y	-0.028781	A	-1.32968	O_X	4.9703	O_Y	0.0115685	g_odom_x	0	g_odom_y	0
W_X	4.95469	W_Y	-0.028781	A	-1.32968	O_X	4.9703	O_Y	0.0115685	g_odom_x	0	g_odom_y	0
W_X	4.95469	W_Y	-0.028781	A	-1.32968	O_X	4.9703	O_Y	0.0115685	g_odom_x	0	g_odom_y	0
W_X	4.95469	W_Y	-0.028781	A	-1.32968	O_X	4.9703	O_Y	0.0115685	g_odom_x	0	g_odom_y	0
W_X	4.95469	W_Y	-0.028781	A	-1.32968	O_X	4.9703	O_Y	0.0115685	g_odom_x	0	g_odom_y	0
W_X	4.95469	W_Y	-0.028781	A	-1.32968	O_X	4.9703	O_Y	0.0115685	g_odom_x	0	g_odom_y	0
W_X	4.95469	W_Y	-0.028781	A	-1.32968	O_X	4.9703	O_Y	0.0115685	g_odom_x	0	g_odom_y	0
W_X	4.95469	W_Y	-0.028781	A	-1.32968	O_X	4.9703	O_Y	0.0115685	g_odom_x	0	g_odom_y	0
W_X	5.20139	W_Y	-0.0469203	A	-0.947302	O_X	5.21642	O_Y	0.00664899	g_odom_x	0	g_odom_y	0
W_X	5.20139	W_Y	-0.0469203	A	-0.947302	O_X	5.21642	O_Y	0.00664899	g_odom_x	0	g_odom_y	0
W_X	5.20139	W_Y	-0.0469203	A	-0.947302	O_X	5.21642	O_Y	0.00664899	g_odom_x	0	g_odom_y	0
W_X	5.20139	W_Y	-0.0469203	A	-0.947302	O_X	5.21642	O_Y	0.00664899	g_odom_x	0	g_odom_y	0
W_X	5.20139	W_Y	-0.0469203	A	-0.947302	O_X	5.21642	O_Y	0.00664899	g_odom_x	0	g_odom_y	0
W_X	5.20139	W_Y	-0.0469203	A	-0.947302	O_X	5.21642	O_Y	0.00664899	g_odom_x	0	g_odom_y	0
W_X	5.22187	W_Y	-0.0480346	A	-0.947302	O_X	5.23692	O_Y	0.0063099	g_odom_x	0	g_odom_y	0
W_X	5.34477	W_Y	-0.0547213	A	-0.947302	O_X	5.35999	O_Y	0.00427506	g_odom_x	0	g_odom_y	0
W_X	5.34477	W_Y	-0.0547213	A	-0.947302	O_X	5.35999	O_Y	0.00427506	g_odom_x	0	g_odom_y	0
W_X	5.34477	W_Y	-0.0547213	A	-0.947302	O_X	5.35999	O_Y	0.00427506	g_odom_x	0	g_odom_y	0
W_X	5.36525	W_Y	-0.0558357	A	-0.947302	O_X	5.3805	O_Y	0.00393592	g_odom_x	0	g_odom_y	0
W_X	5.36525	W_Y	-0.0558357	A	-0.947302	O_X	5.3805	O_Y	0.00393592	g_odom_x	0	g_odom_y	0
W_X	5.36525	W_Y	-0.0558357	A	-0.947302	O_X	5.3805	O_Y	0.00393592	g_odom_x	0	g_odom_y	0
W_X	5.36525	W_Y	-0.0558357	A	-0.947302	O_X	5.3805	O_Y	0.00393592	g_odom_x	0	g_odom_y	0
W_X	5.36525	W_Y	-0.0558357	A	-0.947302	O_X	5.3805	O_Y	0.00393592	g_odom_x	0	g_odom_y	0
W_X	5.5304	W_Y	-0.0712107	A	-0.704384	O_X	5.54459	O_Y	0.00174459	g_odom_x	0	g_odom_y	0
W_X	5.5304	W_Y	-0.0712107	A	-0.704384	O_X	5.54459	O_Y	0.00174459	g_odom_x	0	g_odom_y	0
W_X	5.53341	W_Y	-0.0713723	A	-0.704384	O_X	5.58561	O_Y	0.00124022	g_odom_x	0	g_odom_y	0
W_X	5.53341	W_Y	-0.0713723	A	-0.704384	O_X	5.58561	O_Y	0.00124022	g_odom_x	0	g_odom_y	0
W_X	5.53341	W_Y	-0.0713723	A	-0.704384	O_X	5.58561	O_Y	0.00124022	g_odom_x	0	g_odom_y	0
W_X	5.53341	W_Y	-0.0713723	A	-0.704384	O_X	5.58561	O_Y	0.00124022	g_odom_x	0	g_odom_y	0
W_X	5.53341	W_Y	-0.0713723	A	-0.704384	O_X	5.58561	O_Y	0.00124022	g_odom_x	0	g_odom_y	0
W_X	5.53341	W_Y	-0.0713723	A	-0.704384	O_X	5.58561	O_Y	0.00124022	g_odom_x	0	g_odom_y	0
W_X	5.65588	W_Y	-0.0733554	A	-0.704384	O_X	5.70866	O_Y	-0.000272633	g_odom_x	0	g_odom_y	0
W_X	5.65588	W_Y	-0.0733554	A	-0.704384	O_X	5.70866	O_Y	-0.000272633	g_odom_x	0	g_odom_y	0
W_X	5.77564	W_Y	-0.0799922	A	-0.704384	O_X	5.79071	O_Y	-0.00128134	g_odom_x	0	g_odom_y	0
W_X	5.77564	W_Y	-0.0799922	A	-0.704384	O_X	5.79071	O_Y	-0.00128134	g_odom_x	0	g_odom_y	0
W_X	5.77564	W_Y	-0.0799922	A	-0.704384	O_X	5.79071	O_Y	-0.00128134	g_odom_x	0	g_odom_y	0
W_X	5.77564	W_Y	-0.0799922	A	-0.704384	O_X	5.79071	O_Y	-0.00128134	g_odom_x	0	g_odom_y	0
W_X	5.77564	W_Y	-0.0799922	A	-0.704384	O_X	5.79071	O_Y	-0.00128134	g_odom_x	0	g_odom_y	0
W_X	5.77564	W_Y	-0.0799922	A	-0.704384	O_X	5.79071	O_Y	-0.00128134	g_odom_x	0	g_odom_y	0
W_X	5.89744	W_Y	-0.0885495	A	-0.309877	O_X	5.91378	O_Y	-0.00255121	g_odom_x	0	g_odom_y	0
W_X	5.89744	W_Y	-0.0885495	A	-0.309877	O_X	5.91378	O_Y	-0.00255121	g_odom_x	0	g_odom_y	0
W_X	5.91793	W_Y	-0.0895846	A	-0.0852426	O_X	5.93429	O_Y	-0.00266214	g_odom_x	0	g_odom_y	0
W_X	5.9794	W_Y	-0.0924497	A	-0.0852426	O_X	5.99583	O_Y	-0.00275369	g_odom_x	0	g_odom_y	0
W_X	5.9794	W_Y	-0.0924497	A	-0.0852426	O_X	5.99583	O_Y	-0.00275369	g_odom_x	0	g_odom_y	0
W_X	6.02045	W_Y	-0.0942661	A	0.0968891	O_X	6.03687	O_Y	-0.00274954	g_odom_x	0	g_odom_y	0
W_X	6.02045	W_Y	-0.0942661	A	0.0968891	O_X	6.03687	O_Y	-0.00274954	g_odom_x	0	g_odom_y	0
W_X	6.06436	W_Y	-0.0942147	A	0.260684	O_X	6.0779	O_Y	-0.0026215	g_odom_x	0	g_odom_y	0
W_X	6.08486	W_Y	-0.0950217	A	0.260684	O_X	6.09842	O_Y	-0.00252816	g_odom_x	0	g_odom_y	0
W_X	6.12584	W_Y	-0.0966348	A	0.563867	O_X	6.13943	O_Y	-0.00234157	g_odom_x	0	g_odom_y	0
W_X	6.14635	W_Y	-0.0973334	A	0.563867	O_X	6.15994	O_Y	-0.00213963	g_odom_x	0	g_odom_y	0
W_X	6.16684	W_Y	-0.0980316	A	0.776308	O_X	6.18045	O_Y	-0.00193782	g_odom_x	0	g_odom_y	0
W_X	6.18734	W_Y	-0.0986539	A	0.964445	O_X	6.20096	O_Y	-0.00165991	g_odom_x	0	g_odom_y	0
W_X	6.20786	W_Y	-0.0992093	A	1.17705	O_X	6.22148	O_Y	-0.00131443	g_odom_x	0	g_odom_y	0
W_X	6.20786	W_Y	-0.0992093	A	1.17705	O_X	6.22148	O_Y	-0.00131443	g_odom_x	0	g_odom_y	0
W_X	6.24859	W_Y	-0.101621	A	1.48016	O_X	6.26248	O_Y	-0.000417887	g_odom_x	0	g_odom_y	0
W_X	6.2891	W_Y	-0.10521	A	1.81993	O_X	6.30349	O_Y	0.000641852	g_odom_x	0	g_odom_y	0
W_X	6.30961	W_Y	-0.105465	A	2.01418	O_X	6.32399	O_Y	0.00129338	g_odom_x	0	g_odom_y	0
W_X	6.33012	W_Y	-0.10565	A	2.17796	O_X	6.34449	O_Y	0.00201428	g_odom_x	0	g_odom_y	0
W_X	6.35063	W_Y	-0.105777	A	2.17796	O_X	6.36498	O_Y	0.00279357	g_odom_x	0	g_odom_y	0
W_X	6.37114	W_Y	-0.105903	A	2.33567	O_X	6.38548	O_Y	0.00357314	g_odom_x	0	g_odom_y	0
W_X	6.39165	W_Y	-0.105973	A	2.49338	O_X	6.40598	O_Y	0.00440914	g_odom_x	0	g_odom_y	0
W_X	6.41217	W_Y	-0.105987	A	2.49338	O_X	6.42648	O_Y	0.00530196	g_odom_x	0	g_odom_y	0
W_X	6.43269	W_Y	-0.106001	A	2.67543	O_X	6.44698	O_Y	0.00619438	g_odom_x	0	g_odom_y	0
W_X	6.4532	W_Y	-0.10595	A	2.67543	O_X	6.46747	O_Y	0.00715179	g_odom_x	0	g_odom_y	0
W_X	6.47415	W_Y	-0.101428	A	2.88186	O_X	6.48796	O_Y	0.00810942	g_odom_x	0	g_odom_y	0
W_X	6.49485	W_Y	-0.0993019	A	2.88186	O_X	6.50844	O_Y	0.00914068	g_odom_x	0	g_odom_y	0
W_X	6.51536	W_Y	-0.0991408	A	3.07	O_X	6.52893	O_Y	0.010172	g_odom_x	0	g_odom_y	0
W_X	6.51536	W_Y	-0.0991408	A	3.07	O_X	6.52893	O_Y	0.010172	g_odom_x	0	g_odom_y	0
W_X	6.53587	W_Y	-0.0989123	A	3.25814	O_X	6.54941	O_Y	0.0112705	g_odom_x	0	g_odom_y	0
W_X	6.59741	W_Y	-0.0980249	A	3.25814	O_X	6.61085	O_Y	0.0147682	g_odom_x	0	g_odom_y	0
W_X	6.61792	W_Y	-0.0977291	A	3.43412	O_X	6.63133	O_Y	0.015934	g_odom_x	0	g_odom_y	0
W_X	6.63843	W_Y	-0.0973703	A	3.64661	O_X	6.65181	O_Y	0.0171628	g_odom_x	0	g_odom_y	0
W_X	6.65894	W_Y	-0.0969354	A	3.92605	O_X	6.67228	O_Y	0.0184674	g_odom_x	0	g_odom_y	0
W_X	6.68005	W_Y	-0.0943914	A	3.92605	O_X	6.69275	O_Y	0.019872	g_odom_x	0	g_odom_y	0
W_X	6.68005	W_Y	-0.0943914	A	3.92605	O_X	6.69275	O_Y	0.019872	g_odom_x	0	g_odom_y	0
W_X	6.68005	W_Y	-0.0943914	A	3.92605	O_X	6.69275	O_Y	0.019872	g_odom_x	0	g_odom_y	0
W_X	6.76385	W_Y	-0.0860115	A	4.49713	O_X	6.77459	O_Y	0.0256938	g_odom_x	0	g_odom_y	0
W_X	6.78435	W_Y	-0.0852438	A	4.66094	O_X	6.79504	O_Y	0.0273022	g_odom_x	0	g_odom_y	0
W_X	6.80485	W_Y	-0.0844174	A	4.66094	O_X	6.81549	O_Y	0.0289691	g_odom_x	0	g_odom_y	0
W_X	6.82534	W_Y	-0.0835911	A	4.66094	O_X	6.83593	O_Y	0.030636	g_odom_x	0	g_odom_y	0
W_X	6.84584	W_Y	-0.0827648	A	4.81866	O_X	6.85638	O_Y	0.032303	g_odom_x	0	g_odom_y	0
W_X	6.86634	W_Y	-0.081882	A	4.97638	O_X	6.87682	O_Y	0.0340263	g_odom_x	0	g_odom_y	0
W_X	6.90732	W_Y	-0.0800038	A	4.97638	O_X	6.91769	O_Y	0.037585	g_odom_x	0	g_odom_y	0
W_X	6.92809	W_Y	-0.075148	A	4.97638	O_X	6.93813	O_Y	0.0393645	g_odom_x	0	g_odom_y	0
W_X	6.92809	W_Y	-0.075148	A	4.97638	O_X	6.93813	O_Y	0.0393645	g_odom_x	0	g_odom_y	0
W_X	6.92809	W_Y	-0.075148	A	4.97638	O_X	6.93813	O_Y	0.0393645	g_odom_x	0	g_odom_y	0
W_X	6.98973	W_Y	-0.0697248	A	5.12801	O_X	6.99943	O_Y	0.044757	g_odom_x	0	g_odom_y	0
W_X	7.01022	W_Y	-0.0687169	A	5.44397	O_X	7.01986	O_Y	0.0465904	g_odom_x	0	g_odom_y	0
W_X	7.0307	W_Y	-0.067596	A	5.75993	O_X	7.04028	O_Y	0.0485363	g_odom_x	0	g_odom_y	0
W_X	7.07165	W_Y	-0.0651287	A	6.31883	O_X	7.08109	O_Y	0.0526531	g_odom_x	0	g_odom_y	0
W_X	7.09225	W_Y	-0.0636852	A	6.5696	O_X	7.10162	O_Y	0.0549264	g_odom_x	0	g_odom_y	0
W_X	7.09225	W_Y	-0.0636852	A	6.5696	O_X	7.10162	O_Y	0.0549264	g_odom_x	0	g_odom_y	0
W_X	7.13458	W_Y	-0.0481589	A	6.73339	O_X	7.14224	O_Y	0.059604	g_odom_x	0	g_odom_y	0
W_X	7.15504	W_Y	-0.046507	A	6.73339	O_X	7.16262	O_Y	0.0620102	g_odom_x	0	g_odom_y	0
W_X	7.17548	W_Y	-0.0448564	A	6.73339	O_X	7.18298	O_Y	0.0644145	g_odom_x	0	g_odom_y	0
W_X	7.19593	W_Y	-0.0432047	A	7.07299	O_X	7.20336	O_Y	0.0668204	g_odom_x	0	g_odom_y	0
W_X	7.21637	W_Y	-0.0414323	A	7.07299	O_X	7.22372	O_Y	0.0693464	g_odom_x	0	g_odom_y	0
W_X	7.23681	W_Y	-0.0396598	A	7.07299	O_X	7.24408	O_Y	0.0718725	g_odom_x	0	g_odom_y	0
W_X	7.25724	W_Y	-0.0378876	A	7.07299	O_X	7.26443	O_Y	0.0743981	g_odom_x	0	g_odom_y	0
W_X	7.27768	W_Y	-0.0361151	A	7.07299	O_X	7.28479	O_Y	0.0769242	g_odom_x	0	g_odom_y	0
W_X	7.29808	W_Y	-0.0338906	A	7.07299	O_X	7.30515	O_Y	0.0794498	g_odom_x	0	g_odom_y	0
W_X	7.31807	W_Y	-0.0258687	A	7.07299	O_X	7.3255	O_Y	0.0819753	g_odom_x	0	g_odom_y	0
W_X	7.3588	W_Y	-0.0203821	A	7.07299	O_X	7.36622	O_Y	0.0870271	g_odom_x	0	g_odom_y	0
W_X	7.37924	W_Y	-0.0185632	A	6.60983	O_X	7.38657	O_Y	0.089553	g_odom_x	0	g_odom_y	0
W_X	7.39968	W_Y	-0.0169097	A	6.60983	O_X	7.40695	O_Y	0.0919142	g_odom_x	0	g_odom_y	0
W_X	7.42013	W_Y	-0.015256	A	6.60983	O_X	7.42733	O_Y	0.0942755	g_odom_x	0	g_odom_y	0
W_X	7.44058	W_Y	-0.0136024	A	6.42059	O_X	7.4477	O_Y	0.0966366	g_odom_x	0	g_odom_y	0
W_X	7.46103	W_Y	-0.0120164	A	6.42059	O_X	7.46809	O_Y	0.0989304	g_odom_x	0	g_odom_y	0
W_X	7.46103	W_Y	-0.0120164	A	6.42059	O_X	7.46809	O_Y	0.0989304	g_odom_x	0	g_odom_y	0
W_X	7.52238	W_Y	-0.00725818	A	5.8595	O_X	7.52924	O_Y	0.105812	g_odom_x	0	g_odom_y	0
W_X	7.54285	W_Y	-0.00587247	A	5.64591	O_X	7.54965	O_Y	0.107906	g_odom_x	0	g_odom_y	0
W_X	7.56327	W_Y	-0.00403894	A	5.43234	O_X	7.57006	O_Y	0.109924	g_odom_x	0	g_odom_y	0
W_X	7.58335	W_Y	0.00186538	A	5.17609	O_X	7.59049	O_Y	0.111867	g_odom_x	0	g_odom_y	0
W_X	7.60372	W_Y	0.00419599	A	4.90777	O_X	7.61091	O_Y	0.113717	g_odom_x	0	g_odom_y	0
W_X	7.6242	W_Y	0.00526737	A	4.73679	O_X	7.63135	O_Y	0.115472	g_odom_x	0	g_odom_y	0
W_X	7.64469	W_Y	0.00627761	A	4.56582	O_X	7.65179	O_Y	0.117165	g_odom_x	0	g_odom_y	0
W_X	7.64469	W_Y	0.00627761	A	4.56582	O_X	7.65179	O_Y	0.117165	g_odom_x	0	g_odom_y	0
W_X	7.70617	W_Y	0.00890274	A	3.77286	O_X	7.71315	O_Y	0.121842	g_odom_x	0	g_odom_y	0
W_X	7.72668	W_Y	0.00956828	A	3.77286	O_X	7.73362	O_Y	0.123192	g_odom_x	0	g_odom_y	0
W_X	7.74717	W_Y	0.0102335	A	3.77286	O_X	7.75408	O_Y	0.124541	g_odom_x	0	g_odom_y	0
W_X	7.76767	W_Y	0.0108989	A	3.77286	O_X	7.77455	O_Y	0.125891	g_odom_x	0	g_odom_y	0
W_X	7.78861	W_Y	0.0162405	A	3.77286	O_X	7.79502	O_Y	0.127241	g_odom_x	0	g_odom_y	0
W_X	7.78861	W_Y	0.0162405	A	3.77286	O_X	7.79502	O_Y	0.127241	g_odom_x	0	g_odom_y	0
W_X	7.78861	W_Y	0.0162405	A	3.77286	O_X	7.79502	O_Y	0.127241	g_odom_x	0	g_odom_y	0
W_X	7.78861	W_Y	0.0162405	A	3.77286	O_X	7.79502	O_Y	0.127241	g_odom_x	0	g_odom_y	0
W_X	7.80984	W_Y	0.0248391	A	3.77286	O_X	7.8155	O_Y	0.128592	g_odom_x	0	g_odom_y	0
W_X	7.80984	W_Y	0.0248391	A	3.77286	O_X	7.8155	O_Y	0.128592	g_odom_x	0	g_odom_y	0
W_X	7.80984	W_Y	0.0248391	A	3.77286	O_X	7.8155	O_Y	0.128592	g_odom_x	0	g_odom_y	0
W_X	7.80984	W_Y	0.0248391	A	3.77286	O_X	7.8155	O_Y	0.128592	g_odom_x	0	g_odom_y	0
W_X	7.80984	W_Y	0.0248391	A	3.77286	O_X	7.8155	O_Y	0.128592	g_odom_x	0	g_odom_y	0
W_X	7.85084	W_Y	0.0263621	A	3.97929	O_X	7.85643	O_Y	0.131365	g_odom_x	0	g_odom_y	0
W_X	7.85084	W_Y	0.0263621	A	3.97929	O_X	7.85643	O_Y	0.131365	g_odom_x	0	g_odom_y	0
W_X	8.03806	W_Y	0.0437537	A	3.97929	O_X	8.04061	O_Y	0.144177	g_odom_x	0	g_odom_y	0
W_X	8.05856	W_Y	0.0446313	A	3.97929	O_X	8.06107	O_Y	0.145601	g_odom_x	0	g_odom_y	0
W_X	8.07905	W_Y	0.0455089	A	3.97929	O_X	8.08154	O_Y	0.147024	g_odom_x	0	g_odom_y	0
W_X	8.09954	W_Y	0.0463866	A	3.97929	O_X	8.102	O_Y	0.148447	g_odom_x	0	g_odom_y	0
W_X	8.14053	W_Y	0.0481419	A	3.97929	O_X	8.14292	O_Y	0.151294	g_odom_x	0	g_odom_y	0
W_X	8.16104	W_Y	0.04902	A	3.97929	O_X	8.1634	O_Y	0.152719	g_odom_x	0	g_odom_y	0
W_X	8.18152	W_Y	0.049897	A	3.97929	O_X	8.18385	O_Y	0.154141	g_odom_x	0	g_odom_y	0
W_X	8.20201	W_Y	0.0507747	A	3.97929	O_X	8.20431	O_Y	0.155565	g_odom_x	0	g_odom_y	0
W_X	8.22227	W_Y	0.053762	A	3.81439	O_X	8.22478	O_Y	0.156988	g_odom_x	0	g_odom_y	0
W_X	8.24217	W_Y	0.0598627	A	3.81439	O_X	8.24524	O_Y	0.158353	g_odom_x	0	g_odom_y	0
W_X	8.26267	W_Y	0.060709	A	3.81439	O_X	8.26571	O_Y	0.159717	g_odom_x	0	g_odom_y	0
W_X	8.26267	W_Y	0.060709	A	3.81439	O_X	8.26571	O_Y	0.159717	g_odom_x	0	g_odom_y	0
W_X	8.30366	W_Y	0.0624018	A	3.46025	O_X	8.30664	O_Y	0.162447	g_odom_x	0	g_odom_y	0
W_X	8.34467	W_Y	0.0638414	A	3.46025	O_X	8.3476	O_Y	0.164923	g_odom_x	0	g_odom_y	0
W_X	8.34467	W_Y	0.0638414	A	3.46025	O_X	8.3476	O_Y	0.164923	g_odom_x	0	g_odom_y	0
W_X	8.38567	W_Y	0.0652808	A	3.46025	O_X	8.38855	O_Y	0.167399	g_odom_x	0	g_odom_y	0
W_X	8.40617	W_Y	0.0660006	A	3.46025	O_X	8.40903	O_Y	0.168637	g_odom_x	0	g_odom_y	0
W_X	8.44717	W_Y	0.06744	A	3.46025	O_X	8.44998	O_Y	0.171114	g_odom_x	0	g_odom_y	0
W_X	8.46695	W_Y	0.0747054	A	3.46025	O_X	8.47043	O_Y	0.17235	g_odom_x	0	g_odom_y	0
W_X	8.48694	W_Y	0.0801732	A	3.30148	O_X	8.4909	O_Y	0.173588	g_odom_x	0	g_odom_y	0
W_X	8.50754	W_Y	0.0808598	A	3.30148	O_X	8.51148	O_Y	0.174775	g_odom_x	0	g_odom_y	0
W_X	8.52797	W_Y	0.0815408	A	3.30148	O_X	8.53188	O_Y	0.175952	g_odom_x	0	g_odom_y	0
W_X	8.54845	W_Y	0.0822234	A	3.30148	O_X	8.55234	O_Y	0.177132	g_odom_x	0	g_odom_y	0
W_X	8.56895	W_Y	0.0829068	A	3.30148	O_X	8.57282	O_Y	0.178313	g_odom_x	0	g_odom_y	0
W_X	8.58947	W_Y	0.0835907	A	3.30148	O_X	8.59331	O_Y	0.179496	g_odom_x	0	g_odom_y	0
W_X	8.60997	W_Y	0.084274	A	3.07575	O_X	8.61379	O_Y	0.180677	g_odom_x	0	g_odom_y	0
W_X	8.63157	W_Y	0.0862416	A	3.07575	O_X	8.63427	O_Y	0.181778	g_odom_x	0	g_odom_y	0
W_X	8.65354	W_Y	0.0887064	A	2.72827	O_X	8.65475	O_Y	0.182878	g_odom_x	0	g_odom_y	0
W_X	8.67408	W_Y	0.0892098	A	2.72827	O_X	8.67528	O_Y	0.183856	g_odom_x	0	g_odom_y	0
W_X	8.69454	W_Y	0.0897114	A	2.40573	O_X	8.69572	O_Y	0.18483	g_odom_x	0	g_odom_y	0
W_X	8.71501	W_Y	0.0900977	A	2.08318	O_X	8.71617	O_Y	0.18569	g_odom_x	0	g_odom_y	0
W_X	8.75603	W_Y	0.0906411	A	2.08318	O_X	8.75717	O_Y	0.187181	g_odom_x	0	g_odom_y	0
W_X	8.77654	W_Y	0.0909129	A	1.71742	O_X	8.77767	O_Y	0.187926	g_odom_x	0	g_odom_y	0
W_X	8.79705	W_Y	0.0910536	A	1.71742	O_X	8.79818	O_Y	0.188541	g_odom_x	0	g_odom_y	0
W_X	8.81757	W_Y	0.0911944	A	1.49165	O_X	8.81868	O_Y	0.189156	g_odom_x	0	g_odom_y	0
W_X	8.83808	W_Y	0.0912543	A	1.49165	O_X	8.83919	O_Y	0.18969	g_odom_x	0	g_odom_y	0
W_X	8.85979	W_Y	0.0950689	A	1.21722	O_X	8.85969	O_Y	0.190224	g_odom_x	0	g_odom_y	0
W_X	8.88077	W_Y	0.0965044	A	0.942793	O_X	8.8802	O_Y	0.19066	g_odom_x	0	g_odom_y	0
W_X	8.92179	W_Y	0.0962379	A	0.942793	O_X	8.92122	O_Y	0.191335	g_odom_x	0	g_odom_y	0
W_X	8.9423	W_Y	0.0961047	A	0.70489	O_X	8.94172	O_Y	0.191672	g_odom_x	0	g_odom_y	0
W_X	8.96284	W_Y	0.095886	A	0.70489	O_X	8.96226	O_Y	0.191925	g_odom_x	0	g_odom_y	0
W_X	8.98333	W_Y	0.0956678	A	0.70489	O_X	8.98275	O_Y	0.192177	g_odom_x	0	g_odom_y	0
W_X	9.00384	W_Y	0.0954494	A	0.70489	O_X	9.00326	O_Y	0.192429	g_odom_x	0	g_odom_y	0
W_X	9.02435	W_Y	0.095231	A	0.70489	O_X	9.02377	O_Y	0.192682	g_odom_x	0	g_odom_y	0
W_X	9.06537	W_Y	0.0947942	A	0.70489	O_X	9.06479	O_Y	0.193186	g_odom_x	0	g_odom_y	0
W_X	9.08577	W_Y	0.0957757	A	0.350751	O_X	9.0853	O_Y	0.193439	g_odom_x	0	g_odom_y	0
W_X	9.08577	W_Y	0.0957757	A	0.350751	O_X	9.0853	O_Y	0.193439	g_odom_x	0	g_odom_y	0
W_X	9.08577	W_Y	0.0957757	A	0.350751	O_X	9.0853	O_Y	0.193439	g_odom_x	0	g_odom_y	0
W_X	9.08577	W_Y	0.0957757	A	0.350751	O_X	9.0853	O_Y	0.193439	g_odom_x	0	g_odom_y	0
W_X	9.08577	W_Y	0.0957757	A	0.350751	O_X	9.0853	O_Y	0.193439	g_odom_x	0	g_odom_y	0
W_X	9.08577	W_Y	0.0957757	A	0.350751	O_X	9.0853	O_Y	0.193439	g_odom_x	0	g_odom_y	0
W_X	9.14706	W_Y	0.0964299	A	-0.259631	O_X	9.14684	O_Y	0.193608	g_odom_x	0	g_odom_y	0
W_X	9.22908	W_Y	0.0939667	A	-0.521869	O_X	9.22889	O_Y	0.193236	g_odom_x	0	g_odom_y	0
W_X	9.22908	W_Y	0.0939667	A	-0.521869	O_X	9.22889	O_Y	0.193236	g_odom_x	0	g_odom_y	0
W_X	9.24996	W_Y	0.0946631	A	-0.521869	O_X	9.24941	O_Y	0.193049	g_odom_x	0	g_odom_y	0
W_X	9.29249	W_Y	0.0990332	A	-0.521869	O_X	9.29043	O_Y	0.192675	g_odom_x	0	g_odom_y	0
W_X	9.29249	W_Y	0.0990332	A	-0.521869	O_X	9.29043	O_Y	0.192675	g_odom_x	0	g_odom_y	0
W_X	9.29249	W_Y	0.0990332	A	-0.521869	O_X	9.29043	O_Y	0.192675	g_odom_x	0	g_odom_y	0
W_X	9.31299	W_Y	0.0983327	A	-0.521869	O_X	9.33146	O_Y	0.192302	g_odom_x	0	g_odom_y	0
W_X	9.39499	W_Y	0.0953948	A	-0.900356	O_X	9.393	O_Y	0.191606	g_odom_x	0	g_odom_y	0
W_X	9.41549	W_Y	0.0945589	A	-1.10784	O_X	9.41351	O_Y	0.191283	g_odom_x	0	g_odom_y	0
W_X	9.43599	W_Y	0.0936482	A	-1.10784	O_X	9.43403	O_Y	0.190887	g_odom_x	0	g_odom_y	0
W_X	9.43599	W_Y	0.0936482	A	-1.10784	O_X	9.43403	O_Y	0.190887	g_odom_x	0	g_odom_y	0
W_X	9.43599	W_Y	0.0936482	A	-1.10784	O_X	9.43403	O_Y	0.190887	g_odom_x	0	g_odom_y	0
W_X	9.45648	W_Y	0.0927381	A	-1.33968	O_X	9.45454	O_Y	0.19049	g_odom_x	0	g_odom_y	0
W_X	9.5363	W_Y	0.0896149	A	-2.19404	O_X	9.53655	O_Y	0.188091	g_odom_x	0	g_odom_y	0
W_X	9.55668	W_Y	0.088339	A	-2.3772	O_X	9.55705	O_Y	0.187306	g_odom_x	0	g_odom_y	0
W_X	9.57715	W_Y	0.0869418	A	-2.3772	O_X	9.57755	O_Y	0.186455	g_odom_x	0	g_odom_y	0
W_X	9.59762	W_Y	0.0855447	A	-2.3772	O_X	9.59804	O_Y	0.185604	g_odom_x	0	g_odom_y	0
W_X	9.61808	W_Y	0.0841476	A	-2.55427	O_X	9.61854	O_Y	0.184753	g_odom_x	0	g_odom_y	0
W_X	9.63854	W_Y	0.0826873	A	-2.55427	O_X	9.63903	O_Y	0.183839	g_odom_x	0	g_odom_y	0
W_X	9.67945	W_Y	0.0797675	A	-2.55427	O_X	9.68001	O_Y	0.182011	g_odom_x	0	g_odom_y	0
W_X	9.72039	W_Y	0.076846	A	-2.71309	O_X	9.721	O_Y	0.180183	g_odom_x	0	g_odom_y	0
W_X	9.74015	W_Y	0.07427	A	-2.71309	O_X	9.74149	O_Y	0.179212	g_odom_x	0	g_odom_y	0
W_X	9.74015	W_Y	0.07427	A	-2.71309	O_X	9.74149	O_Y	0.179212	g_odom_x	0	g_odom_y	0
W_X	9.74015	W_Y	0.07427	A	-2.71309	O_X	9.74149	O_Y	0.179212	g_odom_x	0	g_odom_y	0
W_X	9.75999	W_Y	0.0717719	A	-2.90235	O_X	9.76199	O_Y	0.17824	g_odom_x	0	g_odom_y	0
W_X	9.80088	W_Y	0.0684553	A	-2.90235	O_X	9.80296	O_Y	0.176163	g_odom_x	0	g_odom_y	0
W_X	9.86219	W_Y	0.0634826	A	-2.90235	O_X	9.8644	O_Y	0.173048	g_odom_x	0	g_odom_y	0
W_X	9.86219	W_Y	0.0634826	A	-2.90235	O_X	9.8644	O_Y	0.173048	g_odom_x	0	g_odom_y	0
W_X	9.88264	W_Y	0.0618244	A	-2.90235	O_X	9.88488	O_Y	0.17201	g_odom_x	0	g_odom_y	0
W_X	9.92352	W_Y	0.0584251	A	-3.13427	O_X	9.92585	O_Y	0.169849	g_odom_x	0	g_odom_y	0
W_X	9.94415	W_Y	0.0577604	A	-3.13427	O_X	9.94633	O_Y	0.168728	g_odom_x	0	g_odom_y	0
W_X	9.96605	W_Y	0.0641492	A	-3.13427	O_X	9.96682	O_Y	0.167606	g_odom_x	0	g_odom_y	0
W_X	9.98683	W_Y	0.0642082	A	-3.13427	O_X	9.98731	O_Y	0.166484	g_odom_x	0	g_odom_y	0
W_X	9.98683	W_Y	0.0642082	A	-3.13427	O_X	9.98731	O_Y	0.166484	g_odom_x	0	g_odom_y	0
W_X	10.0277	W_Y	0.0607482	A	-3.13427	O_X	10.0283	O_Y	0.164241	g_odom_x	0	g_odom_y	0
W_X	10.0277	W_Y	0.0607482	A	-3.13427	O_X	10.0283	O_Y	0.164241	g_odom_x	0	g_odom_y	0
W_X	10.0686	W_Y	0.0572883	A	-3.13427	O_X	10.0692	O_Y	0.161998	g_odom_x	0	g_odom_y	0
W_X	10.0686	W_Y	0.0572883	A	-3.13427	O_X	10.0692	O_Y	0.161998	g_odom_x	0	g_odom_y	0
W_X	10.0686	W_Y	0.0572883	A	-3.13427	O_X	10.0692	O_Y	0.161998	g_odom_x	0	g_odom_y	0
W_X	10.089	W_Y	0.0555584	A	-3.35394	O_X	10.0897	O_Y	0.160876	g_odom_x	0	g_odom_y	0
W_X	10.089	W_Y	0.0555584	A	-3.35394	O_X	10.0897	O_Y	0.160876	g_odom_x	0	g_odom_y	0
W_X	10.1095	W_Y	0.0537501	A	-3.57361	O_X	10.1102	O_Y	0.159676	g_odom_x	0	g_odom_y	0
W_X	10.1706	W_Y	0.0466269	A	-3.75068	O_X	10.1716	O_Y	0.15584	g_odom_x	0	g_odom_y	0
W_X	10.1706	W_Y	0.0466269	A	-3.75068	O_X	10.1716	O_Y	0.15584	g_odom_x	0	g_odom_y	0
W_X	10.1706	W_Y	0.0466269	A	-3.75068	O_X	10.1716	O_Y	0.15584	g_odom_x	0	g_odom_y	0
W_X	10.1706	W_Y	0.0466269	A	-3.75068	O_X	10.1716	O_Y	0.15584	g_odom_x	0	g_odom_y	0
W_X	10.1706	W_Y	0.0466269	A	-3.75068	O_X	10.1716	O_Y	0.15584	g_odom_x	0	g_odom_y	0
W_X	10.1706	W_Y	0.0466269	A	-3.75068	O_X	10.1716	O_Y	0.15584	g_odom_x	0	g_odom_y	0
W_X	10.2112	W_Y	0.0410118	A	-3.75068	O_X	10.2126	O_Y	0.153157	g_odom_x	0	g_odom_y	0
W_X	10.2112	W_Y	0.0410118	A	-3.75068	O_X	10.2126	O_Y	0.153157	g_odom_x	0	g_odom_y	0
W_X	10.2112	W_Y	0.0410118	A	-3.75068	O_X	10.2126	O_Y	0.153157	g_odom_x	0	g_odom_y	0
W_X	10.2112	W_Y	0.0410118	A	-3.75068	O_X	10.2126	O_Y	0.153157	g_odom_x	0	g_odom_y	0
W_X	10.2112	W_Y	0.0410118	A	-3.75068	O_X	10.2126	O_Y	0.153157	g_odom_x	0	g_odom_y	0
W_X	10.4546	W_Y	0.013484	A	-4.21437	O_X	10.4581	O_Y	0.135564	g_odom_x	0	g_odom_y	0
W_X	10.4546	W_Y	0.013484	A	-4.21437	O_X	10.4581	O_Y	0.135564	g_odom_x	0	g_odom_y	0
W_X	10.4546	W_Y	0.013484	A	-4.21437	O_X	10.4581	O_Y	0.135564	g_odom_x	0	g_odom_y	0
W_X	10.4546	W_Y	0.013484	A	-4.21437	O_X	10.4581	O_Y	0.135564	g_odom_x	0	g_odom_y	0
W_X	10.5565	W_Y	0.00211621	A	-4.21437	O_X	10.5604	O_Y	0.128027	g_odom_x	0	g_odom_y	0
section	ahead	liner											
W_X	12.8166	W_Y	0.100653	A	19.5137	O_X	12.7836	O_Y	0.397615	g_odom_x	0	g_odom_y	0
section	ahead	liner											
section	Arc	ahead											
X	13.7237	Y	0.687171	A	12.241	g_odom_x	0	g_odom_y	0				
