W_X	0.0150908	W_Y	-0.0106332	A	0	O_X	0	O_Y	0	g_odom_x	0	g_odom_y	0
W_X	0.0150908	W_Y	-0.0106332	A	0	O_X	0	O_Y	0	g_odom_x	0	g_odom_y	0
W_X	0.0150908	W_Y	-0.0106332	A	0	O_X	0	O_Y	0	g_odom_x	0	g_odom_y	0
W_X	0.025347	W_Y	-0.0106695	A	0	O_X	0.0102562	O_Y	0	g_odom_x	0	g_odom_y	0
W_X	0.025347	W_Y	-0.0106695	A	0	O_X	0.0102562	O_Y	0	g_odom_x	0	g_odom_y	0
W_X	0.0464029	W_Y	-0.010744	A	1.55758	O_X	0.0313123	O_Y	0	g_odom_x	0	g_odom_y	0
W_X	0.0571948	W_Y	-0.0104888	A	0.735727	O_X	0.0421032	O_Y	0.000293421	g_odom_x	0	g_odom_y	0
W_X	0.0679892	W_Y	-0.0103884	A	-0.0861238	O_X	0.0528972	O_Y	0.000432033	g_odom_x	0	g_odom_y	0
W_X	0.0679892	W_Y	-0.0103884	A	-0.0861238	O_X	0.0528972	O_Y	0.000432033	g_odom_x	0	g_odom_y	0
W_X	0.100916	W_Y	-0.0107954	A	-1.30395	O_X	0.0858248	O_Y	0.000141612	g_odom_x	0	g_odom_y	0
W_X	0.112787	W_Y	-0.0111077	A	-0.890227	O_X	0.0976973	O_Y	-0.000128631	g_odom_x	0	g_odom_y	0
W_X	0.124661	W_Y	-0.0113342	A	-0.890227	O_X	0.109572	O_Y	-0.000313149	g_odom_x	0	g_odom_y	0
W_X	0.136537	W_Y	-0.0115608	A	-0.695601	O_X	0.121449	O_Y	-0.000497694	g_odom_x	0	g_odom_y	0
W_X	0.14895	W_Y	-0.0117555	A	-0.695601	O_X	0.133862	O_Y	-0.000648406	g_odom_x	0	g_odom_y	0
W_X	0.161362	W_Y	-0.0119501	A	-0.695601	O_X	0.146275	O_Y	-0.000799118	g_odom_x	0	g_odom_y	0
W_X	0.18727	W_Y	-0.0123564	A	-0.695601	O_X	0.172184	O_Y	-0.00111368	g_odom_x	0	g_odom_y	0
W_X	0.200225	W_Y	-0.0125595	A	-0.695601	O_X	0.18514	O_Y	-0.00127098	g_odom_x	0	g_odom_y	0
W_X	0.213179	W_Y	-0.0127627	A	-0.695601	O_X	0.198095	O_Y	-0.00142827	g_odom_x	0	g_odom_y	0
W_X	0.226674	W_Y	-0.0129743	A	-0.695601	O_X	0.21159	O_Y	-0.00159211	g_odom_x	0	g_odom_y	0
W_X	0.240706	W_Y	-0.0131943	A	-0.695601	O_X	0.225623	O_Y	-0.00176249	g_odom_x	0	g_odom_y	0
W_X	0.254732	W_Y	-0.0134143	A	-0.884407	O_X	0.239649	O_Y	-0.00193279	g_odom_x	0	g_odom_y	0
W_X	0.268757	W_Y	-0.0136805	A	-1.07321	O_X	0.253675	O_Y	-0.0021493	g_odom_x	0	g_odom_y	0
W_X	0.296818	W_Y	-0.0143055	A	-1.07321	O_X	0.281738	O_Y	-0.00267501	g_odom_x	0	g_odom_y	0
W_X	0.31139	W_Y	-0.0146301	A	-1.07321	O_X	0.296311	O_Y	-0.00294802	g_odom_x	0	g_odom_y	0
W_X	0.325962	W_Y	-0.0149547	A	-1.07321	O_X	0.310885	O_Y	-0.00322102	g_odom_x	0	g_odom_y	0
W_X	0.341068	W_Y	-0.0152912	A	-1.07321	O_X	0.325991	O_Y	-0.00350402	g_odom_x	0	g_odom_y	0
W_X	0.360653	W_Y	-0.0172457	A	-1.07321	O_X	0.341109	O_Y	-0.00378723	g_odom_x	0	g_odom_y	0
W_X	0.395327	W_Y	-0.0245839	A	-1.07321	O_X	0.356221	O_Y	-0.00407032	g_odom_x	0	g_odom_y	0
W_X	0.41461	W_Y	-0.0263085	A	-1.07321	O_X	0.371363	O_Y	-0.00435399	g_odom_x	0	g_odom_y	0
W_X	0.430234	W_Y	-0.0265559	A	-1.07321	O_X	0.386987	O_Y	-0.00464667	g_odom_x	0	g_odom_y	0
W_X	0.445887	W_Y	-0.0268037	A	-0.793413	O_X	0.402639	O_Y	-0.00493988	g_odom_x	0	g_odom_y	0
W_X	0.462078	W_Y	-0.026981	A	-1.0127	O_X	0.41883	O_Y	-0.0051641	g_odom_x	0	g_odom_y	0
W_X	0.478272	W_Y	-0.0272203	A	-0.757214	O_X	0.435022	O_Y	-0.00545033	g_odom_x	0	g_odom_y	0
W_X	0.494466	W_Y	-0.0273873	A	-0.757214	O_X	0.451216	O_Y	-0.00566435	g_odom_x	0	g_odom_y	0
W_X	0.527929	W_Y	-0.0277325	A	-0.757214	O_X	0.484678	O_Y	-0.00610661	g_odom_x	0	g_odom_y	0
W_X	0.544668	W_Y	-0.0279052	A	-0.404542	O_X	0.501417	O_Y	-0.00632784	g_odom_x	0	g_odom_y	0
W_X	0.561944	W_Y	-0.0279771	A	-0.404542	O_X	0.518692	O_Y	-0.00644982	g_odom_x	0	g_odom_y	0
W_X	0.579215	W_Y	-0.028049	A	-0.404542	O_X	0.535963	O_Y	-0.00657176	g_odom_x	0	g_odom_y	0
W_X	0.597031	W_Y	-0.0281231	A	-0.404542	O_X	0.553778	O_Y	-0.00669755	g_odom_x	0	g_odom_y	0
W_X	0.614845	W_Y	-0.0281972	A	-0.404542	O_X	0.571592	O_Y	-0.00682333	g_odom_x	0	g_odom_y	0
W_X	0.632664	W_Y	-0.0293447	A	-0.404542	O_X	0.589411	O_Y	-0.00694914	g_odom_x	0	g_odom_y	0
W_X	0.65048	W_Y	-0.031313	A	-0.404542	O_X	0.607231	O_Y	-0.00707496	g_odom_x	0	g_odom_y	0
W_X	0.687181	W_Y	-0.0313269	A	-0.404542	O_X	0.643931	O_Y	-0.00733409	g_odom_x	0	g_odom_y	0
W_X	0.705536	W_Y	-0.0313339	A	-0.404542	O_X	0.662285	O_Y	-0.00746368	g_odom_x	0	g_odom_y	0
W_X	0.72443	W_Y	-0.031341	A	-0.404542	O_X	0.681179	O_Y	-0.00759709	g_odom_x	0	g_odom_y	0
W_X	0.743324	W_Y	-0.0313482	A	-0.404542	O_X	0.700072	O_Y	-0.00773049	g_odom_x	0	g_odom_y	0
W_X	0.762757	W_Y	-0.0313556	A	-0.404542	O_X	0.719505	O_Y	-0.0078677	g_odom_x	0	g_odom_y	0
W_X	0.782187	W_Y	-0.0313629	A	-0.234321	O_X	0.738935	O_Y	-0.00800489	g_odom_x	0	g_odom_y	0
W_X	0.801618	W_Y	-0.0313126	A	-0.0640994	O_X	0.758365	O_Y	-0.00808435	g_odom_x	0	g_odom_y	0
W_X	0.841569	W_Y	-0.0310903	A	-0.0640994	O_X	0.798317	O_Y	-0.00812905	g_odom_x	0	g_odom_y	0
W_X	0.86154	W_Y	-0.0309792	A	0.191361	O_X	0.818289	O_Y	-0.00815139	g_odom_x	0	g_odom_y	0
W_X	0.88672	W_Y	-0.0298701	A	0.191361	O_X	0.838803	O_Y	-0.00808288	g_odom_x	0	g_odom_y	0
W_X	0.916033	W_Y	-0.0281639	A	0.355526	O_X	0.859316	O_Y	-0.00801436	g_odom_x	0	g_odom_y	0
W_X	0.936547	W_Y	-0.0281085	A	0.355526	O_X	0.87983	O_Y	-0.00788707	g_odom_x	0	g_odom_y	0
W_X	0.957059	W_Y	-0.0280531	A	0.355526	O_X	0.900341	O_Y	-0.00775979	g_odom_x	0	g_odom_y	0
W_X	0.97757	W_Y	-0.0279978	A	0.355526	O_X	0.920852	O_Y	-0.00763252	g_odom_x	0	g_odom_y	0
W_X	1.0186	W_Y	-0.027887	A	0.355526	O_X	0.961878	O_Y	-0.00737795	g_odom_x	0	g_odom_y	0
section	ahead	liner											
W_X	1.34044	W_Y	-0.0331692	A	0.172563	O_X	1.04392	O_Y	-0.00693429	g_odom_x	0	g_odom_y	0
W_X	1.34044	W_Y	-0.0331692	A	0.488809	O_X	1.26959	O_Y	-0.00614141	g_odom_x	0	g_odom_y	0
W_X	1.3935	W_Y	-0.0368289	A	0.488809	O_X	1.31061	O_Y	-0.0057914	g_odom_x	0	g_odom_y	0
W_X	1.414	W_Y	-0.0367829	A	0.488809	O_X	1.33111	O_Y	-0.0056165	g_odom_x	0	g_odom_y	0
W_X	1.43451	W_Y	-0.0367369	A	0.488809	O_X	1.35162	O_Y	-0.00544151	g_odom_x	0	g_odom_y	0
W_X	1.45503	W_Y	-0.0366909	A	0.488809	O_X	1.37213	O_Y	-0.00526653	g_odom_x	0	g_odom_y	0
W_X	1.49605	W_Y	-0.0365988	A	0.488809	O_X	1.41316	O_Y	-0.00491651	g_odom_x	0	g_odom_y	0
W_X	1.51657	W_Y	-0.0365528	A	0.488809	O_X	1.43367	O_Y	-0.0047415	g_odom_x	0	g_odom_y	0
W_X	1.53708	W_Y	-0.0365068	A	0.726026	O_X	1.45419	O_Y	-0.0045665	g_odom_x	0	g_odom_y	0
W_X	1.55759	W_Y	-0.0363758	A	0.726026	O_X	1.4747	O_Y	-0.00430658	g_odom_x	0	g_odom_y	0
W_X	1.58105	W_Y	-0.0238455	A	0.932807	O_X	1.49521	O_Y	-0.00404664	g_odom_x	0	g_odom_y	0
W_X	1.60596	W_Y	-0.00440286	A	0.932807	O_X	1.51572	O_Y	-0.00371271	g_odom_x	0	g_odom_y	0
W_X	1.62647	W_Y	-0.003892	A	0.932807	O_X	1.53623	O_Y	-0.00337878	g_odom_x	0	g_odom_y	0
W_X	1.66748	W_Y	-0.00287013	A	0.932807	O_X	1.57725	O_Y	-0.00271083	g_odom_x	0	g_odom_y	0
W_X	1.68799	W_Y	-0.00235923	A	1.12131	O_X	1.59776	O_Y	-0.00237689	g_odom_x	0	g_odom_y	0
W_X	1.70849	W_Y	-0.00178093	A	1.12131	O_X	1.61827	O_Y	-0.0019755	g_odom_x	0	g_odom_y	0
W_X	1.729	W_Y	-0.0012025	A	1.12131	O_X	1.63878	O_Y	-0.00157403	g_odom_x	0	g_odom_y	0
W_X	1.7495	W_Y	-0.000624134	A	1.12131	O_X	1.65929	O_Y	-0.0011726	g_odom_x	0	g_odom_y	0
W_X	1.77	W_Y	-4.59849E-05	A	1.12131	O_X	1.67979	O_Y	-0.000771323	g_odom_x	0	g_odom_y	0
W_X	1.79051	W_Y	0.000532604	A	1.12131	O_X	1.70031	O_Y	-0.00036974	g_odom_x	0	g_odom_y	0
W_X	1.81041	W_Y	0.0135795	A	1.12131	O_X	1.72082	O_Y	3.16827E-05	g_odom_x	0	g_odom_y	0
W_X	1.8306	W_Y	0.020567	A	1.12131	O_X	1.74133	O_Y	0.000433105	g_odom_x	0	g_odom_y	0
W_X	1.87159	W_Y	0.0219754	A	1.12131	O_X	1.78234	O_Y	0.00123584	g_odom_x	0	g_odom_y	0
W_X	1.8921	W_Y	0.0226798	A	0.853265	O_X	1.80285	O_Y	0.0016373	g_odom_x	0	g_odom_y	0
W_X	1.9126	W_Y	0.0232881	A	0.853265	O_X	1.82336	O_Y	0.00194276	g_odom_x	0	g_odom_y	0
W_X	1.9331	W_Y	0.0238965	A	0.853265	O_X	1.84387	O_Y	0.00224823	g_odom_x	0	g_odom_y	0
W_X	1.95362	W_Y	0.0245051	A	0.463404	O_X	1.86439	O_Y	0.00255384	g_odom_x	0	g_odom_y	0
W_X	1.97413	W_Y	0.024974	A	0.463404	O_X	1.8849	O_Y	0.00271975	g_odom_x	0	g_odom_y	0
W_X	1.99463	W_Y	0.0254428	A	0.463404	O_X	1.90541	O_Y	0.00288566	g_odom_x	0	g_odom_y	0
W_X	2.0111	W_Y	0.0269153	A	0.463404	O_X	1.92593	O_Y	0.00305156	g_odom_x	0	g_odom_y	0
W_X	2.01862	W_Y	0.0306362	A	0.706706	O_X	1.94644	O_Y	0.00321747	g_odom_x	0	g_odom_y	0
W_X	2.03838	W_Y	0.0314068	A	0.706706	O_X	1.96695	O_Y	0.00347046	g_odom_x	0	g_odom_y	0
W_X	2.05889	W_Y	0.0319918	A	0.706706	O_X	1.98746	O_Y	0.00372345	g_odom_x	0	g_odom_y	0
W_X	2.0999	W_Y	0.0331617	A	0.706706	O_X	2.02848	O_Y	0.0042295	g_odom_x	0	g_odom_y	0
W_X	2.1204	W_Y	0.0337467	A	0.706706	O_X	2.049	O_Y	0.00448252	g_odom_x	0	g_odom_y	0
W_X	2.14091	W_Y	0.0343317	A	0.706706	O_X	2.06951	O_Y	0.00473556	g_odom_x	0	g_odom_y	0
W_X	2.16141	W_Y	0.0349166	A	0.706706	O_X	2.09002	O_Y	0.00498854	g_odom_x	0	g_odom_y	0
W_X	2.18192	W_Y	0.0355016	A	0.706706	O_X	2.11053	O_Y	0.00524155	g_odom_x	0	g_odom_y	0
W_X	2.20242	W_Y	0.0360865	A	0.706706	O_X	2.13104	O_Y	0.00549456	g_odom_x	0	g_odom_y	0
W_X	2.23849	W_Y	0.0423036	A	0.706706	O_X	2.17206	O_Y	0.00600048	g_odom_x	0	g_odom_y	0
W_X	2.25385	W_Y	0.0482887	A	0.304625	O_X	2.19258	O_Y	0.00625362	g_odom_x	0	g_odom_y	0
W_X	2.27435	W_Y	0.0489029	A	0.304625	O_X	2.21309	O_Y	0.00636268	g_odom_x	0	g_odom_y	0
W_X	2.29485	W_Y	0.0495171	A	0.103572	O_X	2.23361	O_Y	0.00647175	g_odom_x	0	g_odom_y	0
W_X	2.31536	W_Y	0.0500593	A	0.103572	O_X	2.25412	O_Y	0.00650882	g_odom_x	0	g_odom_y	0
W_X	2.33587	W_Y	0.0506016	A	0.103572	O_X	2.27463	O_Y	0.00654591	g_odom_x	0	g_odom_y	0
W_X	2.35637	W_Y	0.0511438	A	0.103572	O_X	2.29515	O_Y	0.00658299	g_odom_x	0	g_odom_y	0
W_X	2.39739	W_Y	0.0522283	A	0.103572	O_X	2.33617	O_Y	0.00665715	g_odom_x	0	g_odom_y	0
W_X	2.41789	W_Y	0.0527705	A	0.103572	O_X	2.35669	O_Y	0.00669423	g_odom_x	0	g_odom_y	0
W_X	2.43753	W_Y	0.0535792	A	0.103572	O_X	2.3772	O_Y	0.00673131	g_odom_x	0	g_odom_y	0
W_X	2.4306	W_Y	0.062616	A	0.103572	O_X	2.39771	O_Y	0.00676839	g_odom_x	0	g_odom_y	0
W_X	2.44183	W_Y	0.0661094	A	0.103572	O_X	2.41823	O_Y	0.00680548	g_odom_x	0	g_odom_y	0
W_X	2.46234	W_Y	0.0667348	A	0.103572	O_X	2.43874	O_Y	0.00684256	g_odom_x	0	g_odom_y	0
W_X	2.48284	W_Y	0.0673601	A	0.103572	O_X	2.45925	O_Y	0.00687963	g_odom_x	0	g_odom_y	0
W_X	2.50336	W_Y	0.067986	A	0.103572	O_X	2.47978	O_Y	0.00691675	g_odom_x	0	g_odom_y	0
W_X	2.52386	W_Y	0.0686114	A	-0.0670436	O_X	2.50029	O_Y	0.00695383	g_odom_x	0	g_odom_y	0
W_X	2.54437	W_Y	0.0691758	A	-0.0670436	O_X	2.52081	O_Y	0.00692982	g_odom_x	0	g_odom_y	0
W_X	2.56488	W_Y	0.0697401	A	-0.0670436	O_X	2.54132	O_Y	0.00690582	g_odom_x	0	g_odom_y	0
W_X	2.58538	W_Y	0.0703044	A	-0.0670436	O_X	2.56183	O_Y	0.00688181	g_odom_x	0	g_odom_y	0
W_X	2.59922	W_Y	0.0691899	A	-0.0670436	O_X	2.58235	O_Y	0.00685781	g_odom_x	0	g_odom_y	0
W_X	2.62515	W_Y	0.066447	A	-0.0670436	O_X	2.62337	O_Y	0.00680981	g_odom_x	0	g_odom_y	0
W_X	2.64566	W_Y	0.066974	A	-0.0670436	O_X	2.64389	O_Y	0.0067858	g_odom_x	0	g_odom_y	0
W_X	2.66615	W_Y	0.0675004	A	-0.0670436	O_X	2.66439	O_Y	0.00676182	g_odom_x	0	g_odom_y	0
W_X	2.68666	W_Y	0.0680272	A	-0.0670436	O_X	2.6849	O_Y	0.00673781	g_odom_x	0	g_odom_y	0
W_X	2.70717	W_Y	0.068554	A	-0.0670436	O_X	2.70541	O_Y	0.00671381	g_odom_x	0	g_odom_y	0
W_X	2.72767	W_Y	0.0690808	A	-0.0670436	O_X	2.72593	O_Y	0.00668981	g_odom_x	0	g_odom_y	0
W_X	2.74818	W_Y	0.0696076	A	-0.0670436	O_X	2.74644	O_Y	0.0066658	g_odom_x	0	g_odom_y	0
W_X	2.78919	W_Y	0.0706611	A	-0.0670436	O_X	2.78747	O_Y	0.00661779	g_odom_x	0	g_odom_y	0
W_X	2.80969	W_Y	0.0711878	A	-0.310627	O_X	2.80797	O_Y	0.0065938	g_odom_x	0	g_odom_y	0
W_X	2.82687	W_Y	0.0797972	A	-0.310627	O_X	2.82849	O_Y	0.00648256	g_odom_x	0	g_odom_y	0
W_X	2.84446	W_Y	0.0874485	A	-0.584726	O_X	2.84901	O_Y	0.00637134	g_odom_x	0	g_odom_y	0
W_X	2.86496	W_Y	0.087942	A	-0.584726	O_X	2.86952	O_Y	0.006162	g_odom_x	0	g_odom_y	0
W_X	2.88547	W_Y	0.0884355	A	-0.773606	O_X	2.89003	O_Y	0.00595266	g_odom_x	0	g_odom_y	0
W_X	2.90598	W_Y	0.0888614	A	-0.962486	O_X	2.91054	O_Y	0.0056757	g_odom_x	0	g_odom_y	0
W_X	2.947	W_Y	0.089578	A	-0.962486	O_X	2.95156	O_Y	0.00498655	g_odom_x	0	g_odom_y	0
W_X	2.96751	W_Y	0.0899363	A	-1.26702	O_X	2.97207	O_Y	0.00464197	g_odom_x	0	g_odom_y	0
W_X	2.98802	W_Y	0.0901856	A	-1.26702	O_X	2.99258	O_Y	0.00418837	g_odom_x	0	g_odom_y	0
W_X	3.00854	W_Y	0.0904349	A	-1.602	O_X	3.01309	O_Y	0.00373476	g_odom_x	0	g_odom_y	0
W_X	3.02865	W_Y	0.0900005	A	-1.602	O_X	3.03359	O_Y	0.0031613	g_odom_x	0	g_odom_y	0
W_X	3.04651	W_Y	0.0863046	A	-1.602	O_X	3.0541	O_Y	0.00258779	g_odom_x	0	g_odom_y	0
W_X	3.06644	W_Y	0.0855683	A	-1.602	O_X	3.0746	O_Y	0.00201455	g_odom_x	0	g_odom_y	0
W_X	3.08695	W_Y	0.0856465	A	-1.602	O_X	3.09509	O_Y	0.00144132	g_odom_x	0	g_odom_y	0
W_X	3.12797	W_Y	0.0858029	A	-1.78485	O_X	3.1361	O_Y	0.000294339	g_odom_x	0	g_odom_y	0
W_X	3.14849	W_Y	0.0858157	A	-1.78485	O_X	3.15661	O_Y	-0.000344581	g_odom_x	0	g_odom_y	0
W_X	3.169	W_Y	0.0858284	A	-1.97373	O_X	3.17711	O_Y	-0.000983473	g_odom_x	0	g_odom_y	0
W_X	3.18951	W_Y	0.0857736	A	-1.97373	O_X	3.19761	O_Y	-0.00168998	g_odom_x	0	g_odom_y	0
W_X	3.21003	W_Y	0.0857187	A	-1.97373	O_X	3.21811	O_Y	-0.0023965	g_odom_x	0	g_odom_y	0
W_X	3.23055	W_Y	0.0856638	A	-1.97373	O_X	3.23862	O_Y	-0.00310328	g_odom_x	0	g_odom_y	0
W_X	3.25014	W_Y	0.081756	A	-2.19304	O_X	3.25912	O_Y	-0.00380979	g_odom_x	0	g_odom_y	0
W_X	3.26928	W_Y	0.0758481	A	-2.19304	O_X	3.27962	O_Y	-0.00459477	g_odom_x	0	g_odom_y	0
W_X	3.28979	W_Y	0.0756902	A	-2.49759	O_X	3.30012	O_Y	-0.00537982	g_odom_x	0	g_odom_y	0
W_X	3.3103	W_Y	0.0754232	A	-2.49759	O_X	3.32062	O_Y	-0.00627372	g_odom_x	0	g_odom_y	0
W_X	3.33081	W_Y	0.0751563	A	-2.77168	O_X	3.34111	O_Y	-0.00716755	g_odom_x	0	g_odom_y	0
W_X	3.35132	W_Y	0.0747913	A	-3.04577	O_X	3.3616	O_Y	-0.0081594	g_odom_x	0	g_odom_y	0
W_X	3.39234	W_Y	0.073865	A	-3.04577	O_X	3.40256	O_Y	-0.0103392	g_odom_x	0	g_odom_y	0
W_X	3.41285	W_Y	0.0734019	A	-3.20421	O_X	3.42305	O_Y	-0.0114292	g_odom_x	0	g_odom_y	0
W_X	3.43335	W_Y	0.072882	A	-3.20421	O_X	3.44353	O_Y	-0.0125759	g_odom_x	0	g_odom_y	0
W_X	3.45386	W_Y	0.0723621	A	-3.20421	O_X	3.46401	O_Y	-0.0137225	g_odom_x	0	g_odom_y	0
W_X	3.47559	W_Y	0.076713	A	-3.40526	O_X	3.48449	O_Y	-0.014869	g_odom_x	0	g_odom_y	0
W_X	3.49674	W_Y	0.0786592	A	-3.24718	O_X	3.50497	O_Y	-0.0160874	g_odom_x	0	g_odom_y	0
W_X	3.51725	W_Y	0.0781045	A	-3.0891	O_X	3.52545	O_Y	-0.0172494	g_odom_x	0	g_odom_y	0
W_X	3.55828	W_Y	0.0771077	A	-3.60094	O_X	3.56643	O_Y	-0.0194612	g_odom_x	0	g_odom_y	0
W_X	3.57878	W_Y	0.0764264	A	-3.60094	O_X	3.5869	O_Y	-0.0207494	g_odom_x	0	g_odom_y	0
W_X	3.59928	W_Y	0.0757451	A	-3.60094	O_X	3.60738	O_Y	-0.0220379	g_odom_x	0	g_odom_y	0
W_X	3.61978	W_Y	0.0750636	A	-3.76549	O_X	3.62785	O_Y	-0.0233264	g_odom_x	0	g_odom_y	0
W_X	3.64028	W_Y	0.0743234	A	-3.9361	O_X	3.64832	O_Y	-0.0246735	g_odom_x	0	g_odom_y	0
W_X	3.66079	W_Y	0.0735216	A	-4.11291	O_X	3.6688	O_Y	-0.0260825	g_odom_x	0	g_odom_y	0
W_X	3.68146	W_Y	0.0719997	A	-4.28972	O_X	3.68927	O_Y	-0.0275547	g_odom_x	0	g_odom_y	0
W_X	3.72302	W_Y	0.0674391	A	-4.28972	O_X	3.73017	O_Y	-0.0306224	g_odom_x	0	g_odom_y	0
W_X	3.74357	W_Y	0.0661752	A	-4.28972	O_X	3.75062	O_Y	-0.0321567	g_odom_x	0	g_odom_y	0
W_X	3.76404	W_Y	0.0651703	A	-4.28972	O_X	3.77107	O_Y	-0.0336901	g_odom_x	0	g_odom_y	0
W_X	3.78452	W_Y	0.0641653	A	-4.28972	O_X	3.79151	O_Y	-0.0352238	g_odom_x	0	g_odom_y	0
W_X	3.80501	W_Y	0.0631598	A	-4.28972	O_X	3.81197	O_Y	-0.0367582	g_odom_x	0	g_odom_y	0
W_X	3.8255	W_Y	0.0621542	A	-4.28972	O_X	3.83243	O_Y	-0.0382926	g_odom_x	0	g_odom_y	0
W_X	3.846	W_Y	0.0611483	A	-4.28972	O_X	3.85289	O_Y	-0.0398276	g_odom_x	0	g_odom_y	0
W_X	3.86648	W_Y	0.0601428	A	-4.28972	O_X	3.87335	O_Y	-0.041362	g_odom_x	0	g_odom_y	0
W_X	3.88697	W_Y	0.0591373	A	-4.28972	O_X	3.8938	O_Y	-0.0428964	g_odom_x	0	g_odom_y	0
W_X	3.90634	W_Y	0.0583733	A	-4.46642	O_X	3.91426	O_Y	-0.0444308	g_odom_x	0	g_odom_y	0
W_X	3.92544	W_Y	0.057534	A	-4.46642	O_X	3.93471	O_Y	-0.0460282	g_odom_x	0	g_odom_y	0
W_X	3.94592	W_Y	0.0564007	A	-4.46642	O_X	3.95516	O_Y	-0.0476257	g_odom_x	0	g_odom_y	0
W_X	3.9664	W_Y	0.0552675	A	-4.46642	O_X	3.97561	O_Y	-0.0492231	g_odom_x	0	g_odom_y	0
W_X	4.00737	W_Y	0.0530008	A	-4.79549	O_X	4.01651	O_Y	-0.0524182	g_odom_x	0	g_odom_y	0
W_X	4.02784	W_Y	0.0517499	A	-4.79549	O_X	4.03696	O_Y	-0.0541331	g_odom_x	0	g_odom_y	0
W_X	4.04832	W_Y	0.0504988	A	-4.79549	O_X	4.0574	O_Y	-0.0558483	g_odom_x	0	g_odom_y	0
W_X	4.04832	W_Y	0.0504988	A	-4.79549	O_X	4.0574	O_Y	-0.0558483	g_odom_x	0	g_odom_y	0
W_X	4.08926	W_Y	0.0479974	A	-4.79549	O_X	4.09828	O_Y	-0.0592776	g_odom_x	0	g_odom_y	0
W_X	4.10975	W_Y	0.046466	A	-4.79549	O_X	4.11872	O_Y	-0.0609927	g_odom_x	0	g_odom_y	0
W_X	4.13037	W_Y	0.0410428	A	-4.79549	O_X	4.13916	O_Y	-0.0627077	g_odom_x	0	g_odom_y	0
W_X	4.17135	W_Y	0.0372342	A	-4.79549	O_X	4.18005	O_Y	-0.0661375	g_odom_x	0	g_odom_y	0
W_X	4.19183	W_Y	0.0359573	A	-4.79549	O_X	4.20049	O_Y	-0.0678524	g_odom_x	0	g_odom_y	0
W_X	4.19183	W_Y	0.0359573	A	-4.79549	O_X	4.20049	O_Y	-0.0678524	g_odom_x	0	g_odom_y	0
W_X	4.23277	W_Y	0.0334034	A	-4.79549	O_X	4.24137	O_Y	-0.0712822	g_odom_x	0	g_odom_y	0
W_X	4.25325	W_Y	0.0321264	A	-4.79549	O_X	4.26181	O_Y	-0.0729971	g_odom_x	0	g_odom_y	0
W_X	4.25325	W_Y	0.0321264	A	-4.79549	O_X	4.26181	O_Y	-0.0729971	g_odom_x	0	g_odom_y	0
W_X	4.2942	W_Y	0.0296747	A	-4.22371	O_X	4.3027	O_Y	-0.0763248	g_odom_x	0	g_odom_y	0
W_X	4.33517	W_Y	0.0275294	A	-3.85884	O_X	4.34362	O_Y	-0.0793466	g_odom_x	0	g_odom_y	0
W_X	4.35674	W_Y	0.0233686	A	-3.85884	O_X	4.36409	O_Y	-0.0807271	g_odom_x	0	g_odom_y	0
W_X	4.38	W_Y	0.0139688	A	-3.63989	O_X	4.38455	O_Y	-0.0821076	g_odom_x	0	g_odom_y	0
W_X	4.40049	W_Y	0.0130202	A	-3.63989	O_X	4.40503	O_Y	-0.0834099	g_odom_x	0	g_odom_y	0
W_X	4.42098	W_Y	0.0120717	A	-3.43313	O_X	4.4255	O_Y	-0.0847121	g_odom_x	0	g_odom_y	0
W_X	4.44148	W_Y	0.0111971	A	-3.43313	O_X	4.44597	O_Y	-0.0859405	g_odom_x	0	g_odom_y	0
W_X	4.46197	W_Y	0.0103225	A	-3.43313	O_X	4.46645	O_Y	-0.0871689	g_odom_x	0	g_odom_y	0
W_X	4.46197	W_Y	0.0103225	A	-3.43313	O_X	4.46645	O_Y	-0.0871689	g_odom_x	0	g_odom_y	0
W_X	4.52345	W_Y	0.00769886	A	-3.43313	O_X	4.52787	O_Y	-0.0908539	g_odom_x	0	g_odom_y	0
W_X	4.54403	W_Y	0.00647413	A	-3.22638	O_X	4.54835	O_Y	-0.0920821	g_odom_x	0	g_odom_y	0
W_X	4.54403	W_Y	0.00647413	A	-3.22638	O_X	4.54835	O_Y	-0.0920821	g_odom_x	0	g_odom_y	0
W_X	4.58573	W_Y	0.00172892	A	-3.43351	O_X	4.58931	O_Y	-0.0944652	g_odom_x	0	g_odom_y	0
W_X	4.60622	W_Y	0.000818842	A	-3.43351	O_X	4.60978	O_Y	-0.0956938	g_odom_x	0	g_odom_y	0
W_X	4.62672	W_Y	-9.15446E-05	A	-3.09306	O_X	4.63027	O_Y	-0.0969228	g_odom_x	0	g_odom_y	0
W_X	4.64722	W_Y	-0.000879877	A	-3.09306	O_X	4.65075	O_Y	-0.0980297	g_odom_x	0	g_odom_y	0
W_X	4.66774	W_Y	-0.00166869	A	-3.09306	O_X	4.67125	O_Y	-0.0991374	g_odom_x	0	g_odom_y	0
W_X	4.68823	W_Y	-0.00245692	A	-3.09306	O_X	4.69173	O_Y	-0.100244	g_odom_x	0	g_odom_y	0
W_X	4.70873	W_Y	-0.00324525	A	-3.09306	O_X	4.71222	O_Y	-0.101351	g_odom_x	0	g_odom_y	0
W_X	4.72923	W_Y	-0.00403357	A	-3.09306	O_X	4.7327	O_Y	-0.102458	g_odom_x	0	g_odom_y	0
W_X	4.76997	W_Y	-0.0117714	A	-3.09306	O_X	4.77365	O_Y	-0.104671	g_odom_x	0	g_odom_y	0
W_X	4.79009	W_Y	-0.0218935	A	-3.09306	O_X	4.79415	O_Y	-0.105779	g_odom_x	0	g_odom_y	0
W_X	4.81059	W_Y	-0.0227331	A	-3.09306	O_X	4.81464	O_Y	-0.106886	g_odom_x	0	g_odom_y	0
W_X	4.83108	W_Y	-0.0235725	A	-3.09306	O_X	4.83512	O_Y	-0.107992	g_odom_x	0	g_odom_y	0
W_X	4.85157	W_Y	-0.0244118	A	-3.09306	O_X	4.8556	O_Y	-0.109099	g_odom_x	0	g_odom_y	0
W_X	4.87207	W_Y	-0.0252513	A	-3.09306	O_X	4.87608	O_Y	-0.110206	g_odom_x	0	g_odom_y	0
W_X	4.89257	W_Y	-0.0260907	A	-2.81928	O_X	4.89657	O_Y	-0.111313	g_odom_x	0	g_odom_y	0
W_X	4.93356	W_Y	-0.0275733	A	-2.54549	O_X	4.93753	O_Y	-0.11333	g_odom_x	0	g_odom_y	0
W_X	4.95407	W_Y	-0.0282172	A	-2.54549	O_X	4.95804	O_Y	-0.114242	g_odom_x	0	g_odom_y	0
W_X	4.97458	W_Y	-0.0288608	A	-2.32651	O_X	4.97853	O_Y	-0.115153	g_odom_x	0	g_odom_y	0
W_X	4.99536	W_Y	-0.0346319	A	-2.32651	O_X	4.99903	O_Y	-0.115986	g_odom_x	0	g_odom_y	0
W_X	5.01604	W_Y	-0.0385178	A	-2.32651	O_X	5.01952	O_Y	-0.116818	g_odom_x	0	g_odom_y	0
W_X	5.03654	W_Y	-0.0391418	A	-2.1319	O_X	5.04002	O_Y	-0.117651	g_odom_x	0	g_odom_y	0
W_X	5.05705	W_Y	-0.0396961	A	-1.93729	O_X	5.06052	O_Y	-0.118414	g_odom_x	0	g_odom_y	0
W_X	5.09806	W_Y	-0.0406653	A	-2.3759	O_X	5.10152	O_Y	-0.119801	g_odom_x	0	g_odom_y	0
W_X	5.11857	W_Y	-0.0413069	A	-2.3759	O_X	5.12202	O_Y	-0.120651	g_odom_x	0	g_odom_y	0
W_X	5.13907	W_Y	-0.0419485	A	-2.3759	O_X	5.14252	O_Y	-0.121502	g_odom_x	0	g_odom_y	0
W_X	5.15957	W_Y	-0.0425902	A	-2.3759	O_X	5.16301	O_Y	-0.122352	g_odom_x	0	g_odom_y	0
W_X	5.18006	W_Y	-0.0432313	A	-2.3759	O_X	5.18349	O_Y	-0.123202	g_odom_x	0	g_odom_y	0
W_X	5.20039	W_Y	-0.0453459	A	-2.3759	O_X	5.20399	O_Y	-0.124053	g_odom_x	0	g_odom_y	0
W_X	5.22	W_Y	-0.0530422	A	-2.3759	O_X	5.22449	O_Y	-0.124903	g_odom_x	0	g_odom_y	0
W_X	5.24038	W_Y	-0.054856	A	-2.3759	O_X	5.245	O_Y	-0.125754	g_odom_x	0	g_odom_y	0
W_X	5.26088	W_Y	-0.0555518	A	-2.3759	O_X	5.26549	O_Y	-0.126604	g_odom_x	0	g_odom_y	0
W_X	5.28139	W_Y	-0.0562482	A	-2.3759	O_X	5.286	O_Y	-0.127455	g_odom_x	0	g_odom_y	0
W_X	5.30189	W_Y	-0.0569441	A	-2.3759	O_X	5.30649	O_Y	-0.128305	g_odom_x	0	g_odom_y	0
W_X	5.32238	W_Y	-0.0576396	A	-2.21793	O_X	5.32698	O_Y	-0.129155	g_odom_x	0	g_odom_y	0
W_X	5.34287	W_Y	-0.0582786	A	-2.21793	O_X	5.34746	O_Y	-0.129949	g_odom_x	0	g_odom_y	0
W_X	5.38386	W_Y	-0.059557	A	-2.21793	O_X	5.38844	O_Y	-0.131536	g_odom_x	0	g_odom_y	0
W_X	5.42705	W_Y	-0.0615948	A	-1.9928	O_X	5.42945	O_Y	-0.133124	g_odom_x	0	g_odom_y	0
W_X	5.42705	W_Y	-0.0615948	A	-1.9928	O_X	5.42945	O_Y	-0.133124	g_odom_x	0	g_odom_y	0
W_X	5.45022	W_Y	-0.0630999	A	-1.9928	O_X	5.44996	O_Y	-0.133838	g_odom_x	0	g_odom_y	0
W_X	5.49123	W_Y	-0.0641897	A	-1.83473	O_X	5.49095	O_Y	-0.135207	g_odom_x	0	g_odom_y	0
W_X	5.49123	W_Y	-0.0641897	A	-1.83473	O_X	5.49095	O_Y	-0.135207	g_odom_x	0	g_odom_y	0
W_X	5.51173	W_Y	-0.0647062	A	-1.83473	O_X	5.51145	O_Y	-0.135864	g_odom_x	0	g_odom_y	0
W_X	5.55275	W_Y	-0.0657398	A	-1.83473	O_X	5.55246	O_Y	-0.137178	g_odom_x	0	g_odom_y	0
W_X	5.57325	W_Y	-0.0662564	A	-1.83473	O_X	5.57296	O_Y	-0.137834	g_odom_x	0	g_odom_y	0
W_X	5.59376	W_Y	-0.0667731	A	-1.83473	O_X	5.59347	O_Y	-0.138491	g_odom_x	0	g_odom_y	0
W_X	5.63478	W_Y	-0.0678455	A	-1.83473	O_X	5.63447	O_Y	-0.139805	g_odom_x	0	g_odom_y	0
W_X	5.63478	W_Y	-0.0678455	A	-1.83473	O_X	5.63447	O_Y	-0.139805	g_odom_x	0	g_odom_y	0
W_X	5.67723	W_Y	-0.0775086	A	-1.35942	O_X	5.67556	O_Y	-0.141036	g_odom_x	0	g_odom_y	0
W_X	5.67723	W_Y	-0.0775086	A	-1.35942	O_X	5.67556	O_Y	-0.141036	g_odom_x	0	g_odom_y	0
W_X	5.71819	W_Y	-0.0782924	A	-1.35942	O_X	5.71652	O_Y	-0.142008	g_odom_x	0	g_odom_y	0
W_X	5.75921	W_Y	-0.0790118	A	-1.17699	O_X	5.75754	O_Y	-0.142916	g_odom_x	0	g_odom_y	0
W_X	5.77972	W_Y	-0.0793389	A	-0.939783	O_X	5.77804	O_Y	-0.143337	g_odom_x	0	g_odom_y	0
W_X	5.80023	W_Y	-0.0795811	A	-0.939783	O_X	5.79856	O_Y	-0.143673	g_odom_x	0	g_odom_y	0
W_X	5.82076	W_Y	-0.0798234	A	-0.939783	O_X	5.81908	O_Y	-0.14401	g_odom_x	0	g_odom_y	0
W_X	5.82076	W_Y	-0.0798234	A	-0.939783	O_X	5.81908	O_Y	-0.14401	g_odom_x	0	g_odom_y	0
W_X	5.8832	W_Y	-0.0815431	A	-0.538409	O_X	5.88062	O_Y	-0.14502	g_odom_x	0	g_odom_y	0
W_X	5.90581	W_Y	-0.0840445	A	-0.538409	O_X	5.90112	O_Y	-0.145212	g_odom_x	0	g_odom_y	0
W_X	5.92633	W_Y	-0.0841891	A	-0.538409	O_X	5.92164	O_Y	-0.145405	g_odom_x	0	g_odom_y	0
W_X	5.94683	W_Y	-0.0843335	A	-0.538409	O_X	5.94214	O_Y	-0.145598	g_odom_x	0	g_odom_y	0
W_X	5.96734	W_Y	-0.084478	A	-0.538409	O_X	5.96265	O_Y	-0.145791	g_odom_x	0	g_odom_y	0
W_X	5.98785	W_Y	-0.0846226	A	-0.538409	O_X	5.98316	O_Y	-0.145983	g_odom_x	0	g_odom_y	0
W_X	6.00838	W_Y	-0.0847672	A	-0.538409	O_X	6.00369	O_Y	-0.146176	g_odom_x	0	g_odom_y	0
W_X	6.02889	W_Y	-0.0849117	A	-0.362079	O_X	6.0242	O_Y	-0.146369	g_odom_x	0	g_odom_y	0
W_X	6.0494	W_Y	-0.0849931	A	-0.124865	O_X	6.04471	O_Y	-0.146499	g_odom_x	0	g_odom_y	0
W_X	6.0494	W_Y	-0.0849931	A	-0.124865	O_X	6.04471	O_Y	-0.146499	g_odom_x	0	g_odom_y	0
W_X	6.06991	W_Y	-0.0849895	A	-0.124865	O_X	6.06522	O_Y	-0.146543	g_odom_x	0	g_odom_y	0
W_X	6.11156	W_Y	-0.0926544	A	0.355743	O_X	6.10625	O_Y	-0.146541	g_odom_x	0	g_odom_y	0
W_X	6.11156	W_Y	-0.0926544	A	0.355743	O_X	6.10625	O_Y	-0.146541	g_odom_x	0	g_odom_y	0
W_X	6.1731	W_Y	-0.0921053	A	0.58078	O_X	6.16779	O_Y	-0.145998	g_odom_x	0	g_odom_y	0
W_X	6.19361	W_Y	-0.0918955	A	0.897102	O_X	6.1883	O_Y	-0.14579	g_odom_x	0	g_odom_y	0
W_X	6.21412	W_Y	-0.0915724	A	0.897102	O_X	6.20881	O_Y	-0.145469	g_odom_x	0	g_odom_y	0
W_X	6.23463	W_Y	-0.0912493	A	0.897102	O_X	6.22932	O_Y	-0.145148	g_odom_x	0	g_odom_y	0
W_X	6.25514	W_Y	-0.0909262	A	1.12216	O_X	6.24984	O_Y	-0.144826	g_odom_x	0	g_odom_y	0
W_X	6.27564	W_Y	-0.0905227	A	1.12216	O_X	6.27034	O_Y	-0.144425	g_odom_x	0	g_odom_y	0
W_X	6.29614	W_Y	-0.0901192	A	1.12216	O_X	6.29084	O_Y	-0.144023	g_odom_x	0	g_odom_y	0
W_X	6.33717	W_Y	-0.0893117	A	1.48708	O_X	6.33186	O_Y	-0.14322	g_odom_x	0	g_odom_y	0
W_X	6.35841	W_Y	-0.0931206	A	1.48708	O_X	6.35237	O_Y	-0.142687	g_odom_x	0	g_odom_y	0
W_X	6.37939	W_Y	-0.095547	A	1.48708	O_X	6.37287	O_Y	-0.142155	g_odom_x	0	g_odom_y	0
W_X	6.3999	W_Y	-0.0950912	A	1.48708	O_X	6.39338	O_Y	-0.141623	g_odom_x	0	g_odom_y	0
W_X	6.42041	W_Y	-0.0946353	A	1.66952	O_X	6.41389	O_Y	-0.14109	g_odom_x	0	g_odom_y	0
W_X	6.44092	W_Y	-0.0941142	A	1.66952	O_X	6.43439	O_Y	-0.140493	g_odom_x	0	g_odom_y	0
W_X	6.46142	W_Y	-0.0935931	A	1.66952	O_X	6.4549	O_Y	-0.139895	g_odom_x	0	g_odom_y	0
W_X	6.50244	W_Y	-0.0925509	A	2.03437	O_X	6.49591	O_Y	-0.1387	g_odom_x	0	g_odom_y	0
W_X	6.50244	W_Y	-0.0925509	A	2.03437	O_X	6.49591	O_Y	-0.1387	g_odom_x	0	g_odom_y	0
W_X	6.54411	W_Y	-0.0895658	A	2.4114	O_X	6.5369	O_Y	-0.137178	g_odom_x	0	g_odom_y	0
W_X	6.56553	W_Y	-0.0865474	A	2.4114	O_X	6.5369	O_Y	-0.137178	g_odom_x	0	g_odom_y	0
W_X	6.56553	W_Y	-0.0865474	A	2.62426	O_X	6.5574	O_Y	-0.136315	g_odom_x	0	g_odom_y	0
W_X	6.58602	W_Y	-0.0856775	A	2.62426	O_X	6.57788	O_Y	-0.135376	g_odom_x	0	g_odom_y	0
W_X	6.62702	W_Y	-0.0839367	A	3.14726	O_X	6.61887	O_Y	-0.133497	g_odom_x	0	g_odom_y	0
W_X	6.6475	W_Y	-0.0828794	A	3.14726	O_X	6.63936	O_Y	-0.132371	g_odom_x	0	g_odom_y	0
W_X	6.6475	W_Y	-0.0828794	A	3.14726	O_X	6.63936	O_Y	-0.132371	g_odom_x	0	g_odom_y	0
W_X	6.66799	W_Y	-0.0818221	A	3.37838	O_X	6.65984	O_Y	-0.131245	g_odom_x	0	g_odom_y	0
W_X	6.70895	W_Y	-0.0795422	A	3.57294	O_X	6.7008	O_Y	-0.128827	g_odom_x	0	g_odom_y	0
W_X	6.72943	W_Y	-0.0783326	A	3.57294	O_X	6.72127	O_Y	-0.127549	g_odom_x	0	g_odom_y	0
W_X	6.75175	W_Y	-0.0789472	A	3.57294	O_X	6.74175	O_Y	-0.12627	g_odom_x	0	g_odom_y	0
W_X	6.79344	W_Y	-0.0772901	A	3.57294	O_X	6.7827	O_Y	-0.123713	g_odom_x	0	g_odom_y	0
W_X	6.81391	W_Y	-0.0761006	A	3.57294	O_X	6.80317	O_Y	-0.122435	g_odom_x	0	g_odom_y	0
W_X	6.8344	W_Y	-0.0749104	A	3.57294	O_X	6.82365	O_Y	-0.121156	g_odom_x	0	g_odom_y	0
W_X	6.85487	W_Y	-0.0737215	A	3.79787	O_X	6.84411	O_Y	-0.119878	g_odom_x	0	g_odom_y	0
W_X	6.87534	W_Y	-0.0724515	A	3.98639	O_X	6.86458	O_Y	-0.11852	g_odom_x	0	g_odom_y	0
W_X	6.89581	W_Y	-0.0711142	A	4.2662	O_X	6.88504	O_Y	-0.117094	g_odom_x	0	g_odom_y	0
W_X	6.91627	W_Y	-0.0696768	A	4.54602	O_X	6.9055	O_Y	-0.115568	g_odom_x	0	g_odom_y	0
W_X	6.95719	W_Y	-0.0666024	A	4.54602	O_X	6.9464	O_Y	-0.112316	g_odom_x	0	g_odom_y	0
W_X	6.97766	W_Y	-0.0650641	A	4.73463	O_X	6.96686	O_Y	-0.110689	g_odom_x	0	g_odom_y	0
W_X	6.99811	W_Y	-0.0634596	A	4.73463	O_X	6.9873	O_Y	-0.108996	g_odom_x	0	g_odom_y	0
W_X	7.02102	W_Y	-0.0639833	A	5.00227	O_X	7.00775	O_Y	-0.107302	g_odom_x	0	g_odom_y	0
W_X	7.04258	W_Y	-0.0632424	A	5.00227	O_X	7.02819	O_Y	-0.105514	g_odom_x	0	g_odom_y	0
W_X	7.06301	W_Y	-0.0615404	A	5.00227	O_X	7.04861	O_Y	-0.103726	g_odom_x	0	g_odom_y	0
W_X	7.08344	W_Y	-0.0598385	A	5.00227	O_X	7.06903	O_Y	-0.101939	g_odom_x	0	g_odom_y	0
W_X	7.12432	W_Y	-0.0564326	A	5.00227	O_X	7.1099	O_Y	-0.0983615	g_odom_x	0	g_odom_y	0
W_X	7.14476	W_Y	-0.0547295	A	5.00227	O_X	7.13033	O_Y	-0.0965728	g_odom_x	0	g_odom_y	0
W_X	7.16521	W_Y	-0.0530265	A	5.00227	O_X	7.15077	O_Y	-0.0947842	g_odom_x	0	g_odom_y	0
W_X	7.18565	W_Y	-0.0513234	A	5.00227	O_X	7.1712	O_Y	-0.0929956	g_odom_x	0	g_odom_y	0
W_X	7.20609	W_Y	-0.0496202	A	5.00227	O_X	7.19164	O_Y	-0.0912068	g_odom_x	0	g_odom_y	0
W_X	7.22618	W_Y	-0.0468427	A	5.15426	O_X	7.21207	O_Y	-0.0894183	g_odom_x	0	g_odom_y	0
W_X	7.24532	W_Y	-0.0411716	A	5.30625	O_X	7.2325	O_Y	-0.0875755	g_odom_x	0	g_odom_y	0
W_X	7.28598	W_Y	-0.0368689	A	5.30625	O_X	7.27335	O_Y	-0.0837814	g_odom_x	0	g_odom_y	0
W_X	7.3064	W_Y	-0.0350331	A	5.30625	O_X	7.29377	O_Y	-0.081885	g_odom_x	0	g_odom_y	0
W_X	7.32683	W_Y	-0.0331967	A	5.53128	O_X	7.31419	O_Y	-0.079988	g_odom_x	0	g_odom_y	0
W_X	7.34725	W_Y	-0.0312801	A	5.53128	O_X	7.33461	O_Y	-0.0780107	g_odom_x	0	g_odom_y	0
W_X	7.36768	W_Y	-0.0293633	A	5.53128	O_X	7.35503	O_Y	-0.0760334	g_odom_x	0	g_odom_y	0
W_X	7.3881	W_Y	-0.0274467	A	5.53128	O_X	7.37545	O_Y	-0.0740562	g_odom_x	0	g_odom_y	0
W_X	7.40853	W_Y	-0.0255293	A	4.92232	O_X	7.39587	O_Y	-0.0720781	g_odom_x	0	g_odom_y	0
W_X	7.42898	W_Y	-0.0238298	A	4.92232	O_X	7.41631	O_Y	-0.0703179	g_odom_x	0	g_odom_y	0
W_X	7.45039	W_Y	-0.0201418	A	4.63606	O_X	7.43675	O_Y	-0.0685578	g_odom_x	0	g_odom_y	0
W_X	7.47188	W_Y	-0.016403	A	4.63606	O_X	7.45719	O_Y	-0.0668999	g_odom_x	0	g_odom_y	0
W_X	7.49233	W_Y	-0.0148039	A	4.2889	O_X	7.47764	O_Y	-0.0652418	g_odom_x	0	g_odom_y	0
W_X	7.51279	W_Y	-0.0133287	A	4.2889	O_X	7.4981	O_Y	-0.0637076	g_odom_x	0	g_odom_y	0
W_X	7.53326	W_Y	-0.0118535	A	4.2889	O_X	7.51856	O_Y	-0.0621734	g_odom_x	0	g_odom_y	0
W_X	7.57418	W_Y	-0.00890333	A	3.49725	O_X	7.55947	O_Y	-0.0591053	g_odom_x	0	g_odom_y	0
W_X	7.59465	W_Y	-0.0077111	A	3.49725	O_X	7.57994	O_Y	-0.057854	g_odom_x	0	g_odom_y	0
W_X	7.61513	W_Y	-0.0065188	A	3.15619	O_X	7.60042	O_Y	-0.0566026	g_odom_x	0	g_odom_y	0
W_X	7.63562	W_Y	-0.00544849	A	3.15619	O_X	7.6209	O_Y	-0.0554733	g_odom_x	0	g_odom_y	0
W_X	7.65614	W_Y	-0.00449099	A	3.15619	O_X	7.64138	O_Y	-0.0543438	g_odom_x	0	g_odom_y	0
W_X	7.67747	W_Y	-0.00570071	A	3.15619	O_X	7.66187	O_Y	-0.0532141	g_odom_x	0	g_odom_y	0
W_X	7.69821	W_Y	-0.00532956	A	3.15619	O_X	7.68235	O_Y	-0.0520845	g_odom_x	0	g_odom_y	0
W_X	7.73918	W_Y	-0.00319801	A	3.15619	O_X	7.72332	O_Y	-0.0498258	g_odom_x	0	g_odom_y	0
W_X	7.75966	W_Y	-0.00213218	A	3.15619	O_X	7.7438	O_Y	-0.0486964	g_odom_x	0	g_odom_y	0
W_X	7.78015	W_Y	-0.0010663	A	3.15619	O_X	7.76428	O_Y	-0.047567	g_odom_x	0	g_odom_y	0
W_X	7.80063	W_Y	-4.8517E-07	A	3.15619	O_X	7.78476	O_Y	-0.0464376	g_odom_x	0	g_odom_y	0
W_X	7.82112	W_Y	0.00106542	A	3.15619	O_X	7.80524	O_Y	-0.0453081	g_odom_x	0	g_odom_y	0
W_X	7.84161	W_Y	0.00213132	A	3.15619	O_X	7.82573	O_Y	-0.0441786	g_odom_x	0	g_odom_y	0
W_X	7.88257	W_Y	0.00426262	A	3.15619	O_X	7.86668	O_Y	-0.0419202	g_odom_x	0	g_odom_y	0
W_X	7.90368	W_Y	0.00560488	A	3.15619	O_X	7.88717	O_Y	-0.0407904	g_odom_x	0	g_odom_y	0
W_X	7.92539	W_Y	0.00723456	A	3.15619	O_X	7.90766	O_Y	-0.0396609	g_odom_x	0	g_odom_y	0
W_X	7.94588	W_Y	0.00830898	A	3.15619	O_X	7.92814	O_Y	-0.0385315	g_odom_x	0	g_odom_y	0
W_X	7.96636	W_Y	0.00938329	A	3.15619	O_X	7.94862	O_Y	-0.0374021	g_odom_x	0	g_odom_y	0
W_X	7.98684	W_Y	0.0104573	A	3.15619	O_X	7.9691	O_Y	-0.0362731	g_odom_x	0	g_odom_y	0
W_X	8.00733	W_Y	0.0115317	A	3.15619	O_X	7.98958	O_Y	-0.0351437	g_odom_x	0	g_odom_y	0
W_X	8.02782	W_Y	0.0126064	A	3.15619	O_X	8.01007	O_Y	-0.0340138	g_odom_x	0	g_odom_y	0
W_X	8.0483	W_Y	0.0136805	A	3.15619	O_X	8.03054	O_Y	-0.0328848	g_odom_x	0	g_odom_y	0
W_X	8.06863	W_Y	0.0153982	A	3.15619	O_X	8.05103	O_Y	-0.031755	g_odom_x	0	g_odom_y	0
W_X	8.08835	W_Y	0.0196649	A	3.15619	O_X	8.07151	O_Y	-0.0306256	g_odom_x	0	g_odom_y	0
W_X	8.10867	W_Y	0.0215241	A	3.15619	O_X	8.09201	O_Y	-0.0294954	g_odom_x	0	g_odom_y	0
W_X	8.12915	W_Y	0.0226503	A	3.15619	O_X	8.11249	O_Y	-0.0283659	g_odom_x	0	g_odom_y	0
W_X	8.14963	W_Y	0.0237764	A	3.15619	O_X	8.13297	O_Y	-0.0272365	g_odom_x	0	g_odom_y	0
W_X	8.1906	W_Y	0.0260289	A	3.15619	O_X	8.17394	O_Y	-0.0249775	g_odom_x	0	g_odom_y	0
W_X	8.21108	W_Y	0.027155	A	3.15619	O_X	8.19442	O_Y	-0.023848	g_odom_x	0	g_odom_y	0
W_X	8.23156	W_Y	0.028281	A	3.15619	O_X	8.2149	O_Y	-0.0227188	g_odom_x	0	g_odom_y	0
W_X	8.25205	W_Y	0.0294071	A	3.15619	O_X	8.23539	O_Y	-0.0215893	g_odom_x	0	g_odom_y	0
W_X	8.27253	W_Y	0.0305333	A	3.15619	O_X	8.25587	O_Y	-0.0204599	g_odom_x	0	g_odom_y	0
W_X	8.29301	W_Y	0.0316594	A	3.15619	O_X	8.27635	O_Y	-0.0193305	g_odom_x	0	g_odom_y	0
W_X	8.33377	W_Y	0.0337091	A	3.15619	O_X	8.3173	O_Y	-0.0170724	g_odom_x	0	g_odom_y	0
W_X	8.35311	W_Y	0.0336702	A	3.15619	O_X	8.3378	O_Y	-0.0159418	g_odom_x	0	g_odom_y	0
W_X	8.37332	W_Y	0.0345503	A	3.15619	O_X	8.35828	O_Y	-0.0148127	g_odom_x	0	g_odom_y	0
W_X	8.39378	W_Y	0.0357034	A	3.15619	O_X	8.37875	O_Y	-0.013684	g_odom_x	0	g_odom_y	0
W_X	8.41426	W_Y	0.0368573	A	3.15619	O_X	8.39923	O_Y	-0.0125546	g_odom_x	0	g_odom_y	0
W_X	8.43474	W_Y	0.0380112	A	3.15619	O_X	8.41971	O_Y	-0.0114252	g_odom_x	0	g_odom_y	0
W_X	8.45522	W_Y	0.0391651	A	3.15619	O_X	8.44019	O_Y	-0.0102958	g_odom_x	0	g_odom_y	0
W_X	8.49619	W_Y	0.041473	A	3.15619	O_X	8.48116	O_Y	-0.00803695	g_odom_x	0	g_odom_y	0
W_X	8.51667	W_Y	0.0426269	A	3.15619	O_X	8.50164	O_Y	-0.00690759	g_odom_x	0	g_odom_y	0
W_X	8.53715	W_Y	0.0437809	A	3.00383	O_X	8.52212	O_Y	-0.00577811	g_odom_x	0	g_odom_y	0
W_X	8.55837	W_Y	0.0460701	A	3.00383	O_X	8.54261	O_Y	-0.00470321	g_odom_x	0	g_odom_y	0
W_X	8.58005	W_Y	0.0491316	A	3.00383	O_X	8.56309	O_Y	-0.00362823	g_odom_x	0	g_odom_y	0
W_X	8.60053	W_Y	0.0502638	A	3.00383	O_X	8.58358	O_Y	-0.00255327	g_odom_x	0	g_odom_y	0
W_X	8.62101	W_Y	0.0513961	A	3.00383	O_X	8.60406	O_Y	-0.00147831	g_odom_x	0	g_odom_y	0
W_X	8.62101	W_Y	0.0513961	A	3.00383	O_X	8.60406	O_Y	-0.00147831	g_odom_x	0	g_odom_y	0
W_X	8.68246	W_Y	0.0547929	A	3.00383	O_X	8.66552	O_Y	0.00174655	g_odom_x	0	g_odom_y	0
W_X	8.70293	W_Y	0.0559247	A	3.00383	O_X	8.686	O_Y	0.00282106	g_odom_x	0	g_odom_y	0
W_X	8.72341	W_Y	0.0570569	A	2.77844	O_X	8.70648	O_Y	0.00389597	g_odom_x	0	g_odom_y	0
W_X	8.7439	W_Y	0.0581086	A	2.77844	O_X	8.72697	O_Y	0.00489035	g_odom_x	0	g_odom_y	0
W_X	8.76438	W_Y	0.0591603	A	2.77844	O_X	8.74746	O_Y	0.00588472	g_odom_x	0	g_odom_y	0
W_X	8.78535	W_Y	0.0604998	A	2.77844	O_X	8.76795	O_Y	0.00687905	g_odom_x	0	g_odom_y	0
W_X	8.80604	W_Y	0.0616995	A	2.77844	O_X	8.78845	O_Y	0.00787387	g_odom_x	0	g_odom_y	0
W_X	8.82652	W_Y	0.0627833	A	2.77844	O_X	8.80894	O_Y	0.00886819	g_odom_x	0	g_odom_y	0
W_X	8.84701	W_Y	0.0638672	A	2.77844	O_X	8.82943	O_Y	0.00986264	g_odom_x	0	g_odom_y	0
W_X	8.86749	W_Y	0.0649509	A	2.77844	O_X	8.84991	O_Y	0.0108569	g_odom_x	0	g_odom_y	0
W_X	8.88798	W_Y	0.0660348	A	2.58346	O_X	8.8704	O_Y	0.0118513	g_odom_x	0	g_odom_y	0
W_X	8.90847	W_Y	0.067049	A	2.38848	O_X	8.8909	O_Y	0.012776	g_odom_x	0	g_odom_y	0
W_X	8.94945	W_Y	0.0689377	A	2.38848	O_X	8.93189	O_Y	0.0144857	g_odom_x	0	g_odom_y	0
W_X	8.96994	W_Y	0.0698821	A	2.38848	O_X	8.95238	O_Y	0.0153407	g_odom_x	0	g_odom_y	0
W_X	8.99121	W_Y	0.0713645	A	2.38848	O_X	8.97288	O_Y	0.0161955	g_odom_x	0	g_odom_y	0
W_X	9.0138	W_Y	0.0737855	A	2.19352	O_X	8.99337	O_Y	0.0170504	g_odom_x	0	g_odom_y	0
W_X	9.0343	W_Y	0.074682	A	2.19352	O_X	9.01387	O_Y	0.0178356	g_odom_x	0	g_odom_y	0
W_X	9.05479	W_Y	0.0755784	A	1.97421	O_X	9.03437	O_Y	0.0186207	g_odom_x	0	g_odom_y	0
W_X	9.07529	W_Y	0.0763964	A	1.75491	O_X	9.05487	O_Y	0.0193274	g_odom_x	0	g_odom_y	0
W_X	9.11629	W_Y	0.0778755	A	1.29193	O_X	9.09588	O_Y	0.0205838	g_odom_x	0	g_odom_y	0
W_X	9.13679	W_Y	0.0784493	A	1.12131	O_X	9.11639	O_Y	0.0210463	g_odom_x	0	g_odom_y	0
W_X	9.1573	W_Y	0.0789621	A	1.12131	O_X	9.1369	O_Y	0.0214477	g_odom_x	0	g_odom_y	0
W_X	9.17781	W_Y	0.0794749	A	1.12131	O_X	9.15741	O_Y	0.0218491	g_odom_x	0	g_odom_y	0
W_X	9.19831	W_Y	0.0799877	A	1.12131	O_X	9.17792	O_Y	0.0222506	g_odom_x	0	g_odom_y	0
W_X	9.22113	W_Y	0.0808979	A	0.93244	O_X	9.19842	O_Y	0.022652	g_odom_x	0	g_odom_y	0
W_X	9.24391	W_Y	0.0817121	A	0.743565	O_X	9.21893	O_Y	0.0229858	g_odom_x	0	g_odom_y	0
W_X	9.28495	W_Y	0.0824223	A	0.743565	O_X	9.25997	O_Y	0.0235184	g_odom_x	0	g_odom_y	0
W_X	9.30546	W_Y	0.0827774	A	0.53033	O_X	9.28049	O_Y	0.0237846	g_odom_x	0	g_odom_y	0
W_X	9.30546	W_Y	0.0827774	A	0.53033	O_X	9.28049	O_Y	0.0237846	g_odom_x	0	g_odom_y	0
W_X	9.34647	W_Y	0.0833345	A	0.170893	O_X	9.3215	O_Y	0.0241642	g_odom_x	0	g_odom_y	0
W_X	9.36699	W_Y	0.0834846	A	0.170893	O_X	9.34202	O_Y	0.0242255	g_odom_x	0	g_odom_y	0
W_X	9.38749	W_Y	0.0836344	A	0.170893	O_X	9.36252	O_Y	0.0242866	g_odom_x	0	g_odom_y	0
W_X	9.40802	W_Y	0.0837845	A	-0.37729	O_X	9.38305	O_Y	0.0243478	g_odom_x	0	g_odom_y	0
W_X	9.42892	W_Y	0.0840195	A	-0.37729	O_X	9.40356	O_Y	0.0242128	g_odom_x	0	g_odom_y	0
W_X	9.45387	W_Y	0.087179	A	-0.37729	O_X	9.42408	O_Y	0.0240776	g_odom_x	0	g_odom_y	0
W_X	9.47558	W_Y	0.0880285	A	-0.584349	O_X	9.44459	O_Y	0.0239426	g_odom_x	0	g_odom_y	0
W_X	9.49609	W_Y	0.087927	A	-0.846174	O_X	9.46509	O_Y	0.0237335	g_odom_x	0	g_odom_y	0
W_X	9.53709	W_Y	0.0875366	A	-0.846174	O_X	9.50609	O_Y	0.0231279	g_odom_x	0	g_odom_y	0
W_X	9.5576	W_Y	0.0873413	A	-0.846174	O_X	9.5266	O_Y	0.022825	g_odom_x	0	g_odom_y	0
W_X	9.57813	W_Y	0.0871459	A	-1.26039	O_X	9.54712	O_Y	0.0225219	g_odom_x	0	g_odom_y	0
W_X	9.59864	W_Y	0.0868023	A	-1.26039	O_X	9.56763	O_Y	0.0220707	g_odom_x	0	g_odom_y	0
W_X	9.61915	W_Y	0.0864587	A	-1.26039	O_X	9.58814	O_Y	0.0216194	g_odom_x	0	g_odom_y	0
W_X	9.63966	W_Y	0.0861152	A	-1.26039	O_X	9.60865	O_Y	0.0211683	g_odom_x	0	g_odom_y	0
W_X	9.66078	W_Y	0.0887794	A	-1.42493	O_X	9.62916	O_Y	0.020717	g_odom_x	0	g_odom_y	0
W_X	9.68259	W_Y	0.0948059	A	-1.42493	O_X	9.64966	O_Y	0.0202069	g_odom_x	0	g_odom_y	0
W_X	9.7031	W_Y	0.0944383	A	-1.42493	O_X	9.67017	O_Y	0.0196968	g_odom_x	0	g_odom_y	0
W_X	9.74412	W_Y	0.093703	A	-1.77835	O_X	9.71119	O_Y	0.0186765	g_odom_x	0	g_odom_y	0
W_X	9.76462	W_Y	0.0932089	A	-1.77835	O_X	9.73169	O_Y	0.01804	g_odom_x	0	g_odom_y	0
W_X	9.78513	W_Y	0.0927147	A	-1.77835	O_X	9.75219	O_Y	0.0174034	g_odom_x	0	g_odom_y	0
W_X	9.80564	W_Y	0.0922206	A	-2.04027	O_X	9.7727	O_Y	0.0167668	g_odom_x	0	g_odom_y	0
W_X	9.82614	W_Y	0.0916327	A	-2.19872	O_X	9.7932	O_Y	0.0160365	g_odom_x	0	g_odom_y	0
W_X	9.84665	W_Y	0.0909881	A	-2.43629	O_X	9.8137	O_Y	0.0152495	g_odom_x	0	g_odom_y	0
W_X	9.86715	W_Y	0.0902585	A	-2.67387	O_X	9.83419	O_Y	0.0143775	g_odom_x	0	g_odom_y	0
W_X	9.90926	W_Y	0.0895912	A	-2.67387	O_X	9.87517	O_Y	0.0124636	g_odom_x	0	g_odom_y	0
W_X	9.93035	W_Y	0.0893026	A	-2.90537	O_X	9.89566	O_Y	0.0115065	g_odom_x	0	g_odom_y	0
W_X	9.95085	W_Y	0.0884136	A	-2.90537	O_X	9.91615	O_Y	0.0104668	g_odom_x	0	g_odom_y	0
W_X	9.97134	W_Y	0.0875245	A	-3.14295	O_X	9.93664	O_Y	0.00942703	g_odom_x	0	g_odom_y	0
W_X	9.99183	W_Y	0.0865506	A	-3.14295	O_X	9.95712	O_Y	0.0083024	g_odom_x	0	g_odom_y	0
W_X	10.0123	W_Y	0.0855766	A	-3.14295	O_X	9.9776	O_Y	0.00717771	g_odom_x	0	g_odom_y	0
W_X	10.0328	W_Y	0.0846026	A	-3.14295	O_X	9.99808	O_Y	0.00605303	g_odom_x	0	g_odom_y	0
W_X	10.0738	W_Y	0.0826546	A	-3.44768	O_X	10.0391	O_Y	0.00380356	g_odom_x	0	g_odom_y	0
W_X	10.0943	W_Y	0.0815716	A	-3.44768	O_X	10.0595	O_Y	0.00256989	g_odom_x	0	g_odom_y	0
W_X	10.1155	W_Y	0.0807608	A	-3.71577	O_X	10.08	O_Y	0.00133681	g_odom_x	0	g_odom_y	0
W_X	10.1386	W_Y	0.0805077	A	-3.71577	O_X	10.1005	O_Y	7.44449E-06	g_odom_x	0	g_odom_y	0
W_X	10.1595	W_Y	0.0794595	A	-3.88638	O_X	10.1209	O_Y	-0.00132187	g_odom_x	0	g_odom_y	0
W_X	10.18	W_Y	0.0782046	A	-4.05699	O_X	10.1414	O_Y	-0.00271219	g_odom_x	0	g_odom_y	0
W_X	10.2005	W_Y	0.0768882	A	-4.51989	O_X	10.1619	O_Y	-0.00416407	g_odom_x	0	g_odom_y	0
W_X	10.2209	W_Y	0.075407	A	-4.69659	O_X	10.1823	O_Y	-0.0057806	g_odom_x	0	g_odom_y	0
W_X	10.2414	W_Y	0.0738625	A	-4.86114	O_X	10.2028	O_Y	-0.00746042	g_odom_x	0	g_odom_y	0
W_X	10.2618	W_Y	0.0722595	A	-5.08044	O_X	10.2232	O_Y	-0.00919869	g_odom_x	0	g_odom_y	0
W_X	10.2823	W_Y	0.0705782	A	-5.08044	O_X	10.2436	O_Y	-0.0110153	g_odom_x	0	g_odom_y	0
W_X	10.3027	W_Y	0.0688965	A	-5.25717	O_X	10.2641	O_Y	-0.0128322	g_odom_x	0	g_odom_y	0
W_X	10.3254	W_Y	0.0653654	A	-5.4339	O_X	10.2845	O_Y	-0.0147122	g_odom_x	0	g_odom_y	0
W_X	10.369	W_Y	0.0593513	A	-5.4339	O_X	10.3253	O_Y	-0.0185967	g_odom_x	0	g_odom_y	0
W_X	10.3895	W_Y	0.0575049	A	-5.4339	O_X	10.3458	O_Y	-0.0205393	g_odom_x	0	g_odom_y	0
W_X	10.4099	W_Y	0.0556585	A	-5.4339	O_X	10.3662	O_Y	-0.0224819	g_odom_x	0	g_odom_y	0
W_X	10.4303	W_Y	0.0538108	A	-5.4339	O_X	10.3866	O_Y	-0.0244259	g_odom_x	0	g_odom_y	0
W_X	10.4508	W_Y	0.0519645	A	-5.4339	O_X	10.407	O_Y	-0.0263684	g_odom_x	0	g_odom_y	0
W_X	10.4712	W_Y	0.0501182	A	-5.4339	O_X	10.4275	O_Y	-0.0283109	g_odom_x	0	g_odom_y	0
W_X	10.4916	W_Y	0.0482718	A	-5.4339	O_X	10.4479	O_Y	-0.0302534	g_odom_x	0	g_odom_y	0
W_X	10.5325	W_Y	0.0445789	A	-5.4339	O_X	10.4887	O_Y	-0.0341387	g_odom_x	0	g_odom_y	0
W_X	10.5529	W_Y	0.0427377	A	-5.4339	O_X	10.5091	O_Y	-0.0360812	g_odom_x	0	g_odom_y	0
W_X	10.5745	W_Y	0.0416334	A	-5.4339	O_X	10.5296	O_Y	-0.0380257	g_odom_x	0	g_odom_y	0
W_X	10.5953	W_Y	0.0400295	A	-5.4339	O_X	10.55	O_Y	-0.0399666	g_odom_x	0	g_odom_y	0
W_X	10.6157	W_Y	0.0381579	A	-5.4339	O_X	10.5704	O_Y	-0.0419093	g_odom_x	0	g_odom_y	0
W_X	10.6361	W_Y	0.0362855	A	-5.4339	O_X	10.5908	O_Y	-0.0438528	g_odom_x	0	g_odom_y	0
W_X	10.6566	W_Y	0.0344131	A	-5.4339	O_X	10.6113	O_Y	-0.0457964	g_odom_x	0	g_odom_y	0
W_X	10.6974	W_Y	0.0306717	A	-5.4339	O_X	10.6521	O_Y	-0.04968	g_odom_x	0	g_odom_y	0
W_X	10.7178	W_Y	0.0288002	A	-5.59235	O_X	10.6725	O_Y	-0.0516227	g_odom_x	0	g_odom_y	0
W_X	10.7383	W_Y	0.0268723	A	-5.35515	O_X	10.6929	O_Y	-0.0536216	g_odom_x	0	g_odom_y	0
W_X	10.7596	W_Y	0.025122	A	-5.17272	O_X	10.7134	O_Y	-0.0555363	g_odom_x	0	g_odom_y	0
W_X	10.7809	W_Y	0.0233801	A	-5.00857	O_X	10.7339	O_Y	-0.0573905	g_odom_x	0	g_odom_y	0
W_X	10.8013	W_Y	0.0216198	A	-4.84441	O_X	10.7542	O_Y	-0.0591777	g_odom_x	0	g_odom_y	0
W_X	10.8217	W_Y	0.0199154	A	-4.47956	O_X	10.7747	O_Y	-0.060909	g_odom_x	0	g_odom_y	0
W_X	10.8422	W_Y	0.0183404	A	-4.31541	O_X	10.7951	O_Y	-0.062511	g_odom_x	0	g_odom_y	0
W_X	10.8626	W_Y	0.016824	A	-4.03556	O_X	10.8156	O_Y	-0.0640543	g_odom_x	0	g_odom_y	0
W_X	10.9035	W_Y	0.0139914	A	-4.03556	O_X	10.8565	O_Y	-0.0669409	g_odom_x	0	g_odom_y	0
W_X	10.924	W_Y	0.0125747	A	-4.03556	O_X	10.8769	O_Y	-0.0683845	g_odom_x	0	g_odom_y	0
W_X	10.9445	W_Y	0.0111581	A	-4.03556	O_X	10.8974	O_Y	-0.0698281	g_odom_x	0	g_odom_y	0
W_X	10.9651	W_Y	0.0094617	A	-4.03556	O_X	10.9179	O_Y	-0.071272	g_odom_x	0	g_odom_y	0
W_X	10.9871	W_Y	0.00543183	A	-4.03556	O_X	10.9384	O_Y	-0.0727165	g_odom_x	0	g_odom_y	0
W_X	11.008	W_Y	0.00325667	A	-4.03556	O_X	10.9588	O_Y	-0.0741611	g_odom_x	0	g_odom_y	0
section	ahead	liner											
W_X	11.3984	W_Y	-0.0202096	A	-2.02175	O_X	11.143	O_Y	-0.0847747	g_odom_x	0	g_odom_y	0
W_X	11.4219	W_Y	-0.0247522	A	-0.823238	O_X	11.3686	O_Y	-0.0895972	g_odom_x	0	g_odom_y	0
W_X	11.4648	W_Y	-0.028226	A	-0.373164	O_X	11.4096	O_Y	-0.0901867	g_odom_x	0	g_odom_y	0
W_X	11.4853	W_Y	-0.0284416	A	-0.373164	O_X	11.4301	O_Y	-0.0903203	g_odom_x	0	g_odom_y	0
W_X	11.5048	W_Y	-0.0286457	A	-0.184657	O_X	11.4496	O_Y	-0.0904469	g_odom_x	0	g_odom_y	0
W_X	11.5237	W_Y	-0.028782	A	-0.184657	O_X	11.4685	O_Y	-0.0905077	g_odom_x	0	g_odom_y	0
W_X	11.5426	W_Y	-0.0289184	A	-0.184657	O_X	11.4874	O_Y	-0.0905686	g_odom_x	0	g_odom_y	0
W_X	11.5614	W_Y	-0.0290547	A	0.00384612	O_X	11.5062	O_Y	-0.0906295	g_odom_x	0	g_odom_y	0
W_X	11.5803	W_Y	-0.0291289	A	0.192349	O_X	11.5252	O_Y	-0.0906283	g_odom_x	0	g_odom_y	0
W_X	11.5993	W_Y	-0.029141	A	0.825114	O_X	11.5441	O_Y	-0.0905648	g_odom_x	0	g_odom_y	0
W_X	11.6184	W_Y	-0.0286219	A	0.587521	O_X	11.5624	O_Y	-0.0903005	g_odom_x	0	g_odom_y	0
W_X	11.6394	W_Y	-0.0273085	A	0.587521	O_X	11.5808	O_Y	-0.0901122	g_odom_x	0	g_odom_y	0
W_X	11.658	W_Y	-0.0270742	A	0.587521	O_X	11.5991	O_Y	-0.0899241	g_odom_x	0	g_odom_y	0
W_X	11.6763	W_Y	-0.0269291	A	0.587521	O_X	11.6175	O_Y	-0.0897358	g_odom_x	0	g_odom_y	0
W_X	11.6947	W_Y	-0.026784	A	0.587521	O_X	11.6358	O_Y	-0.0895476	g_odom_x	0	g_odom_y	0
W_X	11.7303	W_Y	-0.0265024	A	0.587521	O_X	11.6715	O_Y	-0.0891822	g_odom_x	0	g_odom_y	0
W_X	11.7481	W_Y	-0.0263617	A	0.587521	O_X	11.6893	O_Y	-0.0889996	g_odom_x	0	g_odom_y	0
W_X	11.7659	W_Y	-0.0262209	A	0.739517	O_X	11.7071	O_Y	-0.088817	g_odom_x	0	g_odom_y	0
W_X	11.7838	W_Y	-0.0260328	A	0.739517	O_X	11.7249	O_Y	-0.088587	g_odom_x	0	g_odom_y	0
W_X	11.801	W_Y	-0.0258505	A	0.739517	O_X	11.7422	O_Y	-0.0883641	g_odom_x	0	g_odom_y	0
section	ahead	liner											
section	Arc	ahead											
X	11.8976	Y	-0.0860274	A	1.01326	g_odom_x	0	g_odom_y	0				
X	12.0833	Y	-0.0827437	A	1.01326	g_odom_x	0	g_odom_y	0				
X	12.1286	Y	-0.081868	A	1.94424	g_odom_x	0	g_odom_y	0				
X	12.189	Y	-0.0781387	A	6.55686	g_odom_x	0	g_odom_y	0				
X	12.2339	Y	-0.0723874	A	8.6867	g_odom_x	0	g_odom_y	0				
X	12.3082	Y	-0.0585892	A	13.2632	g_odom_x	0	g_odom_y	0				
X	12.3522	Y	-0.0476154	A	15.4784	g_odom_x	0	g_odom_y	0				
X	12.4092	Y	-0.0309226	A	18.6062	g_odom_x	0	g_odom_y	0				
X	12.4505	Y	-0.0164209	A	21.0288	g_odom_x	0	g_odom_y	0				
X	12.4914	Y	-5.55419E-05	A	23.5882	g_odom_x	0	g_odom_y	0				
X	12.5442	Y	0.0240735	A	26.6345	g_odom_x	0	g_odom_y	0				
X	12.583	Y	0.0442086	A	28.9353	g_odom_x	0	g_odom_y	0				
X	12.6083	Y	0.0587027	A	31.4846	g_odom_x	0	g_odom_y	0				
X	12.6453	Y	0.0820822	A	34.1255	g_odom_x	0	g_odom_y	0				
X	12.703	Y	0.123764	A	39.0609	g_odom_x	0	g_odom_y	0				
X	12.7247	Y	0.141621	A	41.0631	g_odom_x	0	g_odom_y	0				
X	12.7457	Y	0.16022	A	43.1141	g_odom_x	0	g_odom_y	0				
X	12.7761	Y	0.189414	A	45.8831	g_odom_x	0	g_odom_y	0				
X	12.804	Y	0.219408	A	49.2729	g_odom_x	0	g_odom_y	0				
X	12.8299	Y	0.250618	A	52.6475	g_odom_x	0	g_odom_y	0				
X	12.8609	Y	0.293412	A	57.3749	g_odom_x	0	g_odom_y	0				
X	12.8812	Y	0.326611	A	61.1544	g_odom_x	0	g_odom_y	0				
X	12.9046	Y	0.371562	A	66.583	g_odom_x	0	g_odom_y	0				
X	12.9136	Y	0.392955	A	69.3946	g_odom_x	0	g_odom_y	0				
X	12.9213	Y	0.414284	A	72.3648	g_odom_x	0	g_odom_y	0				
X	12.9306	Y	0.450877	A	80.1305	g_odom_x	0	g_odom_y	0				
X	12.9373	Y	0.494638	A	83.6486	g_odom_x	0	g_odom_y	0				
X	12.9432	Y	0.558058	A	85.2616	g_odom_x	0	g_odom_y	0				
section	amcl_linear_Y_ahead												
W_X	13.0455	W_Y	0.936627	A	87.2992	O_X	12.9522	O_Y	0.70839	g_odom_x	0	g_odom_y	0
W_X	13.0464	W_Y	0.953348	A	87.2992	O_X	12.9617	O_Y	0.908979	g_odom_x	0	g_odom_y	0
W_X	13.0473	W_Y	0.969516	A	87.2992	O_X	12.9625	O_Y	0.925155	g_odom_x	0	g_odom_y	0
W_X	13.0483	W_Y	0.985685	A	87.2992	O_X	12.9632	O_Y	0.941333	g_odom_x	0	g_odom_y	0
W_X	13.0492	W_Y	1.00239	A	87.4573	O_X	12.964	O_Y	0.958048	g_odom_x	0	g_odom_y	0
W_X	13.0501	W_Y	1.0191	A	87.6945	O_X	12.9648	O_Y	0.974767	g_odom_x	0	g_odom_y	0
W_X	13.051	W_Y	1.03582	A	87.6945	O_X	12.9654	O_Y	0.991488	g_odom_x	0	g_odom_y	0
W_X	13.0526	W_Y	1.06924	A	87.6945	O_X	12.9668	O_Y	1.02492	g_odom_x	0	g_odom_y	0
W_X	13.0541	W_Y	1.08528	A	87.6945	O_X	12.9674	O_Y	1.04165	g_odom_x	0	g_odom_y	0
W_X	13.0554	W_Y	1.10151	A	87.6945	O_X	12.9681	O_Y	1.05837	g_odom_x	0	g_odom_y	0
W_X	13.0562	W_Y	1.11822	A	87.6945	O_X	12.9688	O_Y	1.07509	g_odom_x	0	g_odom_y	0
W_X	13.057	W_Y	1.13494	A	87.8708	O_X	12.9695	O_Y	1.09182	g_odom_x	0	g_odom_y	0
W_X	13.0578	W_Y	1.15165	A	87.8708	O_X	12.9701	O_Y	1.10854	g_odom_x	0	g_odom_y	0
W_X	13.0586	W_Y	1.16837	A	87.8708	O_X	12.9707	O_Y	1.12526	g_odom_x	0	g_odom_y	0
W_X	13.0602	W_Y	1.2018	A	87.8708	O_X	12.972	O_Y	1.15871	g_odom_x	0	g_odom_y	0
W_X	13.061	W_Y	1.21851	A	87.8708	O_X	12.9726	O_Y	1.17543	g_odom_x	0	g_odom_y	0
W_X	13.0618	W_Y	1.23523	A	87.8708	O_X	12.9732	O_Y	1.19215	g_odom_x	0	g_odom_y	0
W_X	13.0626	W_Y	1.25195	A	87.8708	O_X	12.9738	O_Y	1.20888	g_odom_x	0	g_odom_y	0
W_X	13.0634	W_Y	1.26868	A	87.8708	O_X	12.9744	O_Y	1.22562	g_odom_x	0	g_odom_y	0
W_X	13.0642	W_Y	1.28538	A	87.8708	O_X	12.9751	O_Y	1.24232	g_odom_x	0	g_odom_y	0
W_X	13.066	W_Y	1.30079	A	87.8708	O_X	12.9757	O_Y	1.25903	g_odom_x	0	g_odom_y	0
W_X	13.0695	W_Y	1.33178	A	87.8708	O_X	12.9769	O_Y	1.29248	g_odom_x	0	g_odom_y	0
W_X	13.0703	W_Y	1.34849	A	87.8708	O_X	12.9775	O_Y	1.3092	g_odom_x	0	g_odom_y	0
W_X	13.0712	W_Y	1.3652	A	87.8708	O_X	12.9782	O_Y	1.32592	g_odom_x	0	g_odom_y	0
W_X	13.072	W_Y	1.38192	A	87.8708	O_X	12.9788	O_Y	1.34264	g_odom_x	0	g_odom_y	0
W_X	13.0728	W_Y	1.39863	A	87.8708	O_X	12.9794	O_Y	1.35937	g_odom_x	0	g_odom_y	0
W_X	13.0736	W_Y	1.41535	A	87.8708	O_X	12.98	O_Y	1.37609	g_odom_x	0	g_odom_y	0
W_X	13.0745	W_Y	1.43206	A	87.8708	O_X	12.9807	O_Y	1.39281	g_odom_x	0	g_odom_y	0
W_X	13.0745	W_Y	1.43206	A	87.8708	O_X	12.9807	O_Y	1.39281	g_odom_x	0	g_odom_y	0
W_X	13.0769	W_Y	1.4822	A	87.8708	O_X	12.9825	O_Y	1.44298	g_odom_x	0	g_odom_y	0
W_X	13.0778	W_Y	1.49892	A	87.8708	O_X	12.9831	O_Y	1.4597	g_odom_x	0	g_odom_y	0
W_X	13.0786	W_Y	1.51673	A	87.6698	O_X	12.9838	O_Y	1.47643	g_odom_x	0	g_odom_y	0
section	amcl_linear_Y_ahead												
W_X	13.0923	W_Y	1.76656	A	87.7972	O_X	12.9869	O_Y	1.56004	g_odom_x	0	g_odom_y	0
W_X	13.0931	W_Y	1.78327	A	87.7972	O_X	12.9939	O_Y	1.74399	g_odom_x	0	g_odom_y	0
W_X	13.094	W_Y	1.79999	A	87.7972	O_X	12.9946	O_Y	1.76072	g_odom_x	0	g_odom_y	0
W_X	13.0956	W_Y	1.83233	A	87.7972	O_X	12.9958	O_Y	1.79308	g_odom_x	0	g_odom_y	0
W_X	13.0965	W_Y	1.8485	A	87.7972	O_X	12.9964	O_Y	1.80926	g_odom_x	0	g_odom_y	0
W_X	13.0973	W_Y	1.86522	A	87.9979	O_X	12.9971	O_Y	1.82598	g_odom_x	0	g_odom_y	0
W_X	13.0981	W_Y	1.88193	A	87.8029	O_X	12.9977	O_Y	1.84271	g_odom_x	0	g_odom_y	0
W_X	13.099	W_Y	1.89864	A	87.961	O_X	12.9983	O_Y	1.85943	g_odom_x	0	g_odom_y	0
W_X	13.0998	W_Y	1.91536	A	87.961	O_X	12.9989	O_Y	1.87615	g_odom_x	0	g_odom_y	0
W_X	13.1009	W_Y	1.93233	A	87.961	O_X	12.9995	O_Y	1.89288	g_odom_x	0	g_odom_y	0
W_X	13.1044	W_Y	1.96753	A	87.961	O_X	13.0007	O_Y	1.92633	g_odom_x	0	g_odom_y	0
W_X	13.1056	W_Y	1.98463	A	87.961	O_X	13.0013	O_Y	1.94305	g_odom_x	0	g_odom_y	0
W_X	13.1064	W_Y	2.00134	A	87.961	O_X	13.0019	O_Y	1.95977	g_odom_x	0	g_odom_y	0
W_X	13.1072	W_Y	2.01805	A	87.961	O_X	13.0025	O_Y	1.9765	g_odom_x	0	g_odom_y	0
W_X	13.1081	W_Y	2.03476	A	87.961	O_X	13.0031	O_Y	1.99321	g_odom_x	0	g_odom_y	0
W_X	13.1089	W_Y	2.05148	A	87.961	O_X	13.0037	O_Y	2.00994	g_odom_x	0	g_odom_y	0
W_X	13.1097	W_Y	2.0682	A	87.961	O_X	13.0043	O_Y	2.02667	g_odom_x	0	g_odom_y	0
W_X	13.1105	W_Y	2.08491	A	87.961	O_X	13.0049	O_Y	2.04339	g_odom_x	0	g_odom_y	0
W_X	13.1113	W_Y	2.10163	A	87.961	O_X	13.0055	O_Y	2.06012	g_odom_x	0	g_odom_y	0
W_X	13.1122	W_Y	2.11834	A	87.961	O_X	13.0061	O_Y	2.07684	g_odom_x	0	g_odom_y	0
W_X	13.1131	W_Y	2.13562	A	87.961	O_X	13.0066	O_Y	2.09356	g_odom_x	0	g_odom_y	0
W_X	13.1146	W_Y	2.15533	A	87.961	O_X	13.0072	O_Y	2.11029	g_odom_x	0	g_odom_y	0
W_X	13.1156	W_Y	2.17277	A	87.961	O_X	13.0078	O_Y	2.12701	g_odom_x	0	g_odom_y	0
W_X	13.1173	W_Y	2.2062	A	87.961	O_X	13.009	O_Y	2.16046	g_odom_x	0	g_odom_y	0
W_X	13.1181	W_Y	2.22291	A	87.961	O_X	13.0096	O_Y	2.17719	g_odom_x	0	g_odom_y	0
W_X	13.119	W_Y	2.23962	A	87.961	O_X	13.0102	O_Y	2.19391	g_odom_x	0	g_odom_y	0
W_X	13.1198	W_Y	2.25634	A	88.1434	O_X	13.0108	O_Y	2.21063	g_odom_x	0	g_odom_y	0
W_X	13.1206	W_Y	2.27305	A	87.9911	O_X	13.0114	O_Y	2.22736	g_odom_x	0	g_odom_y	0
W_X	13.1206	W_Y	2.27305	A	87.9911	O_X	13.0114	O_Y	2.22736	g_odom_x	0	g_odom_y	0
W_X	13.1223	W_Y	2.30648	A	87.9911	O_X	13.0125	O_Y	2.26081	g_odom_x	0	g_odom_y	0
W_X	13.1239	W_Y	2.33991	A	87.9911	O_X	13.0137	O_Y	2.29426	g_odom_x	0	g_odom_y	0
W_X	13.1248	W_Y	2.35662	A	87.9911	O_X	13.0143	O_Y	2.31098	g_odom_x	0	g_odom_y	0
W_X	13.1256	W_Y	2.37333	A	87.9911	O_X	13.0149	O_Y	2.3277	g_odom_x	0	g_odom_y	0
W_X	13.1265	W_Y	2.38917	A	87.9911	O_X	13.0155	O_Y	2.34443	g_odom_x	0	g_odom_y	0
W_X	13.1274	W_Y	2.40525	A	87.9911	O_X	13.0161	O_Y	2.36117	g_odom_x	0	g_odom_y	0
W_X	13.1282	W_Y	2.42196	A	87.9911	O_X	13.0166	O_Y	2.37789	g_odom_x	0	g_odom_y	0
W_X	13.129	W_Y	2.43867	A	87.9911	O_X	13.0172	O_Y	2.39461	g_odom_x	0	g_odom_y	0
W_X	13.1307	W_Y	2.4721	A	87.9911	O_X	13.0184	O_Y	2.42806	g_odom_x	0	g_odom_y	0
W_X	13.1307	W_Y	2.4721	A	87.9911	O_X	13.0184	O_Y	2.42806	g_odom_x	0	g_odom_y	0
W_X	13.1316	W_Y	2.4888	A	87.9911	O_X	13.019	O_Y	2.44477	g_odom_x	0	g_odom_y	0
W_X	13.1332	W_Y	2.52223	A	87.9911	O_X	13.0202	O_Y	2.47822	g_odom_x	0	g_odom_y	0
W_X	13.1341	W_Y	2.53894	A	87.9911	O_X	13.0207	O_Y	2.49494	g_odom_x	0	g_odom_y	0
W_X	13.1349	W_Y	2.55565	A	87.9911	O_X	13.0213	O_Y	2.51167	g_odom_x	0	g_odom_y	0
W_X	13.1357	W_Y	2.57237	A	87.9911	O_X	13.0219	O_Y	2.52839	g_odom_x	0	g_odom_y	0
W_X	13.1392	W_Y	2.60584	A	87.9911	O_X	13.0231	O_Y	2.56184	g_odom_x	0	g_odom_y	0
W_X	13.1415	W_Y	2.62258	A	87.9911	O_X	13.0237	O_Y	2.57856	g_odom_x	0	g_odom_y	0
W_X	13.1423	W_Y	2.63929	A	87.9911	O_X	13.0243	O_Y	2.59528	g_odom_x	0	g_odom_y	0
W_X	13.1432	W_Y	2.65546	A	87.9911	O_X	13.0248	O_Y	2.61147	g_odom_x	0	g_odom_y	0
W_X	13.144	W_Y	2.67217	A	87.9911	O_X	13.0254	O_Y	2.62819	g_odom_x	0	g_odom_y	0
W_X	13.1449	W_Y	2.68889	A	87.9911	O_X	13.026	O_Y	2.64491	g_odom_x	0	g_odom_y	0
W_X	13.1458	W_Y	2.7056	A	87.9911	O_X	13.0266	O_Y	2.66165	g_odom_x	0	g_odom_y	0
W_X	13.1467	W_Y	2.72232	A	87.9911	O_X	13.0272	O_Y	2.67837	g_odom_x	0	g_odom_y	0
W_X	13.1475	W_Y	2.73903	A	87.9911	O_X	13.0278	O_Y	2.69509	g_odom_x	0	g_odom_y	0
W_X	13.1484	W_Y	2.75574	A	87.9911	O_X	13.0284	O_Y	2.71182	g_odom_x	0	g_odom_y	0
W_X	13.1493	W_Y	2.77245	A	87.9911	O_X	13.0289	O_Y	2.72854	g_odom_x	0	g_odom_y	0
W_X	13.1521	W_Y	2.78985	A	87.9911	O_X	13.0295	O_Y	2.74527	g_odom_x	0	g_odom_y	0
W_X	13.1544	W_Y	2.80705	A	87.9911	O_X	13.0301	O_Y	2.76199	g_odom_x	0	g_odom_y	0
W_X	13.1562	W_Y	2.84047	A	87.9911	O_X	13.0313	O_Y	2.79544	g_odom_x	0	g_odom_y	0
W_X	13.1571	W_Y	2.85718	A	87.9911	O_X	13.0319	O_Y	2.81216	g_odom_x	0	g_odom_y	0
W_X	13.158	W_Y	2.87389	A	87.9911	O_X	13.0325	O_Y	2.82889	g_odom_x	0	g_odom_y	0
W_X	13.1589	W_Y	2.8906	A	87.9911	O_X	13.033	O_Y	2.84561	g_odom_x	0	g_odom_y	0
W_X	13.1598	W_Y	2.90731	A	87.9911	O_X	13.0336	O_Y	2.86234	g_odom_x	0	g_odom_y	0
W_X	13.1607	W_Y	2.92402	A	87.9911	O_X	13.0342	O_Y	2.87906	g_odom_x	0	g_odom_y	0
W_X	13.1616	W_Y	2.94073	A	87.9911	O_X	13.0348	O_Y	2.89578	g_odom_x	0	g_odom_y	0
W_X	13.1634	W_Y	2.97416	A	87.9911	O_X	13.036	O_Y	2.92923	g_odom_x	0	g_odom_y	0
W_X	13.1643	W_Y	2.99087	A	87.9911	O_X	13.0366	O_Y	2.94596	g_odom_x	0	g_odom_y	0
W_X	13.1652	W_Y	3.00758	A	87.9911	O_X	13.0372	O_Y	2.96268	g_odom_x	0	g_odom_y	0
section	amcl_linear_Y_ahead												
W_X	13.1971	W_Y	3.07008	A	-101.431	O_X	13.0389	O_Y	3.01286	g_odom_x	0	g_odom_y	0
section	amcl_linear_Y_ahead												
W_X	13.1448	W_Y	2.79165	A	-96.7465	O_X	13.0082	O_Y	2.81281	g_odom_x	0	g_odom_y	0
section	Arc	ahead											
X	12.8765	Y	1.97367	A	-104.015								
X	12.7796	Y	1.63654	A	-108.626								
X	12.6186	Y	1.23265	A	-115.857								
X	12.4771	Y	0.966871	A	-121.239								
X	12.3023	Y	0.701356	A	-126.295								
X	12.027	Y	0.382055	A	-135.978								
X	11.674	Y	0.0983923	A	-146.832								
X	11.1342	Y	-0.156728	A	-163.274								
X	10.805	Y	-0.210299	A	-179.604								
section	back	liner											
W_X	10.4238	W_Y	0.0659886	A	178.545	OX	10.6226	O_Y	-0.206651				
W_X	10.4238	W_Y	0.0659886	A	178.545	OX	10.4721	O_Y	-0.202826				
W_X	10.4029	W_Y	0.0748123	A	178.545	OX	10.4553	O_Y	-0.202401				
W_X	10.3691	W_Y	0.0795144	A	178.545	OX	10.4219	O_Y	-0.201551				
W_X	10.3691	W_Y	0.0795144	A	178.545	OX	10.4219	O_Y	-0.201551				
W_X	10.3691	W_Y	0.0795144	A	178.545	OX	10.4219	O_Y	-0.201551				
W_X	10.339	W_Y	0.0829674	A	178.545	OX	10.3916	O_Y	-0.200783				
W_X	10.339	W_Y	0.0829674	A	178.545	OX	10.3916	O_Y	-0.200783				
W_X	10.339	W_Y	0.0829674	A	178.545	OX	10.3916	O_Y	-0.200783				
W_X	10.3246	W_Y	0.084632	A	178.545	OX	10.3771	O_Y	-0.200413				
W_X	10.2666	W_Y	0.0908608	A	179.226	OX	10.3188	O_Y	-0.199366				
W_X	10.2382	W_Y	0.0942595	A	179.457	OX	10.2907	O_Y	-0.198987				
W_X	10.2222	W_Y	0.0978499	A	179.457	OX	10.2767	O_Y	-0.198854				
W_X	10.2222	W_Y	0.0978499	A	179.457	OX	10.2767	O_Y	-0.198854				
W_X	10.2222	W_Y	0.0978499	A	179.457	OX	10.2767	O_Y	-0.198854				
W_X	10.2079	W_Y	0.0995279	A	179.457	OX	10.2626	O_Y	-0.198721				
W_X	10.2079	W_Y	0.0995279	A	179.457	OX	10.2626	O_Y	-0.198721				
W_X	10.152	W_Y	0.10476	A	179.968	OX	10.2065	O_Y	-0.198502				
W_X	10.1386	W_Y	0.105972	A	-179.813	OX	10.193	O_Y	-0.198495				
W_X	10.1128	W_Y	0.108202	A	-179.813	OX	10.1671	O_Y	-0.198579				
W_X	10.0999	W_Y	0.109317	A	-179.606	OX	10.1541	O_Y	-0.198622				
W_X	10.0999	W_Y	0.109317	A	-179.606	OX	10.1541	O_Y	-0.198622				
W_X	10.0622	W_Y	0.112432	A	-179.606	OX	10.1164	O_Y	-0.198882				
W_X	10.0622	W_Y	0.112432	A	-179.606	OX	10.1164	O_Y	-0.198882				
W_X	10.0622	W_Y	0.112432	A	-179.606	OX	10.1164	O_Y	-0.198882				
W_X	10.0622	W_Y	0.112432	A	-179.606	OX	10.1164	O_Y	-0.198882				
W_X	10.0498	W_Y	0.113456	A	-179.606	OX	10.1039	O_Y	-0.198967				
W_X	10.0147	W_Y	0.116725	A	-179.606	OX	10.0683	O_Y	-0.199212				
W_X	10.0147	W_Y	0.116725	A	-179.606	OX	10.0683	O_Y	-0.199212				
W_X	10.0147	W_Y	0.116725	A	-179.606	OX	10.0683	O_Y	-0.199212				
W_X	10.0147	W_Y	0.116725	A	-179.606	OX	10.0683	O_Y	-0.199212				
W_X	9.95763	W_Y	0.121154	A	-179.04	OX	10.0111	O_Y	-0.19985				
section	back	liner											
section	back	liner											
W_X	9.73431	W_Y	0.123802	A	-177.155	OX	9.91773	O_Y	-0.20261				
W_X	9.72406	W_Y	0.12366	A	-174.035	OX	9.77456	O_Y	-0.213364				
W_X	9.71381	W_Y	0.123485	A	-173.767	OX	9.76436	O_Y	-0.214429				
W_X	9.69329	W_Y	0.123038	A	-173.609	OX	9.74396	O_Y	-0.216658				
W_X	9.67278	W_Y	0.122536	A	-173.165	OX	9.72357	O_Y	-0.218942				
W_X	9.65228	W_Y	0.121874	A	-172.721	OX	9.7032	O_Y	-0.221383				
W_X	9.61129	W_Y	0.120234	A	-173.354	OX	9.66251	O_Y	-0.22658				
W_X	9.59079	W_Y	0.11964	A	-173.726	OX	9.64214	O_Y	-0.228954				
W_X	9.57029	W_Y	0.119179	A	-173.385	OX	9.62175	O_Y	-0.231196				
W_X	9.55013	W_Y	0.117797	A	-172.661	OX	9.60138	O_Y	-0.233559				
W_X	9.53116	W_Y	0.113373	A	-172.381	OX	9.58103	O_Y	-0.236179				
W_X	9.51088	W_Y	0.111868	A	-172.381	OX	9.5607	O_Y	-0.238899				
W_X	9.49039	W_Y	0.110872	A	-172.381	OX	9.54037	O_Y	-0.241619				
W_X	9.46988	W_Y	0.109874	A	-172.004	OX	9.52001	O_Y	-0.244342				
W_X	9.44942	W_Y	0.108743	A	-172.004	OX	9.49971	O_Y	-0.247193				
W_X	9.42893	W_Y	0.107612	A	-171.766	OX	9.4794	O_Y	-0.250046				
W_X	9.40845	W_Y	0.106395	A	-171.584	OX	9.4591	O_Y	-0.252984				
W_X	9.40845	W_Y	0.106395	A	-171.584	OX	9.4591	O_Y	-0.252984				
W_X	9.38798	W_Y	0.105114	A	-171.584	OX	9.43881	O_Y	-0.255987				
W_X	9.32656	W_Y	0.101269	A	-171.171	OX	9.37793	O_Y	-0.264994				
W_X	9.30656	W_Y	0.0989002	A	-171.171	OX	9.35766	O_Y	-0.268142				
W_X	9.28752	W_Y	0.0945079	A	-171.171	OX	9.33739	O_Y	-0.271291				
W_X	9.26713	W_Y	0.0929121	A	-171.012	OX	9.31712	O_Y	-0.274439				
W_X	9.24667	W_Y	0.0914039	A	-171.012	OX	9.29685	O_Y	-0.277644				
W_X	9.22621	W_Y	0.0898959	A	-170.842	OX	9.27659	O_Y	-0.280849				
W_X	9.20576	W_Y	0.0883272	A	-170.672	OX	9.25634	O_Y	-0.284113				
W_X	9.16487	W_Y	0.0850681	A	-170.672	OX	9.21586	O_Y	-0.290763				
W_X	9.14442	W_Y	0.0834389	A	-170.41	OX	9.19562	O_Y	-0.294087				
W_X	9.12398	W_Y	0.0817156	A	-170.41	OX	9.17539	O_Y	-0.297505				
W_X	9.10353	W_Y	0.0799925	A	-170.149	OX	9.15516	O_Y	-0.300923				
W_X	9.08267	W_Y	0.0747166	A	-170.149	OX	9.13495	O_Y	-0.304432				
W_X	9.06182	W_Y	0.069694	A	-170.149	OX	9.11474	O_Y	-0.307942				
W_X	9.04139	W_Y	0.0678059	A	-170.149	OX	9.09453	O_Y	-0.311452				
W_X	9.00054	W_Y	0.0640301	A	-169.601	OX	9.05411	O_Y	-0.318471				
W_X	8.98014	W_Y	0.0619471	A	-169.601	OX	9.03393	O_Y	-0.322174				
W_X	8.95973	W_Y	0.0598641	A	-169.601	OX	9.01376	O_Y	-0.325876				
W_X	8.93932	W_Y	0.057781	A	-169.601	OX	8.99358	O_Y	-0.329579				
W_X	8.91892	W_Y	0.0556987	A	-169.601	OX	8.97341	O_Y	-0.33328				
W_X	8.89852	W_Y	0.0536158	A	-169.601	OX	8.95324	O_Y	-0.336982				
W_X	8.87807	W_Y	0.0512323	A	-169.601	OX	8.93305	O_Y	-0.340686				
W_X	8.87807	W_Y	0.0512323	A	-169.601	OX	8.93305	O_Y	-0.340686				
W_X	8.83688	W_Y	0.0437394	A	-169.601	OX	8.8927	O_Y	-0.348092				
W_X	8.83688	W_Y	0.0437394	A	-169.601	OX	8.8927	O_Y	-0.348092				
W_X	8.79608	W_Y	0.0394881	A	-169.601	OX	8.85235	O_Y	-0.355496				
W_X	8.77567	W_Y	0.0373622	A	-169.601	OX	8.83217	O_Y	-0.359199				
W_X	8.75527	W_Y	0.0352364	A	-169.601	OX	8.81199	O_Y	-0.362902				
W_X	8.71445	W_Y	0.0309833	A	-169.249	OX	8.77162	O_Y	-0.37031				
W_X	8.69406	W_Y	0.0287319	A	-169.249	OX	8.75147	O_Y	-0.374137				
W_X	8.69406	W_Y	0.0287319	A	-169.249	OX	8.75147	O_Y	-0.374137				
W_X	8.69406	W_Y	0.0287319	A	-169.249	OX	8.75147	O_Y	-0.374137				
W_X	8.63415	W_Y	0.0151348	A	-169.499	OX	8.69103	O_Y	-0.385741				
W_X	8.63415	W_Y	0.0151348	A	-169.499	OX	8.69103	O_Y	-0.385741				
W_X	8.59336	W_Y	0.0107488	A	-169.499	OX	8.6507	O_Y	-0.393217				
W_X	8.55257	W_Y	0.00636178	A	-170.181	OX	8.61036	O_Y	-0.400695				
W_X	8.55257	W_Y	0.00636178	A	-170.181	OX	8.61036	O_Y	-0.400695				
W_X	8.51172	W_Y	0.00252398	A	-170.699	OX	8.56992	O_Y	-0.407629				
W_X	8.51172	W_Y	0.00252398	A	-170.699	OX	8.56992	O_Y	-0.407629				
W_X	8.49129	W_Y	0.000758143	A	-170.857	OX	8.54968	O_Y	-0.410945				
W_X	8.45041	W_Y	-0.00255722	A	-171.369	OX	8.50917	O_Y	-0.417361				
W_X	8.42825	W_Y	-0.00873243	A	-171.594	OX	8.48891	O_Y	-0.420437				
W_X	8.38613	W_Y	-0.0149239	A	-172.301	OX	8.44831	O_Y	-0.426436				
W_X	8.38613	W_Y	-0.0149239	A	-172.301	OX	8.44831	O_Y	-0.426436				
W_X	8.34518	W_Y	-0.0174683	A	-172.526	OX	8.40765	O_Y	-0.431933				
W_X	8.34518	W_Y	-0.0174683	A	-172.526	OX	8.40765	O_Y	-0.431933				
W_X	8.30419	W_Y	-0.0198538	A	-172.526	OX	8.36694	O_Y	-0.437274				
W_X	8.28374	W_Y	-0.021044	A	-172.526	OX	8.34662	O_Y	-0.439939				
W_X	8.26328	W_Y	-0.0222342	A	-172.526	OX	8.32631	O_Y	-0.442604				
W_X	8.26328	W_Y	-0.0222342	A	-172.526	OX	8.32631	O_Y	-0.442604				
W_X	8.20123	W_Y	-0.0262228	A	-172.526	OX	8.26525	O_Y	-0.450615				
W_X	8.1786	W_Y	-0.0290007	A	-172.526	OX	8.24497	O_Y	-0.453275				
W_X	8.1786	W_Y	-0.0290007	A	-172.526	OX	8.24497	O_Y	-0.453275				
W_X	8.13737	W_Y	-0.0316333	A	-172.526	OX	8.2043	O_Y	-0.458611				
W_X	8.13737	W_Y	-0.0316333	A	-172.526	OX	8.2043	O_Y	-0.458611				
W_X	8.0964	W_Y	-0.0340672	A	-172.526	OX	8.1636	O_Y	-0.46395				
W_X	8.0964	W_Y	-0.0340672	A	-172.526	OX	8.1636	O_Y	-0.46395				
W_X	8.05545	W_Y	-0.0364457	A	-172.678	OX	8.12292	O_Y	-0.469233				
W_X	8.05545	W_Y	-0.0364457	A	-172.678	OX	8.12292	O_Y	-0.469233				
W_X	8.03502	W_Y	-0.0377473	A	-172.678	OX	8.10257	O_Y	-0.471847				
W_X	8.01782	W_Y	-0.0470313	A	-172.678	OX	8.08223	O_Y	-0.474461				
W_X	7.97797	W_Y	-0.052194	A	-172.678	OX	8.04154	O_Y	-0.47969				
W_X	7.93701	W_Y	-0.0546213	A	-172.678	OX	8.00084	O_Y	-0.484919				
W_X	7.91654	W_Y	-0.0558344	A	-172.94	OX	7.9805	O_Y	-0.487532				
W_X	7.89606	W_Y	-0.0569541	A	-172.94	OX	7.96015	O_Y	-0.490053				
W_X	7.87557	W_Y	-0.0580744	A	-172.94	OX	7.93978	O_Y	-0.492575				
W_X	7.85509	W_Y	-0.0591943	A	-172.94	OX	7.91942	O_Y	-0.495096				
W_X	7.83461	W_Y	-0.0603143	A	-172.94	OX	7.89906	O_Y	-0.497618				
W_X	7.81412	W_Y	-0.0614343	A	-172.94	OX	7.87871	O_Y	-0.500139				
W_X	7.77316	W_Y	-0.0638362	A	-172.94	OX	7.83799	O_Y	-0.505182				
W_X	7.77316	W_Y	-0.0638362	A	-172.94	OX	7.83799	O_Y	-0.505182				
W_X	7.73236	W_Y	-0.0696883	A	-172.94	OX	7.79727	O_Y	-0.510224				
W_X	7.7119	W_Y	-0.0708278	A	-172.94	OX	7.77693	O_Y	-0.512743				
W_X	7.69142	W_Y	-0.0719683	A	-172.94	OX	7.75658	O_Y	-0.515264				
W_X	7.67094	W_Y	-0.0731088	A	-172.94	OX	7.73622	O_Y	-0.517785				
W_X	7.62998	W_Y	-0.0753895	A	-172.94	OX	7.69551	O_Y	-0.522827				
W_X	7.60949	W_Y	-0.0765305	A	-172.94	OX	7.67514	O_Y	-0.525349				
W_X	7.58901	W_Y	-0.0776711	A	-172.94	OX	7.65479	O_Y	-0.527871				
W_X	7.56852	W_Y	-0.0788124	A	-172.94	OX	7.63442	O_Y	-0.530393				
W_X	7.54848	W_Y	-0.0824472	A	-172.94	OX	7.61406	O_Y	-0.532915				
W_X	7.52886	W_Y	-0.0884551	A	-172.94	OX	7.59371	O_Y	-0.535435				
W_X	7.50838	W_Y	-0.0896443	A	-172.94	OX	7.57336	O_Y	-0.537956				
W_X	7.4879	W_Y	-0.0908334	A	-173.293	OX	7.553	O_Y	-0.540477				
W_X	7.46741	W_Y	-0.0918963	A	-173.293	OX	7.53263	O_Y	-0.542873				
W_X	7.44693	W_Y	-0.0929591	A	-173.293	OX	7.51225	O_Y	-0.545268				
W_X	7.42644	W_Y	-0.094022	A	-173.488	OX	7.49188	O_Y	-0.547664				
W_X	7.40595	W_Y	-0.0950152	A	-173.488	OX	7.4715	O_Y	-0.54999				
W_X	7.38546	W_Y	-0.0960084	A	-173.811	OX	7.45112	O_Y	-0.552317				
W_X	7.36497	W_Y	-0.0968861	A	-174.134	OX	7.43072	O_Y	-0.554528				
W_X	7.32799	W_Y	-0.105453	A	-174.451	OX	7.38991	O_Y	-0.558721				
W_X	7.30987	W_Y	-0.110321	A	-174.658	OX	7.3695	O_Y	-0.560705				
W_X	7.30987	W_Y	-0.110321	A	-174.658	OX	7.3695	O_Y	-0.560705				
W_X	7.26885	W_Y	-0.11154	A	-174.658	OX	7.32864	O_Y	-0.564525				
W_X	7.24835	W_Y	-0.112149	A	-174.81	OX	7.30822	O_Y	-0.566435				
W_X	7.22785	W_Y	-0.112704	A	-174.987	OX	7.28779	O_Y	-0.56829				
W_X	7.20734	W_Y	-0.113195	A	-175.164	OX	7.26736	O_Y	-0.570083				
W_X	7.16633	W_Y	-0.114052	A	-175.164	OX	7.22648	O_Y	-0.573542				
W_X	7.14582	W_Y	-0.11448	A	-175.322	OX	7.20604	O_Y	-0.575271				
W_X	7.12571	W_Y	-0.116063	A	-175.554	OX	7.18559	O_Y	-0.576944				
W_X	7.10649	W_Y	-0.120198	A	-175.554	OX	7.16514	O_Y	-0.578534				
W_X	7.08604	W_Y	-0.120667	A	-175.791	OX	7.14469	O_Y	-0.580125				
W_X	7.06553	W_Y	-0.120853	A	-175.791	OX	7.12424	O_Y	-0.58163				
W_X	7.02452	W_Y	-0.121223	A	-175.791	OX	7.08333	O_Y	-0.584641				
W_X	7.004	W_Y	-0.121409	A	-176.4	OX	7.06286	O_Y	-0.586147				
W_X	6.98348	W_Y	-0.121376	A	-176.4	OX	7.04239	O_Y	-0.587435				
W_X	6.96297	W_Y	-0.121343	A	-176.607	OX	7.02191	O_Y	-0.588723				
W_X	6.94246	W_Y	-0.121236	A	-176.778	OX	7.00144	O_Y	-0.589937				
W_X	6.92194	W_Y	-0.121068	A	-176.936	OX	6.98096	O_Y	-0.59109				
W_X	6.90032	W_Y	-0.123887	A	-177.095	OX	6.96047	O_Y	-0.592186				
W_X	6.85828	W_Y	-0.126213	A	-177.095	OX	6.9195	O_Y	-0.594265				
W_X	6.83776	W_Y	-0.12597	A	-177.265	OX	6.89901	O_Y	-0.595305				
W_X	6.83776	W_Y	-0.12597	A	-177.265	OX	6.89901	O_Y	-0.595305				
W_X	6.81726	W_Y	-0.125665	A	-177.265	OX	6.87853	O_Y	-0.596284				
W_X	6.77624	W_Y	-0.124991	A	-177.448	OX	6.83755	O_Y	-0.598176				
W_X	6.75573	W_Y	-0.124621	A	-177.85	OX	6.81705	O_Y	-0.599089				
W_X	6.73522	W_Y	-0.124107	A	-178.252	OX	6.79655	O_Y	-0.599858				
W_X	6.71471	W_Y	-0.123449	A	-178.252	OX	6.77604	O_Y	-0.600484				
W_X	6.69414	W_Y	-0.123207	A	-178.252	OX	6.75554	O_Y	-0.60111				
W_X	6.67301	W_Y	-0.126351	A	-178.477	OX	6.73503	O_Y	-0.601736				
W_X	6.65236	W_Y	-0.126586	A	-178.477	OX	6.71453	O_Y	-0.602281				
W_X	6.63186	W_Y	-0.125878	A	-178.727	OX	6.69402	O_Y	-0.602826				
W_X	6.61136	W_Y	-0.125081	A	-178.977	OX	6.67351	O_Y	-0.603282				
W_X	6.57038	W_Y	-0.123308	A	-179.227	OX	6.6325	O_Y	-0.604014				
W_X	6.57038	W_Y	-0.123308	A	-179.227	OX	6.6325	O_Y	-0.604014				
W_X	6.50892	W_Y	-0.120046	A	-179.781	OX	6.57096	O_Y	-0.604511				
W_X	6.50892	W_Y	-0.120046	A	-179.781	OX	6.57096	O_Y	-0.604511				
W_X	6.46791	W_Y	-0.119287	A	-179.781	OX	6.52993	O_Y	-0.604667				
W_X	6.46791	W_Y	-0.119287	A	-179.781	OX	6.52993	O_Y	-0.604667				
W_X	6.44735	W_Y	-0.120822	A	-179.781	OX	6.50942	O_Y	-0.604746				
W_X	6.40637	W_Y	-0.118548	A	-179.781	OX	6.46838	O_Y	-0.604902				
W_X	6.38589	W_Y	-0.117412	A	-179.781	OX	6.44786	O_Y	-0.604981				
W_X	6.34495	W_Y	-0.115052	A	179.975	OX	6.42736	O_Y	-0.605059				
W_X	6.32448	W_Y	-0.113733	A	179.488	OX	6.38634	O_Y	-0.604945				
W_X	6.30401	W_Y	-0.112335	A	179.488	OX	6.36583	O_Y	-0.604762				
W_X	6.28355	W_Y	-0.110938	A	179.488	OX	6.34531	O_Y	-0.604579				
W_X	6.24261	W_Y	-0.108142	A	178.781	OX	6.30429	O_Y	-0.604212				
W_X	6.24261	W_Y	-0.108142	A	178.781	OX	6.30429	O_Y	-0.604212				
W_X	6.22313	W_Y	-0.111661	A	178.781	OX	6.28378	O_Y	-0.603776				
W_X	6.20316	W_Y	-0.112629	A	178.422	OX	6.26327	O_Y	-0.603339				
W_X	6.16229	W_Y	-0.109134	A	178.264	OX	6.22226	O_Y	-0.60221				
W_X	6.16229	W_Y	-0.109134	A	178.264	OX	6.22226	O_Y	-0.60221				
W_X	6.12142	W_Y	-0.105469	A	178.105	OX	6.18125	O_Y	-0.60091				
W_X	6.10099	W_Y	-0.103609	A	178.105	OX	6.16075	O_Y	-0.600232				
W_X	6.08057	W_Y	-0.101748	A	178.105	OX	6.14025	O_Y	-0.599553				
W_X	6.05861	W_Y	-0.0998816	A	178.105	OX	6.11975	O_Y	-0.598875				
W_X	6.03659	W_Y	-0.0980181	A	178.105	OX	6.09925	O_Y	-0.598197				
W_X	6.01616	W_Y	-0.0961607	A	177.886	OX	6.07874	O_Y	-0.597519				
W_X	5.97532	W_Y	-0.0922901	A	177.667	OX	6.03775	O_Y	-0.596006				
W_X	5.9549	W_Y	-0.0902756	A	177.667	OX	6.01725	O_Y	-0.59517				
W_X	5.93448	W_Y	-0.0882619	A	177.667	OX	5.99675	O_Y	-0.594335				
W_X	5.91405	W_Y	-0.0862458	A	177.459	OX	5.97623	O_Y	-0.593499				
W_X	5.89366	W_Y	-0.0841606	A	177.264	OX	5.95576	O_Y	-0.59259				
W_X	5.87326	W_Y	-0.0820036	A	177.057	OX	5.93527	O_Y	-0.591611				
W_X	5.85287	W_Y	-0.0797701	A	176.795	OX	5.91478	O_Y	-0.590558				
W_X	5.83243	W_Y	-0.0774075	A	176.533	OX	5.8943	O_Y	-0.589412				
W_X	5.79167	W_Y	-0.0725706	A	175.997	OX	5.85335	O_Y	-0.586931				
W_X	5.77133	W_Y	-0.0699678	A	175.675	OX	5.83289	O_Y	-0.585499				
W_X	5.75099	W_Y	-0.0672502	A	175.675	OX	5.81243	O_Y	-0.583952				
W_X	5.73066	W_Y	-0.0645327	A	175.675	OX	5.79198	O_Y	-0.582405				
W_X	5.71033	W_Y	-0.061815	A	175.857	OX	5.77152	O_Y	-0.580858				
W_X	5.68999	W_Y	-0.0591623	A	175.857	OX	5.75106	O_Y	-0.579376				
W_X	5.66965	W_Y	-0.0565096	A	175.857	OX	5.7306	O_Y	-0.577894				
W_X	5.62896	W_Y	-0.0512041	A	175.857	OX	5.68969	O_Y	-0.57493				
W_X	5.60771	W_Y	-0.0485375	A	175.559	OX	5.66923	O_Y	-0.573448				
W_X	5.58562	W_Y	-0.0457677	A	175.559	OX	5.64877	O_Y	-0.571859				
W_X	5.5653	W_Y	-0.0430251	A	175.315	OX	5.62832	O_Y	-0.570271				
W_X	5.54498	W_Y	-0.0401957	A	175.315	OX	5.60788	O_Y	-0.568595				
W_X	5.52466	W_Y	-0.0373664	A	175.315	OX	5.58743	O_Y	-0.56692				
W_X	5.50434	W_Y	-0.0345371	A	175.315	OX	5.56699	O_Y	-0.565245				
W_X	5.46371	W_Y	-0.0288786	A	175.315	OX	5.5261	O_Y	-0.561894				
W_X	5.44339	W_Y	-0.0260493	A	175.315	OX	5.50565	O_Y	-0.560218				
W_X	5.42338	W_Y	-0.0229534	A	175.315	OX	5.48522	O_Y	-0.558543				
W_X	5.40443	W_Y	-0.0188787	A	175.68	OX	5.46477	O_Y	-0.556868				
W_X	5.38428	W_Y	-0.0159711	A	175.893	OX	5.44432	O_Y	-0.555323				
W_X	5.36394	W_Y	-0.0133056	A	176.106	OX	5.42386	O_Y	-0.553853				
W_X	5.34359	W_Y	-0.0107145	A	176.641	OX	5.40338	O_Y	-0.55246				
W_X	5.32321	W_Y	-0.00831456	A	176.957	OX	5.3829	O_Y	-0.551258				
W_X	5.30281	W_Y	-0.00602587	A	177.256	OX	5.3624	O_Y	-0.550168				
W_X	5.28242	W_Y	-0.00384471	A	177.554	OX	5.34191	O_Y	-0.549186				
W_X	5.26201	W_Y	-0.00176975	A	177.267	OX	5.32142	O_Y	-0.54831				
W_X	5.24161	W_Y	0.000407136	A	177.523	OX	5.30093	O_Y	-0.547332				
W_X	5.2205	W_Y	0.00274828	A	177.778	OX	5.28044	O_Y	-0.546446				
W_X	5.17882	W_Y	0.0071049	A	177.778	OX	5.23944	O_Y	-0.544855				
W_X	5.17882	W_Y	0.0071049	A	177.778	OX	5.23944	O_Y	-0.544855				
W_X	5.138	W_Y	0.0111559	A	177.778	OX	5.19844	O_Y	-0.543265				
W_X	5.11758	W_Y	0.0131812	A	177.778	OX	5.17795	O_Y	-0.54247				
W_X	5.11758	W_Y	0.0131812	A	177.778	OX	5.17795	O_Y	-0.54247				
W_X	5.11758	W_Y	0.0131812	A	177.778	OX	5.17795	O_Y	-0.54247				
W_X	5.05635	W_Y	0.0192576	A	177.778	OX	5.11645	O_Y	-0.540084				
W_X	5.01552	W_Y	0.0233086	A	177.778	OX	5.07546	O_Y	-0.538494				
W_X	4.99511	W_Y	0.0253341	A	177.778	OX	5.05496	O_Y	-0.537698				
W_X	4.97319	W_Y	0.0264763	A	177.778	OX	5.03426	O_Y	-0.536895				
W_X	4.95249	W_Y	0.0281178	A	177.778	OX	5.01398	O_Y	-0.536108				
W_X	4.93208	W_Y	0.0301347	A	177.778	OX	4.99348	O_Y	-0.535313				
W_X	4.91166	W_Y	0.0321517	A	177.778	OX	4.97298	O_Y	-0.534518				
W_X	4.89125	W_Y	0.0341688	A	177.778	OX	4.95248	O_Y	-0.533723				
W_X	4.85042	W_Y	0.0382028	A	177.778	OX	4.91149	O_Y	-0.532132				
W_X	4.83	W_Y	0.0402197	A	177.583	OX	4.89099	O_Y	-0.531337				
W_X	4.8096	W_Y	0.0423061	A	177.583	OX	4.87049	O_Y	-0.530472				
W_X	4.78756	W_Y	0.0471654	A	177.407	OX	4.85	O_Y	-0.529607				
W_X	4.76578	W_Y	0.0516735	A	177.407	OX	4.8295	O_Y	-0.528679				
W_X	4.7454	W_Y	0.0538456	A	177.407	OX	4.80902	O_Y	-0.527751				
W_X	4.72499	W_Y	0.0560196	A	177.407	OX	4.78852	O_Y	-0.526823				
W_X	4.7046	W_Y	0.0581928	A	177.407	OX	4.76803	O_Y	-0.525894				
W_X	4.6842	W_Y	0.060366	A	177.407	OX	4.74754	O_Y	-0.524966				
W_X	4.64341	W_Y	0.0647121	A	177.407	OX	4.70656	O_Y	-0.52311				
W_X	4.62301	W_Y	0.0668855	A	177.407	OX	4.68607	O_Y	-0.522182				
W_X	4.60261	W_Y	0.0690586	A	177.407	OX	4.66558	O_Y	-0.521254				
W_X	4.58218	W_Y	0.0722707	A	177.407	OX	4.64508	O_Y	-0.520326				
W_X	4.56158	W_Y	0.0801938	A	177.407	OX	4.62458	O_Y	-0.519397				
W_X	4.54115	W_Y	0.0834264	A	177.559	OX	4.60409	O_Y	-0.518469				
W_X	4.52075	W_Y	0.0856156	A	177.559	OX	4.5836	O_Y	-0.517595				
W_X	4.50036	W_Y	0.0878047	A	177.826	OX	4.5631	O_Y	-0.516721				
W_X	4.47995	W_Y	0.0898994	A	178.051	OX	4.5426	O_Y	-0.515943				
W_X	4.45954	W_Y	0.0919126	A	178.222	OX	4.5221	O_Y	-0.515246				
W_X	4.43912	W_Y	0.0938651	A	178.392	OX	4.5016	O_Y	-0.514609				
W_X	4.39826	W_Y	0.0976507	A	178.392	OX	4.46059	O_Y	-0.513458				
W_X	4.37784	W_Y	0.0995426	A	178.696	OX	4.44009	O_Y	-0.512882				
W_X	4.35637	W_Y	0.100752	A	178.696	OX	4.41958	O_Y	-0.512415				
W_X	4.33454	W_Y	0.10177	A	178.903	OX	4.39907	O_Y	-0.511948				
W_X	4.3141	W_Y	0.10348	A	178.903	OX	4.37856	O_Y	-0.511556				
W_X	4.29365	W_Y	0.105191	A	178.903	OX	4.35805	O_Y	-0.511163				
W_X	4.25278	W_Y	0.108612	A	178.903	OX	4.31704	O_Y	-0.510377				
W_X	4.23233	W_Y	0.110323	A	178.903	OX	4.29652	O_Y	-0.509984				
W_X	4.21189	W_Y	0.112034	A	179.14	OX	4.27601	O_Y	-0.509591				
W_X	4.19144	W_Y	0.11366	A	179.444	OX	4.2555	O_Y	-0.509284				
W_X	4.17098	W_Y	0.115178	A	179.748	OX	4.23499	O_Y	-0.509085				
W_X	4.15049	W_Y	0.116588	A	179.748	OX	4.21445	O_Y	-0.508994				
W_X	4.1281	W_Y	0.118645	A	179.748	OX	4.19392	O_Y	-0.508904				
W_X	4.08642	W_Y	0.12174	A	-179.68	OX	4.15289	O_Y	-0.508724				
W_X	4.06595	W_Y	0.122955	A	-179.498	OX	4.13238	O_Y	-0.508838				
W_X	4.04547	W_Y	0.124106	A	-179.498	OX	4.11187	O_Y	-0.509018				
W_X	4.02501	W_Y	0.125256	A	-179.297	OX	4.09138	O_Y	-0.509198				
W_X	4.00453	W_Y	0.126336	A	-179.297	OX	4.07087	O_Y	-0.50945				
W_X	3.98404	W_Y	0.127415	A	-179.096	OX	4.05035	O_Y	-0.509701				
W_X	3.96355	W_Y	0.128423	A	-178.895	OX	4.02984	O_Y	-0.510025				
W_X	3.94305	W_Y	0.129359	A	-178.895	OX	4.00932	O_Y	-0.510421				
W_X	3.9216	W_Y	0.130763	A	-178.895	OX	3.98881	O_Y	-0.510816				
W_X	3.89861	W_Y	0.132916	A	-178.895	OX	3.9683	O_Y	-0.511212				
W_X	3.87805	W_Y	0.133869	A	-178.895	OX	3.94779	O_Y	-0.511607				
W_X	3.87805	W_Y	0.133869	A	-178.895	OX	3.94779	O_Y	-0.511607				
W_X	3.83709	W_Y	0.135708	A	-178.719	OX	3.9068	O_Y	-0.512398				
W_X	3.79609	W_Y	0.137422	A	-178.542	OX	3.86578	O_Y	-0.513315				
W_X	3.77558	W_Y	0.138216	A	-178.019	OX	3.84526	O_Y	-0.513837				
W_X	3.75506	W_Y	0.138823	A	-177.745	OX	3.82475	O_Y	-0.514547				
W_X	3.73457	W_Y	0.139331	A	-177.569	OX	3.80426	O_Y	-0.515353				
W_X	3.71406	W_Y	0.139776	A	-177.222	OX	3.78377	O_Y	-0.516223				
W_X	3.6906	W_Y	0.141636	A	-177.064	OX	3.76328	O_Y	-0.517217				
W_X	3.66754	W_Y	0.143232	A	-176.906	OX	3.74279	O_Y	-0.518268				
W_X	3.62653	W_Y	0.14365	A	-176.262	OX	3.70184	O_Y	-0.520481				
W_X	3.60602	W_Y	0.143628	A	-176.091	OX	3.68137	O_Y	-0.521818				
W_X	3.5855	W_Y	0.143546	A	-175.824	OX	3.66091	O_Y	-0.523217				
W_X	3.56499	W_Y	0.143367	A	-175.526	OX	3.64045	O_Y	-0.524711				
W_X	3.54448	W_Y	0.143082	A	-175.526	OX	3.62	O_Y	-0.526311				
W_X	3.52396	W_Y	0.142796	A	-175.331	OX	3.59954	O_Y	-0.527911				
W_X	3.50345	W_Y	0.142441	A	-175.136	OX	3.5791	O_Y	-0.529581				
W_X	3.46181	W_Y	0.141623	A	-174.808	OX	3.53822	O_Y	-0.53306				
W_X	3.43684	W_Y	0.141294	A	-174.613	OX	3.51779	O_Y	-0.534916				
W_X	3.41536	W_Y	0.140723	A	-174.315	OX	3.49737	O_Y	-0.536842				
W_X	3.39486	W_Y	0.139998	A	-174.042	OX	3.47696	O_Y	-0.538873				
W_X	3.37436	W_Y	0.139175	A	-173.78	OX	3.45655	O_Y	-0.541003				
W_X	3.35386	W_Y	0.138258	A	-173.598	OX	3.43615	O_Y	-0.543226				
W_X	3.33339	W_Y	0.137277	A	-173.415	OX	3.41578	O_Y	-0.545512				
W_X	3.31292	W_Y	0.136231	A	-172.624	OX	3.39542	O_Y	-0.547862				
W_X	3.27198	W_Y	0.133571	A	-172.624	OX	3.35473	O_Y	-0.553129				
W_X	3.25151	W_Y	0.132241	A	-172.332	OX	3.33439	O_Y	-0.555763				
W_X	3.23017	W_Y	0.131619	A	-172.101	OX	3.31406	O_Y	-0.5585				
W_X	3.20854	W_Y	0.131199	A	-172.101	OX	3.29374	O_Y	-0.561319				
W_X	3.18808	W_Y	0.129683	A	-172.101	OX	3.27342	O_Y	-0.564138				
W_X	3.16762	W_Y	0.128166	A	-171.505	OX	3.25309	O_Y	-0.566958				
W_X	3.14718	W_Y	0.126437	A	-171.505	OX	3.23281	O_Y	-0.569988				
W_X	3.12674	W_Y	0.124708	A	-171.505	OX	3.21252	O_Y	-0.573019				
W_X	3.10629	W_Y	0.122979	A	-171.505	OX	3.19223	O_Y	-0.576049				
W_X	3.08585	W_Y	0.12125	A	-171.505	OX	3.17194	O_Y	-0.579079				
W_X	3.06542	W_Y	0.119521	A	-171.505	OX	3.15165	O_Y	-0.582109				
W_X	3.04498	W_Y	0.117792	A	-171.505	OX	3.13137	O_Y	-0.58514				
W_X	3.0025	W_Y	0.108883	A	-171.018	OX	3.09079	O_Y	-0.5912				
W_X	2.98144	W_Y	0.104776	A	-170.854	OX	3.07051	O_Y	-0.594405				
W_X	2.96104	W_Y	0.102734	A	-170.854	OX	3.05028	O_Y	-0.597663				
W_X	2.94063	W_Y	0.100691	A	-170.568	OX	3.03002	O_Y	-0.600924				
W_X	2.92023	W_Y	0.0985453	A	-170.568	OX	3.00979	O_Y	-0.604285				
W_X	2.89983	W_Y	0.0963999	A	-170.325	OX	2.98955	O_Y	-0.607647				
W_X	2.87944	W_Y	0.0941679	A	-170.082	OX	2.96933	O_Y	-0.611094				
W_X	2.83868	W_Y	0.0895307	A	-170.082	OX	2.92892	O_Y	-0.618161				
W_X	2.81829	W_Y	0.0872123	A	-169.875	OX	2.90871	O_Y	-0.621694				
W_X	2.79681	W_Y	0.0828855	A	-169.607	OX	2.88852	O_Y	-0.6253				
W_X	2.7735	W_Y	0.0752263	A	-169.607	OX	2.86834	O_Y	-0.629				
W_X	2.75314	W_Y	0.0726831	A	-169.401	OX	2.84816	O_Y	-0.632701				
W_X	2.7328	W_Y	0.0700662	A	-169.401	OX	2.828	O_Y	-0.636474				
W_X	2.71245	W_Y	0.0674494	A	-169.401	OX	2.80784	O_Y	-0.640248				
W_X	2.67176	W_Y	0.0622156	A	-169.401	OX	2.76751	O_Y	-0.647795				
W_X	2.65141	W_Y	0.059599	A	-169.401	OX	2.74734	O_Y	-0.651568				
W_X	2.63107	W_Y	0.0569822	A	-169.401	OX	2.72718	O_Y	-0.655341				
W_X	2.61073	W_Y	0.0543668	A	-169.401	OX	2.70703	O_Y	-0.659112				
W_X	2.59038	W_Y	0.05175	A	-169.401	OX	2.68686	O_Y	-0.662886				
W_X	2.57143	W_Y	0.0486203	A	-169.401	OX	2.6667	O_Y	-0.666659				
W_X	2.55213	W_Y	0.0455634	A	-168.89	OX	2.64653	O_Y	-0.670434				
W_X	2.53181	W_Y	0.0427143	A	-168.89	OX	2.6264	O_Y	-0.674387				
W_X	2.5115	W_Y	0.0398655	A	-168.89	OX	2.60627	O_Y	-0.67834				
W_X	2.49119	W_Y	0.0370169	A	-168.89	OX	2.58614	O_Y	-0.682293				
W_X	2.47087	W_Y	0.0341681	A	-168.89	OX	2.56601	O_Y	-0.686246				
W_X	2.45056	W_Y	0.0313196	A	-168.634	OX	2.54589	O_Y	-0.690198				
W_X	2.43026	W_Y	0.0283806	A	-168.379	OX	2.52578	O_Y	-0.69424				
W_X	2.38968	W_Y	0.0223208	A	-168.379	OX	2.48559	O_Y	-0.702505				
W_X	2.36883	W_Y	0.0188294	A	-168.744	OX	2.4655	O_Y	-0.706637				
W_X	2.34526	W_Y	0.0131996	A	-168.982	OX	2.44538	O_Y	-0.710641				
W_X	2.32435	W_Y	0.00984756	A	-169.189	OX	2.42524	O_Y	-0.714562				
W_X	2.30403	W_Y	0.00706709	A	-169.487	OX	2.40509	O_Y	-0.71841				
W_X	2.28369	W_Y	0.004393	A	-169.64	OX	2.38493	O_Y	-0.722152				
W_X	2.26335	W_Y	0.001773	A	-169.792	OX	2.36475	O_Y	-0.725841				
W_X	2.22264	W_Y	-0.00335953	A	-170.304	OX	2.32437	O_Y	-0.733112				
W_X	2.20227	W_Y	-0.00574358	A	-170.523	OX	2.30415	O_Y	-0.736567				
W_X	2.18188	W_Y	-0.00805	A	-170.523	OX	2.28392	O_Y	-0.739945				
W_X	2.1615	W_Y	-0.0103561	A	-170.761	OX	2.26368	O_Y	-0.743322				
W_X	2.13967	W_Y	-0.0156215	A	-170.968	OX	2.24343	O_Y	-0.746616				
W_X	2.11729	W_Y	-0.0220177	A	-170.968	OX	2.22318	O_Y	-0.749836				
W_X	2.0969	W_Y	-0.0242144	A	-170.968	OX	2.20292	O_Y	-0.753055				
W_X	2.05611	W_Y	-0.0286092	A	-170.968	OX	2.1624	O_Y	-0.759497				
W_X	2.03571	W_Y	-0.0308067	A	-170.968	OX	2.14214	O_Y	-0.762717				
W_X	2.01532	W_Y	-0.0330035	A	-170.968	OX	2.12189	O_Y	-0.765937				
W_X	1.99492	W_Y	-0.035201	A	-170.968	OX	2.10163	O_Y	-0.769158				
W_X	1.97453	W_Y	-0.037398	A	-170.968	OX	2.08137	O_Y	-0.772378				
W_X	1.95413	W_Y	-0.0395953	A	-170.968	OX	2.06111	O_Y	-0.775599				
W_X	1.93373	W_Y	-0.0417926	A	-170.968	OX	2.04085	O_Y	-0.778819				
W_X	1.89272	W_Y	-0.0440408	A	-171.382	OX	2.00034	O_Y	-0.785259				
W_X	1.87221	W_Y	-0.0452166	A	-171.382	OX	1.98006	O_Y	-0.788333				
W_X	1.8518	W_Y	-0.0472461	A	-171.541	OX	1.95978	O_Y	-0.791406				
W_X	1.83137	W_Y	-0.04922	A	-171.541	OX	1.93948	O_Y	-0.794425				
W_X	1.81095	W_Y	-0.0511931	A	-171.541	OX	1.91919	O_Y	-0.797443				
W_X	1.79053	W_Y	-0.0531665	A	-171.541	OX	1.89889	O_Y	-0.800461				
W_X	1.7701	W_Y	-0.0551411	A	-171.541	OX	1.87859	O_Y	-0.803481				
W_X	1.74969	W_Y	-0.0571133	A	-171.742	OX	1.85831	O_Y	-0.806498				
W_X	1.72926	W_Y	-0.0590151	A	-171.742	OX	1.838	O_Y	-0.809445				
W_X	1.70849	W_Y	-0.0610512	A	-171.742	OX	1.8177	O_Y	-0.812391				
W_X	1.68714	W_Y	-0.0633293	A	-171.742	OX	1.7974	O_Y	-0.815338				
W_X	1.66672	W_Y	-0.0652466	A	-171.742	OX	1.7771	O_Y	-0.818284				
W_X	1.60547	W_Y	-0.0709982	A	-171.742	OX	1.71621	O_Y	-0.827121				
W_X	1.60547	W_Y	-0.0709982	A	-171.742	OX	1.71621	O_Y	-0.827121				
W_X	1.58505	W_Y	-0.0729156	A	-171.742	OX	1.69592	O_Y	-0.830068				
W_X	1.56462	W_Y	-0.0748334	A	-171.742	OX	1.67561	O_Y	-0.833014				
W_X	1.5442	W_Y	-0.076751	A	-171.742	OX	1.65531	O_Y	-0.835961				
W_X	1.52377	W_Y	-0.0786687	A	-171.742	OX	1.63501	O_Y	-0.838907				
W_X	1.50335	W_Y	-0.0805864	A	-171.742	OX	1.61471	O_Y	-0.841854				
W_X	1.46251	W_Y	-0.0844207	A	-171.742	OX	1.57412	O_Y	-0.847746				
section	back	liner											
section	back	liner											
W_X	1.04494	W_Y	-0.123756	A	-173.496	OX	1.32991	O_Y	-0.87859				
W_X	1.00364	W_Y	-0.124333	A	-175.28	OX	1.12576	O_Y	-0.898612				
W_X	1.00364	W_Y	-0.124333	A	-175.28	OX	1.12576	O_Y	-0.898612				
W_X	0.962637	W_Y	-0.125851	A	-175.561	OX	1.08486	O_Y	-0.901989				
W_X	0.942134	W_Y	-0.12651	A	-175.561	OX	1.06441	O_Y	-0.903576				
W_X	0.942134	W_Y	-0.12651	A	-175.561	OX	1.06441	O_Y	-0.903576				
W_X	0.901127	W_Y	-0.12774	A	-175.804	OX	1.0235	O_Y	-0.906665				
W_X	0.880622	W_Y	-0.128311	A	-175.804	OX	1.00304	O_Y	-0.908166				
W_X	0.839612	W_Y	-0.129454	A	-175.804	OX	0.962129	O_Y	-0.911167				
W_X	0.819108	W_Y	-0.130026	A	-176.121	OX	0.941672	O_Y	-0.912668				
W_X	0.797354	W_Y	-0.128546	A	-176.121	OX	0.921206	O_Y	-0.914056				
W_X	0.776359	W_Y	-0.12821	A	-176.34	OX	0.900738	O_Y	-0.915444				
W_X	0.755848	W_Y	-0.128549	A	-176.529	OX	0.880266	O_Y	-0.916753				
W_X	0.735338	W_Y	-0.128819	A	-176.529	OX	0.859792	O_Y	-0.917995				
W_X	0.714827	W_Y	-0.12909	A	-176.529	OX	0.839317	O_Y	-0.919237				
W_X	0.67379	W_Y	-0.129631	A	-176.846	OX	0.798351	O_Y	-0.921721				
W_X	0.653277	W_Y	-0.129788	A	-176.846	OX	0.777869	O_Y	-0.92285				
W_X	0.632554	W_Y	-0.129947	A	-176.846	OX	0.757176	O_Y	-0.92399				
W_X	0.611089	W_Y	-0.129457	A	-177.118	OX	0.736904	O_Y	-0.925107				
W_X	0.589601	W_Y	-0.128994	A	-177.118	OX	0.716413	O_Y	-0.926138				
W_X	0.569091	W_Y	-0.129071	A	-177.41	OX	0.695929	O_Y	-0.92717				
W_X	0.548581	W_Y	-0.129042	A	-177.703	OX	0.67544	O_Y	-0.928096				
W_X	0.507555	W_Y	-0.128776	A	-178.202	OX	0.634446	O_Y	-0.929741				
W_X	0.487059	W_Y	-0.128465	A	-178.202	OX	0.613958	O_Y	-0.930384				
W_X	0.466545	W_Y	-0.128153	A	-178.482	OX	0.593452	O_Y	-0.931028				
W_X	0.466545	W_Y	-0.128153	A	-178.482	OX	0.593452	O_Y	-0.931028				
W_X	0.42553	W_Y	-0.127329	A	-178.83	OX	0.552443	O_Y	-0.932114				
W_X	0.405079	W_Y	-0.12692	A	-179.177	OX	0.531931	O_Y	-0.932533				
W_X	0.385216	W_Y	-0.127672	A	-179.177	OX	0.511406	O_Y	-0.932828				
W_X	0.364892	W_Y	-0.127377	A	-179.384	OX	0.490897	O_Y	-0.933123				
W_X	0.344405	W_Y	-0.126626	A	-179.384	OX	0.470398	O_Y	-0.933343				
W_X	0.323907	W_Y	-0.125875	A	-179.384	OX	0.449887	O_Y	-0.933564				
W_X	0.303407	W_Y	-0.125125	A	-179.384	OX	0.429375	O_Y	-0.933785				
W_X	0.282908	W_Y	-0.124374	A	-179.573	OX	0.408863	O_Y	-0.934005				
W_X	0.262412	W_Y	-0.123555	A	-179.762	OX	0.388352	O_Y	-0.934158				
W_X	0.221422	W_Y	-0.121783	A	-179.762	OX	0.347323	O_Y	-0.934329				
W_X	0.200928	W_Y	-0.120897	A	-179.762	OX	0.32681	O_Y	-0.934414				
W_X	0.179907	W_Y	-0.119602	A	179.989	OX	0.306297	O_Y	-0.9345				
W_X	0.158453	W_Y	-0.11786	A	179.989	OX	0.285793	O_Y	-0.934496				
W_X	0.137955	W_Y	-0.116872	A	179.745	OX	0.265271	O_Y	-0.934492				
W_X	0.117471	W_Y	-0.115797	A	179.745	OX	0.244759	O_Y	-0.9344				
W_X	0.0969869	W_Y	-0.114722	A	179.745	OX	0.224247	O_Y	-0.934309				
W_X	0.0560149	W_Y	-0.112571	A	179.209	OX	0.183219	O_Y	-0.934127				
W_X	0.035541	W_Y	-0.111305	A	179.209	OX	0.162708	O_Y	-0.933844				
W_X	0.0150663	W_Y	-0.110038	A	178.935	OX	0.142196	O_Y	-0.93356				
W_X	-0.00540071	W_Y	-0.108673	A	178.691	OX	0.121687	O_Y	-0.933179				
section	back	liner											
