W_X	0.0345086	W_Y	-0.000694511	A	0	O_X	0	O_Y	0	g_odom_x	0	g_odom_y	0
W_X	0.0345086	W_Y	-0.000694511	A	0	O_X	0	O_Y	0	g_odom_x	0	g_odom_y	0
W_X	0.0345086	W_Y	-0.000694511	A	0	O_X	0	O_Y	0	g_odom_x	0	g_odom_y	0
W_X	0.0447648	W_Y	-0.000682913	A	0	O_X	0.0102562	O_Y	0	g_odom_x	0	g_odom_y	0
W_X	0.0555924	W_Y	-0.00067067	A	0.746639	O_X	0.0210838	O_Y	0	g_odom_x	0	g_odom_y	0
W_X	0.0663554	W_Y	-0.000518232	A	1.49328	O_X	0.031847	O_Y	0.000140267	g_odom_x	0	g_odom_y	0
W_X	0.0771539	W_Y	-0.000224514	A	-0.265375	O_X	0.0426457	O_Y	0.000421774	g_odom_x	0	g_odom_y	0
W_X	0.0884899	W_Y	-0.000264201	A	-0.835651	O_X	0.0539818	O_Y	0.000369269	g_odom_x	0	g_odom_y	0
W_X	0.0998268	W_Y	-0.000416737	A	-0.188467	O_X	0.0653184	O_Y	0.000203913	g_odom_x	0	g_odom_y	0
W_X	0.111162	W_Y	-0.000441205	A	0.190782	O_X	0.0766539	O_Y	0.000166627	g_odom_x	0	g_odom_y	0
W_X	0.123578	W_Y	-0.000385824	A	0.190782	O_X	0.0890697	O_Y	0.000207969	g_odom_x	0	g_odom_y	0
W_X	0.135994	W_Y	-0.000330443	A	0.190782	O_X	0.101485	O_Y	0.000249311	g_odom_x	0	g_odom_y	0
W_X	0.160823	W_Y	-0.000219691	A	-0.304514	O_X	0.126314	O_Y	0.000331986	g_odom_x	0	g_odom_y	0
W_X	0.173243	W_Y	-0.000271656	A	-0.304514	O_X	0.138734	O_Y	0.000265976	g_odom_x	0	g_odom_y	0
W_X	0.186197	W_Y	-0.000325856	A	-0.304514	O_X	0.151688	O_Y	0.000197129	g_odom_x	0	g_odom_y	0
W_X	0.199153	W_Y	-0.000380065	A	-0.304514	O_X	0.164644	O_Y	0.000128269	g_odom_x	0	g_odom_y	0
W_X	0.212648	W_Y	-0.000436529	A	-0.0774182	O_X	0.178139	O_Y	5.65454E-05	g_odom_x	0	g_odom_y	0
W_X	0.226144	W_Y	-0.000439503	A	-0.0774182	O_X	0.191635	O_Y	3.83095E-05	g_odom_x	0	g_odom_y	0
W_X	0.23964	W_Y	-0.000442478	A	-0.0774182	O_X	0.205132	O_Y	2.00736E-05	g_odom_x	0	g_odom_y	0
W_X	0.267711	W_Y	-0.000448665	A	-0.0774182	O_X	0.233202	O_Y	-1.78559E-05	g_odom_x	0	g_odom_y	0
W_X	0.281748	W_Y	-0.000451759	A	-0.0774182	O_X	0.247239	O_Y	-3.68225E-05	g_odom_x	0	g_odom_y	0
W_X	0.296322	W_Y	-0.000454972	A	-0.0774182	O_X	0.261813	O_Y	-5.65149E-05	g_odom_x	0	g_odom_y	0
W_X	0.310896	W_Y	-0.000458184	A	-0.0774182	O_X	0.276387	O_Y	-7.62075E-05	g_odom_x	0	g_odom_y	0
W_X	0.325472	W_Y	-0.000461397	A	-0.0774182	O_X	0.290964	O_Y	-9.59033E-05	g_odom_x	0	g_odom_y	0
W_X	0.340588	W_Y	-0.000464729	A	-0.0774182	O_X	0.30608	O_Y	-0.000116328	g_odom_x	0	g_odom_y	0
W_X	0.355704	W_Y	-0.000468061	A	-0.0774182	O_X	0.321195	O_Y	-0.000136752	g_odom_x	0	g_odom_y	0
W_X	0.387013	W_Y	-0.000474962	A	-0.0774182	O_X	0.352505	O_Y	-0.000179058	g_odom_x	0	g_odom_y	0
W_X	0.402676	W_Y	-0.000478414	A	-0.0774182	O_X	0.368167	O_Y	-0.000200221	g_odom_x	0	g_odom_y	0
W_X	0.441854	W_Y	-0.0142298	A	-0.0774182	O_X	0.383814	O_Y	-0.000221363	g_odom_x	0	g_odom_y	0
W_X	0.466849	W_Y	-0.0195825	A	-0.0774182	O_X	0.40002	O_Y	-0.00024326	g_odom_x	0	g_odom_y	0
W_X	0.483042	W_Y	-0.0197943	A	-0.0774182	O_X	0.416215	O_Y	-0.000265143	g_odom_x	0	g_odom_y	0
W_X	0.499236	W_Y	-0.0200062	A	-0.0774182	O_X	0.43241	O_Y	-0.000287026	g_odom_x	0	g_odom_y	0
W_X	0.51543	W_Y	-0.020218	A	-0.0774182	O_X	0.448605	O_Y	-0.000308909	g_odom_x	0	g_odom_y	0
W_X	0.548886	W_Y	-0.0206557	A	-0.0774182	O_X	0.482064	O_Y	-0.000354118	g_odom_x	0	g_odom_y	0
W_X	0.566159	W_Y	-0.0208816	A	-0.0774182	O_X	0.499338	O_Y	-0.000377459	g_odom_x	0	g_odom_y	0
W_X	0.583429	W_Y	-0.0211076	A	0.113116	O_X	0.516609	O_Y	-0.000400796	g_odom_x	0	g_odom_y	0
W_X	0.6007	W_Y	-0.0212761	A	0.113116	O_X	0.533882	O_Y	-0.000366697	g_odom_x	0	g_odom_y	0
W_X	0.618517	W_Y	-0.0214499	A	0.113116	O_X	0.5517	O_Y	-0.000331519	g_odom_x	0	g_odom_y	0
W_X	0.636869	W_Y	-0.0216289	A	0.113116	O_X	0.570052	O_Y	-0.000295287	g_odom_x	0	g_odom_y	0
W_X	0.655221	W_Y	-0.021808	A	0.113116	O_X	0.588405	O_Y	-0.000259054	g_odom_x	0	g_odom_y	0
W_X	0.687169	W_Y	-0.0211147	A	0.113116	O_X	0.625112	O_Y	-0.000186585	g_odom_x	0	g_odom_y	0
W_X	0.695799	W_Y	-0.0192164	A	0.113116	O_X	0.643471	O_Y	-0.000150339	g_odom_x	0	g_odom_y	0
W_X	0.714693	W_Y	-0.019475	A	0.113116	O_X	0.662367	O_Y	-0.000113035	g_odom_x	0	g_odom_y	0
W_X	0.733577	W_Y	-0.0197334	A	0.352322	O_X	0.681253	O_Y	-7.57486E-05	g_odom_x	0	g_odom_y	0
W_X	0.75301	W_Y	-0.0199181	A	0.352322	O_X	0.700686	O_Y	4.37521E-05	g_odom_x	0	g_odom_y	0
W_X	0.772445	W_Y	-0.0201029	A	0.530751	O_X	0.720122	O_Y	0.000163266	g_odom_x	0	g_odom_y	0
W_X	0.791881	W_Y	-0.0202272	A	0.70918	O_X	0.739557	O_Y	0.000343306	g_odom_x	0	g_odom_y	0
W_X	0.831824	W_Y	-0.0203582	A	0.70918	O_X	0.779497	O_Y	0.000837696	g_odom_x	0	g_odom_y	0
W_X	0.851798	W_Y	-0.0204237	A	0.863239	O_X	0.79947	O_Y	0.00108492	g_odom_x	0	g_odom_y	0
W_X	0.872744	W_Y	-0.020436	A	0.863239	O_X	0.820414	O_Y	0.00140049	g_odom_x	0	g_odom_y	0
W_X	0.891007	W_Y	-0.0233227	A	1.04387	O_X	0.840495	O_Y	0.00170307	g_odom_x	0	g_odom_y	0
W_X	0.910076	W_Y	-0.0258532	A	1.04387	O_X	0.861002	O_Y	0.00207673	g_odom_x	0	g_odom_y	0
W_X	0.930583	W_Y	-0.0262572	A	1.04387	O_X	0.881509	O_Y	0.00245038	g_odom_x	0	g_odom_y	0
W_X	0.971593	W_Y	-0.027065	A	1.04387	O_X	0.922521	O_Y	0.00319765	g_odom_x	0	g_odom_y	0
W_X	0.992111	W_Y	-0.0274692	A	1.04387	O_X	0.94304	O_Y	0.00357152	g_odom_x	0	g_odom_y	0
W_X	1.01262	W_Y	-0.0278732	A	1.04387	O_X	0.963549	O_Y	0.00394522	g_odom_x	0	g_odom_y	0
section	ahead	liner											
W_X	1.27335	W_Y	-0.052735	A	1.04387	O_X	1.00458	O_Y	0.0046928	g_odom_x	0	g_odom_y	0
W_X	1.29387	W_Y	-0.0533803	A	1.04387	O_X	1.23018	O_Y	0.00880345	g_odom_x	0	g_odom_y	0
W_X	1.31437	W_Y	-0.0540252	A	1.04387	O_X	1.25069	O_Y	0.00917716	g_odom_x	0	g_odom_y	0
W_X	1.33825	W_Y	-0.0514473	A	1.04387	O_X	1.2712	O_Y	0.00955089	g_odom_x	0	g_odom_y	0
W_X	1.36716	W_Y	-0.0440396	A	1.04387	O_X	1.29171	O_Y	0.00992462	g_odom_x	0	g_odom_y	0
W_X	1.38766	W_Y	-0.0446585	A	1.04387	O_X	1.31222	O_Y	0.0102983	g_odom_x	0	g_odom_y	0
W_X	1.40816	W_Y	-0.0452776	A	1.04387	O_X	1.33273	O_Y	0.010672	g_odom_x	0	g_odom_y	0
W_X	1.42867	W_Y	-0.0458967	A	1.04387	O_X	1.35324	O_Y	0.0110457	g_odom_x	0	g_odom_y	0
W_X	1.46968	W_Y	-0.0471347	A	1.04387	O_X	1.39426	O_Y	0.0117931	g_odom_x	0	g_odom_y	0
W_X	1.49018	W_Y	-0.0477537	A	1.24664	O_X	1.41477	O_Y	0.0121669	g_odom_x	0	g_odom_y	0
W_X	1.51068	W_Y	-0.0483001	A	1.24664	O_X	1.43527	O_Y	0.0126131	g_odom_x	0	g_odom_y	0
W_X	1.5312	W_Y	-0.0488467	A	1.47383	O_X	1.45579	O_Y	0.0130595	g_odom_x	0	g_odom_y	0
W_X	1.5517	W_Y	-0.0493117	A	1.47383	O_X	1.47629	O_Y	0.013587	g_odom_x	0	g_odom_y	0
W_X	1.57693	W_Y	-0.0480044	A	1.47383	O_X	1.49679	O_Y	0.0141144	g_odom_x	0	g_odom_y	0
W_X	1.62288	W_Y	-0.0466149	A	1.47383	O_X	1.5378	O_Y	0.0151697	g_odom_x	0	g_odom_y	0
W_X	1.64339	W_Y	-0.0468532	A	1.47383	O_X	1.55831	O_Y	0.0156972	g_odom_x	0	g_odom_y	0
W_X	1.66391	W_Y	-0.0470915	A	1.47383	O_X	1.57881	O_Y	0.0162248	g_odom_x	0	g_odom_y	0
W_X	1.68441	W_Y	-0.0473297	A	1.47383	O_X	1.59931	O_Y	0.0167523	g_odom_x	0	g_odom_y	0
W_X	1.70494	W_Y	-0.0475682	A	1.47383	O_X	1.61983	O_Y	0.0172802	g_odom_x	0	g_odom_y	0
W_X	1.72544	W_Y	-0.0478064	A	1.47383	O_X	1.64033	O_Y	0.0178076	g_odom_x	0	g_odom_y	0
W_X	1.74594	W_Y	-0.0480446	A	1.47383	O_X	1.66083	O_Y	0.0183349	g_odom_x	0	g_odom_y	0
W_X	1.78696	W_Y	-0.0485212	A	1.47383	O_X	1.70184	O_Y	0.0193901	g_odom_x	0	g_odom_y	0
W_X	1.80747	W_Y	-0.0487595	A	1.47383	O_X	1.72234	O_Y	0.0199177	g_odom_x	0	g_odom_y	0
W_X	1.83749	W_Y	-0.0413453	A	1.47383	O_X	1.74285	O_Y	0.0204453	g_odom_x	0	g_odom_y	0
W_X	1.86264	W_Y	-0.0377292	A	1.71908	O_X	1.76334	O_Y	0.0209726	g_odom_x	0	g_odom_y	0
W_X	1.88315	W_Y	-0.0377723	A	1.8731	O_X	1.78384	O_Y	0.0215878	g_odom_x	0	g_odom_y	0
W_X	1.90367	W_Y	-0.0377602	A	1.8731	O_X	1.80435	O_Y	0.0222584	g_odom_x	0	g_odom_y	0
W_X	1.92419	W_Y	-0.0377481	A	1.8731	O_X	1.82486	O_Y	0.0229291	g_odom_x	0	g_odom_y	0
W_X	1.96521	W_Y	-0.0377239	A	1.8731	O_X	1.86586	O_Y	0.0242701	g_odom_x	0	g_odom_y	0
W_X	1.98574	W_Y	-0.0377118	A	1.8731	O_X	1.88638	O_Y	0.0249411	g_odom_x	0	g_odom_y	0
W_X	2.00624	W_Y	-0.0376997	A	1.8731	O_X	1.90687	O_Y	0.0256113	g_odom_x	0	g_odom_y	0
W_X	2.02475	W_Y	-0.0333309	A	2.11844	O_X	1.92737	O_Y	0.0262815	g_odom_x	0	g_odom_y	0
W_X	2.04246	W_Y	-0.0270614	A	2.11844	O_X	1.94786	O_Y	0.0270398	g_odom_x	0	g_odom_y	0
W_X	2.06299	W_Y	-0.0268291	A	2.29697	O_X	1.96838	O_Y	0.0277987	g_odom_x	0	g_odom_y	0
W_X	2.08352	W_Y	-0.0265328	A	2.47549	O_X	1.98889	O_Y	0.0286214	g_odom_x	0	g_odom_y	0
W_X	2.12452	W_Y	-0.0258131	A	2.47549	O_X	2.02987	O_Y	0.0303929	g_odom_x	0	g_odom_y	0
W_X	2.14503	W_Y	-0.0254531	A	2.47549	O_X	2.05036	O_Y	0.0312788	g_odom_x	0	g_odom_y	0
W_X	2.16554	W_Y	-0.0250931	A	2.47549	O_X	2.07086	O_Y	0.032165	g_odom_x	0	g_odom_y	0
W_X	2.18605	W_Y	-0.0247331	A	2.47549	O_X	2.09135	O_Y	0.0330509	g_odom_x	0	g_odom_y	0
W_X	2.20656	W_Y	-0.0243732	A	2.47549	O_X	2.11184	O_Y	0.0339369	g_odom_x	0	g_odom_y	0
W_X	2.22707	W_Y	-0.0240132	A	2.47549	O_X	2.13234	O_Y	0.0348229	g_odom_x	0	g_odom_y	0
W_X	2.22917	W_Y	-0.0193584	A	2.47549	O_X	2.15283	O_Y	0.0357089	g_odom_x	0	g_odom_y	0
W_X	2.26215	W_Y	-0.0166921	A	2.47549	O_X	2.19382	O_Y	0.0374809	g_odom_x	0	g_odom_y	0
W_X	2.28266	W_Y	-0.016297	A	2.47549	O_X	2.21431	O_Y	0.0383668	g_odom_x	0	g_odom_y	0
W_X	2.30317	W_Y	-0.0159019	A	2.47549	O_X	2.2348	O_Y	0.0392528	g_odom_x	0	g_odom_y	0
W_X	2.32368	W_Y	-0.0155068	A	2.47549	O_X	2.2553	O_Y	0.0401388	g_odom_x	0	g_odom_y	0
W_X	2.34419	W_Y	-0.0151115	A	2.47549	O_X	2.2758	O_Y	0.041025	g_odom_x	0	g_odom_y	0
W_X	2.3647	W_Y	-0.0147164	A	2.65392	O_X	2.29629	O_Y	0.0419111	g_odom_x	0	g_odom_y	0
W_X	2.38521	W_Y	-0.0142573	A	2.83234	O_X	2.31678	O_Y	0.0428609	g_odom_x	0	g_odom_y	0
W_X	2.42622	W_Y	-0.0132116	A	2.83234	O_X	2.35776	O_Y	0.0448881	g_odom_x	0	g_odom_y	0
W_X	2.44471	W_Y	-0.00988703	A	2.83234	O_X	2.37825	O_Y	0.0459018	g_odom_x	0	g_odom_y	0
W_X	2.45753	W_Y	0.00134522	A	2.83234	O_X	2.39874	O_Y	0.0469154	g_odom_x	0	g_odom_y	0
W_X	2.47722	W_Y	0.0030325	A	2.83234	O_X	2.41922	O_Y	0.0479289	g_odom_x	0	g_odom_y	0
W_X	2.49773	W_Y	0.00359118	A	2.83234	O_X	2.43971	O_Y	0.0489427	g_odom_x	0	g_odom_y	0
W_X	2.51823	W_Y	0.00414952	A	2.83234	O_X	2.46019	O_Y	0.049956	g_odom_x	0	g_odom_y	0
W_X	2.53874	W_Y	0.00470824	A	2.83234	O_X	2.48069	O_Y	0.0509699	g_odom_x	0	g_odom_y	0
W_X	2.55925	W_Y	0.00526683	A	2.67596	O_X	2.50118	O_Y	0.0519836	g_odom_x	0	g_odom_y	0
W_X	2.57975	W_Y	0.00576938	A	2.67596	O_X	2.52167	O_Y	0.0529412	g_odom_x	0	g_odom_y	0
W_X	2.60026	W_Y	0.00627193	A	2.67596	O_X	2.54216	O_Y	0.0538989	g_odom_x	0	g_odom_y	0
W_X	2.63515	W_Y	0.00603492	A	2.89096	O_X	2.58313	O_Y	0.055814	g_odom_x	0	g_odom_y	0
W_X	2.65296	W_Y	0.00603042	A	2.89096	O_X	2.60362	O_Y	0.0568485	g_odom_x	0	g_odom_y	0
W_X	2.67346	W_Y	0.00657442	A	2.89096	O_X	2.62411	O_Y	0.0578832	g_odom_x	0	g_odom_y	0
W_X	2.69397	W_Y	0.00711856	A	2.89096	O_X	2.6446	O_Y	0.058918	g_odom_x	0	g_odom_y	0
W_X	2.7145	W_Y	0.00766302	A	2.89096	O_X	2.6651	O_Y	0.0599535	g_odom_x	0	g_odom_y	0
W_X	2.73501	W_Y	0.00820727	A	2.89096	O_X	2.6856	O_Y	0.0609886	g_odom_x	0	g_odom_y	0
W_X	2.75551	W_Y	0.00875104	A	2.89096	O_X	2.70608	O_Y	0.0620227	g_odom_x	0	g_odom_y	0
W_X	2.77601	W_Y	0.00929495	A	2.89096	O_X	2.72656	O_Y	0.0630572	g_odom_x	0	g_odom_y	0
W_X	2.79653	W_Y	0.0098392	A	2.89096	O_X	2.74706	O_Y	0.0640923	g_odom_x	0	g_odom_y	0
W_X	2.81538	W_Y	0.0116324	A	2.89096	O_X	2.76756	O_Y	0.0651274	g_odom_x	0	g_odom_y	0
W_X	2.85001	W_Y	0.0175295	A	2.89096	O_X	2.80852	O_Y	0.0671963	g_odom_x	0	g_odom_y	0
W_X	2.86936	W_Y	0.0189604	A	2.89096	O_X	2.82901	O_Y	0.0682309	g_odom_x	0	g_odom_y	0
W_X	2.88985	W_Y	0.0195208	A	2.89096	O_X	2.84948	O_Y	0.0692647	g_odom_x	0	g_odom_y	0
W_X	2.91035	W_Y	0.0200817	A	2.89096	O_X	2.86997	O_Y	0.0702993	g_odom_x	0	g_odom_y	0
W_X	2.93086	W_Y	0.0206426	A	2.89096	O_X	2.89046	O_Y	0.0713339	g_odom_x	0	g_odom_y	0
W_X	2.95136	W_Y	0.0212034	A	2.89096	O_X	2.91094	O_Y	0.0723685	g_odom_x	0	g_odom_y	0
W_X	2.99237	W_Y	0.0223249	A	2.89096	O_X	2.95191	O_Y	0.0744373	g_odom_x	0	g_odom_y	0
W_X	3.01288	W_Y	0.0228861	A	2.89096	O_X	2.97241	O_Y	0.0754724	g_odom_x	0	g_odom_y	0
W_X	3.03339	W_Y	0.0234469	A	2.89096	O_X	2.99289	O_Y	0.0765069	g_odom_x	0	g_odom_y	0
W_X	3.05227	W_Y	0.0266985	A	2.89096	O_X	3.01338	O_Y	0.0775414	g_odom_x	0	g_odom_y	0
W_X	3.06954	W_Y	0.0326802	A	2.89096	O_X	3.03387	O_Y	0.0785759	g_odom_x	0	g_odom_y	0
W_X	3.09006	W_Y	0.0332955	A	2.89096	O_X	3.05436	O_Y	0.0796109	g_odom_x	0	g_odom_y	0
W_X	3.11055	W_Y	0.0339103	A	3.05107	O_X	3.07484	O_Y	0.0806452	g_odom_x	0	g_odom_y	0
W_X	3.13105	W_Y	0.0345825	A	3.21117	O_X	3.09532	O_Y	0.0817367	g_odom_x	0	g_odom_y	0
W_X	3.17205	W_Y	0.0360417	A	3.21117	O_X	3.13628	O_Y	0.0840348	g_odom_x	0	g_odom_y	0
W_X	3.19255	W_Y	0.0367713	A	3.21117	O_X	3.15676	O_Y	0.0851838	g_odom_x	0	g_odom_y	0
W_X	3.21305	W_Y	0.0375009	A	3.21117	O_X	3.17724	O_Y	0.0863328	g_odom_x	0	g_odom_y	0
W_X	3.23355	W_Y	0.0382305	A	3.21117	O_X	3.19772	O_Y	0.0874819	g_odom_x	0	g_odom_y	0
W_X	3.25405	W_Y	0.0389602	A	3.21117	O_X	3.21821	O_Y	0.0886312	g_odom_x	0	g_odom_y	0
W_X	3.26756	W_Y	0.0402659	A	3.21117	O_X	3.23869	O_Y	0.0897805	g_odom_x	0	g_odom_y	0
W_X	3.30398	W_Y	0.0420527	A	3.21117	O_X	3.27965	O_Y	0.0920782	g_odom_x	0	g_odom_y	0
W_X	3.32449	W_Y	0.0427581	A	3.21117	O_X	3.30013	O_Y	0.0932277	g_odom_x	0	g_odom_y	0
W_X	3.34498	W_Y	0.0434631	A	3.04266	O_X	3.32061	O_Y	0.0943766	g_odom_x	0	g_odom_y	0
W_X	3.36549	W_Y	0.044108	A	3.04266	O_X	3.3411	O_Y	0.0954655	g_odom_x	0	g_odom_y	0
W_X	3.38599	W_Y	0.0447527	A	3.04266	O_X	3.36158	O_Y	0.096554	g_odom_x	0	g_odom_y	0
W_X	3.40649	W_Y	0.0453977	A	3.04266	O_X	3.38206	O_Y	0.0976431	g_odom_x	0	g_odom_y	0
W_X	3.427	W_Y	0.0460427	A	3.04266	O_X	3.40255	O_Y	0.0987321	g_odom_x	0	g_odom_y	0
W_X	3.46801	W_Y	0.0473324	A	3.04266	O_X	3.44352	O_Y	0.10091	g_odom_x	0	g_odom_y	0
W_X	3.48894	W_Y	0.0480817	A	3.04266	O_X	3.464	O_Y	0.101999	g_odom_x	0	g_odom_y	0
W_X	3.51275	W_Y	0.0494896	A	3.04266	O_X	3.48452	O_Y	0.103089	g_odom_x	0	g_odom_y	0
W_X	3.53392	W_Y	0.0502692	A	3.04266	O_X	3.50497	O_Y	0.104176	g_odom_x	0	g_odom_y	0
W_X	3.55446	W_Y	0.0508851	A	3.04266	O_X	3.52548	O_Y	0.105266	g_odom_x	0	g_odom_y	0
W_X	3.57493	W_Y	0.0514991	A	3.04266	O_X	3.54594	O_Y	0.106354	g_odom_x	0	g_odom_y	0
W_X	3.59543	W_Y	0.0521139	A	3.04266	O_X	3.56642	O_Y	0.107442	g_odom_x	0	g_odom_y	0
W_X	3.61595	W_Y	0.052729	A	3.04266	O_X	3.58691	O_Y	0.108532	g_odom_x	0	g_odom_y	0
W_X	3.63645	W_Y	0.053344	A	2.76452	O_X	3.6074	O_Y	0.109621	g_odom_x	0	g_odom_y	0
W_X	3.65696	W_Y	0.0538593	A	2.76452	O_X	3.62788	O_Y	0.11061	g_odom_x	0	g_odom_y	0
W_X	3.67527	W_Y	0.0603362	A	2.456	O_X	3.64837	O_Y	0.111599	g_odom_x	0	g_odom_y	0
W_X	3.69435	W_Y	0.0646871	A	2.456	O_X	3.66888	O_Y	0.112479	g_odom_x	0	g_odom_y	0
W_X	3.71487	W_Y	0.0651181	A	2.456	O_X	3.68939	O_Y	0.113359	g_odom_x	0	g_odom_y	0
W_X	3.75588	W_Y	0.0659793	A	2.456	O_X	3.73037	O_Y	0.115116	g_odom_x	0	g_odom_y	0
W_X	3.7969	W_Y	0.0668406	A	2.456	O_X	3.77136	O_Y	0.116874	g_odom_x	0	g_odom_y	0
W_X	3.81741	W_Y	0.0672712	A	2.456	O_X	3.79185	O_Y	0.117753	g_odom_x	0	g_odom_y	0
W_X	3.83793	W_Y	0.0677022	A	2.456	O_X	3.81236	O_Y	0.118633	g_odom_x	0	g_odom_y	0
W_X	3.85844	W_Y	0.0681329	A	2.456	O_X	3.83286	O_Y	0.119512	g_odom_x	0	g_odom_y	0
W_X	3.87895	W_Y	0.0685636	A	2.456	O_X	3.85336	O_Y	0.120391	g_odom_x	0	g_odom_y	0
W_X	3.91997	W_Y	0.069425	A	2.456	O_X	3.89434	O_Y	0.122149	g_odom_x	0	g_odom_y	0
W_X	3.93933	W_Y	0.0757859	A	2.456	O_X	3.91484	O_Y	0.123028	g_odom_x	0	g_odom_y	0
W_X	3.95885	W_Y	0.0812774	A	2.456	O_X	3.93532	O_Y	0.123907	g_odom_x	0	g_odom_y	0
W_X	3.97937	W_Y	0.0817056	A	2.456	O_X	3.95583	O_Y	0.124786	g_odom_x	0	g_odom_y	0
W_X	3.99988	W_Y	0.0821336	A	2.456	O_X	3.97632	O_Y	0.125665	g_odom_x	0	g_odom_y	0
W_X	4.02039	W_Y	0.0825615	A	2.456	O_X	3.99682	O_Y	0.126544	g_odom_x	0	g_odom_y	0
W_X	4.04089	W_Y	0.0829894	A	2.456	O_X	4.01731	O_Y	0.127423	g_odom_x	0	g_odom_y	0
W_X	4.08191	W_Y	0.0838453	A	2.09455	O_X	4.0583	O_Y	0.129181	g_odom_x	0	g_odom_y	0
W_X	4.10242	W_Y	0.0841439	A	1.90165	O_X	4.0788	O_Y	0.129931	g_odom_x	0	g_odom_y	0
W_X	4.12341	W_Y	0.0857228	A	1.90165	O_X	4.09931	O_Y	0.130612	g_odom_x	0	g_odom_y	0
W_X	4.14507	W_Y	0.0892707	A	1.7453	O_X	4.1198	O_Y	0.131293	g_odom_x	0	g_odom_y	0
W_X	4.16562	W_Y	0.0895633	A	1.54635	O_X	4.1403	O_Y	0.131917	g_odom_x	0	g_odom_y	0
W_X	4.18614	W_Y	0.0896496	A	1.54635	O_X	4.16081	O_Y	0.132471	g_odom_x	0	g_odom_y	0
W_X	4.20665	W_Y	0.0897358	A	1.54635	O_X	4.18132	O_Y	0.133025	g_odom_x	0	g_odom_y	0
W_X	4.24768	W_Y	0.0899083	A	1.19708	O_X	4.22233	O_Y	0.134132	g_odom_x	0	g_odom_y	0
W_X	4.26819	W_Y	0.0898695	A	1.19708	O_X	4.24284	O_Y	0.13456	g_odom_x	0	g_odom_y	0
W_X	4.2887	W_Y	0.0898307	A	0.906792	O_X	4.26335	O_Y	0.134989	g_odom_x	0	g_odom_y	0
W_X	4.30924	W_Y	0.0896879	A	0.906792	O_X	4.28388	O_Y	0.135314	g_odom_x	0	g_odom_y	0
W_X	4.32971	W_Y	0.0895454	A	0.714012	O_X	4.30435	O_Y	0.135638	g_odom_x	0	g_odom_y	0
W_X	4.34965	W_Y	0.0892845	A	0.557711	O_X	4.32488	O_Y	0.135894	g_odom_x	0	g_odom_y	0
W_X	4.36958	W_Y	0.0889435	A	0.401409	O_X	4.3454	O_Y	0.136093	g_odom_x	0	g_odom_y	0
W_X	4.4106	W_Y	0.0882466	A	0.0399712	O_X	4.38643	O_Y	0.136381	g_odom_x	0	g_odom_y	0
W_X	4.43111	W_Y	0.0877688	A	-0.201606	O_X	4.40694	O_Y	0.136395	g_odom_x	0	g_odom_y	0
W_X	4.45163	W_Y	0.0872042	A	-0.201606	O_X	4.42747	O_Y	0.136323	g_odom_x	0	g_odom_y	0
W_X	4.47213	W_Y	0.0866402	A	-0.455237	O_X	4.44797	O_Y	0.136251	g_odom_x	0	g_odom_y	0
W_X	4.49263	W_Y	0.0859849	A	-0.455237	O_X	4.46849	O_Y	0.136088	g_odom_x	0	g_odom_y	0
W_X	4.51313	W_Y	0.0853302	A	-0.455237	O_X	4.48899	O_Y	0.135925	g_odom_x	0	g_odom_y	0
W_X	4.53362	W_Y	0.0846754	A	-0.455237	O_X	4.5095	O_Y	0.135762	g_odom_x	0	g_odom_y	0
W_X	4.57463	W_Y	0.0833653	A	-0.455237	O_X	4.55052	O_Y	0.135436	g_odom_x	0	g_odom_y	0
W_X	4.59377	W_Y	0.0833985	A	-0.635697	O_X	4.57101	O_Y	0.135273	g_odom_x	0	g_odom_y	0
W_X	4.61369	W_Y	0.0829664	A	-0.635697	O_X	4.59149	O_Y	0.135046	g_odom_x	0	g_odom_y	0
W_X	4.63419	W_Y	0.0822517	A	-0.635697	O_X	4.612	O_Y	0.134818	g_odom_x	0	g_odom_y	0
W_X	4.6547	W_Y	0.081537	A	-0.635697	O_X	4.63252	O_Y	0.134591	g_odom_x	0	g_odom_y	0
W_X	4.67519	W_Y	0.0808224	A	-0.635697	O_X	4.65302	O_Y	0.134363	g_odom_x	0	g_odom_y	0
W_X	4.6957	W_Y	0.0801073	A	-0.635697	O_X	4.67355	O_Y	0.134135	g_odom_x	0	g_odom_y	0
W_X	4.71621	W_Y	0.0793926	A	-0.635697	O_X	4.69406	O_Y	0.133908	g_odom_x	0	g_odom_y	0
W_X	4.73672	W_Y	0.0786774	A	-0.635697	O_X	4.71459	O_Y	0.13368	g_odom_x	0	g_odom_y	0
W_X	4.75598	W_Y	0.0795975	A	-0.816294	O_X	4.73508	O_Y	0.133453	g_odom_x	0	g_odom_y	0
W_X	4.77529	W_Y	0.0804206	A	-0.997016	O_X	4.75559	O_Y	0.13316	g_odom_x	0	g_odom_y	0
W_X	4.79579	W_Y	0.0795835	A	-1.3604	O_X	4.77611	O_Y	0.132803	g_odom_x	0	g_odom_y	0
W_X	4.81628	W_Y	0.0786164	A	-1.72378	O_X	4.79662	O_Y	0.132316	g_odom_x	0	g_odom_y	0
W_X	4.85725	W_Y	0.0764226	A	-1.72378	O_X	4.83763	O_Y	0.131082	g_odom_x	0	g_odom_y	0
W_X	4.87773	W_Y	0.0753257	A	-1.93492	O_X	4.85813	O_Y	0.130465	g_odom_x	0	g_odom_y	0
W_X	4.89821	W_Y	0.0741533	A	-1.93492	O_X	4.87863	O_Y	0.129773	g_odom_x	0	g_odom_y	0
W_X	4.91869	W_Y	0.0729812	A	-1.93492	O_X	4.89913	O_Y	0.12908	g_odom_x	0	g_odom_y	0
W_X	4.93917	W_Y	0.0718087	A	-1.93492	O_X	4.91963	O_Y	0.128387	g_odom_x	0	g_odom_y	0
W_X	4.96009	W_Y	0.0703523	A	-1.93492	O_X	4.94015	O_Y	0.127694	g_odom_x	0	g_odom_y	0
W_X	4.98471	W_Y	0.0663485	A	-1.93492	O_X	4.96066	O_Y	0.127001	g_odom_x	0	g_odom_y	0
W_X	5.02705	W_Y	0.0628508	A	-1.93492	O_X	5.00166	O_Y	0.125616	g_odom_x	0	g_odom_y	0
W_X	5.04752	W_Y	0.0615804	A	-2.18873	O_X	5.02217	O_Y	0.124923	g_odom_x	0	g_odom_y	0
W_X	5.06799	W_Y	0.0602197	A	-2.18873	O_X	5.04267	O_Y	0.12414	g_odom_x	0	g_odom_y	0
W_X	5.08846	W_Y	0.058859	A	-2.18873	O_X	5.06316	O_Y	0.123357	g_odom_x	0	g_odom_y	0
W_X	5.10893	W_Y	0.0574982	A	-2.18873	O_X	5.08366	O_Y	0.122573	g_odom_x	0	g_odom_y	0
W_X	5.12939	W_Y	0.0561375	A	-2.18873	O_X	5.10416	O_Y	0.12179	g_odom_x	0	g_odom_y	0
W_X	5.14986	W_Y	0.0547768	A	-2.18873	O_X	5.12466	O_Y	0.121006	g_odom_x	0	g_odom_y	0
W_X	5.1908	W_Y	0.0520552	A	-2.57452	O_X	5.16565	O_Y	0.11944	g_odom_x	0	g_odom_y	0
W_X	5.21043	W_Y	0.0511224	A	-2.74307	O_X	5.18615	O_Y	0.118518	g_odom_x	0	g_odom_y	0
W_X	5.22844	W_Y	0.0512592	A	-2.74307	O_X	5.20663	O_Y	0.117536	g_odom_x	0	g_odom_y	0
W_X	5.24868	W_Y	0.0498565	A	-2.74307	O_X	5.22711	O_Y	0.116555	g_odom_x	0	g_odom_y	0
W_X	5.26915	W_Y	0.0483075	A	-2.74307	O_X	5.24761	O_Y	0.115573	g_odom_x	0	g_odom_y	0
W_X	5.28962	W_Y	0.0467585	A	-2.74307	O_X	5.26812	O_Y	0.114591	g_odom_x	0	g_odom_y	0
W_X	5.33051	W_Y	0.0436636	A	-2.74307	O_X	5.30909	O_Y	0.112628	g_odom_x	0	g_odom_y	0
W_X	5.35098	W_Y	0.0421149	A	-2.74307	O_X	5.32959	O_Y	0.111645	g_odom_x	0	g_odom_y	0
W_X	5.37143	W_Y	0.040567	A	-2.74307	O_X	5.35008	O_Y	0.110664	g_odom_x	0	g_odom_y	0
W_X	5.39187	W_Y	0.0391612	A	-2.74307	O_X	5.37057	O_Y	0.109682	g_odom_x	0	g_odom_y	0
W_X	5.41192	W_Y	0.0407224	A	-2.74307	O_X	5.39106	O_Y	0.1087	g_odom_x	0	g_odom_y	0
W_X	5.43221	W_Y	0.0404159	A	-2.74307	O_X	5.41155	O_Y	0.107719	g_odom_x	0	g_odom_y	0
W_X	5.45267	W_Y	0.0388782	A	-2.74307	O_X	5.43204	O_Y	0.106737	g_odom_x	0	g_odom_y	0
W_X	5.49355	W_Y	0.0358045	A	-2.74307	O_X	5.47299	O_Y	0.104775	g_odom_x	0	g_odom_y	0
W_X	5.51402	W_Y	0.034266	A	-2.74307	O_X	5.49349	O_Y	0.103792	g_odom_x	0	g_odom_y	0
W_X	5.53448	W_Y	0.0327282	A	-2.74307	O_X	5.51398	O_Y	0.102811	g_odom_x	0	g_odom_y	0
W_X	5.55493	W_Y	0.0311906	A	-2.89943	O_X	5.53447	O_Y	0.101829	g_odom_x	0	g_odom_y	0
W_X	5.57538	W_Y	0.0295969	A	-2.89943	O_X	5.55496	O_Y	0.100791	g_odom_x	0	g_odom_y	0
W_X	5.59583	W_Y	0.0280034	A	-3.10449	O_X	5.57545	O_Y	0.0997537	g_odom_x	0	g_odom_y	0
W_X	5.61465	W_Y	0.0253261	A	-3.30955	O_X	5.59593	O_Y	0.0986428	g_odom_x	0	g_odom_y	0
W_X	5.65096	W_Y	0.0189922	A	-3.30955	O_X	5.63689	O_Y	0.0962743	g_odom_x	0	g_odom_y	0
W_X	5.67104	W_Y	0.0170215	A	-3.30955	O_X	5.65736	O_Y	0.0950902	g_odom_x	0	g_odom_y	0
W_X	5.69148	W_Y	0.0152668	A	-3.30955	O_X	5.67785	O_Y	0.0939058	g_odom_x	0	g_odom_y	0
W_X	5.71192	W_Y	0.0135124	A	-3.30955	O_X	5.69833	O_Y	0.0927215	g_odom_x	0	g_odom_y	0
W_X	5.73236	W_Y	0.0117582	A	-3.30955	O_X	5.7188	O_Y	0.0915374	g_odom_x	0	g_odom_y	0
W_X	5.7528	W_Y	0.0100038	A	-3.30955	O_X	5.73928	O_Y	0.0903531	g_odom_x	0	g_odom_y	0
W_X	5.77324	W_Y	0.00824939	A	-3.30955	O_X	5.75976	O_Y	0.0891689	g_odom_x	0	g_odom_y	0
W_X	5.81411	W_Y	0.00474063	A	-3.30955	O_X	5.80072	O_Y	0.0868004	g_odom_x	0	g_odom_y	0
W_X	5.83455	W_Y	0.00298632	A	-3.30955	O_X	5.8212	O_Y	0.0856162	g_odom_x	0	g_odom_y	0
W_X	5.85483	W_Y	-0.000080169	A	-3.30955	O_X	5.84168	O_Y	0.0844318	g_odom_x	0	g_odom_y	0
W_X	5.87512	W_Y	-0.00314582	A	-3.30955	O_X	5.86217	O_Y	0.0832467	g_odom_x	0	g_odom_y	0
W_X	5.89554	W_Y	-0.00494814	A	-3.30955	O_X	5.90311	O_Y	0.0808793	g_odom_x	0	g_odom_y	0
W_X	5.93639	W_Y	-0.00855336	A	-3.30955	O_X	5.92358	O_Y	0.0796955	g_odom_x	0	g_odom_y	0
W_X	5.97726	W_Y	-0.0121599	A	-3.75621	O_X	5.96454	O_Y	0.077327	g_odom_x	0	g_odom_y	0
W_X	5.99768	W_Y	-0.0141224	A	-3.75621	O_X	5.98501	O_Y	0.0759832	g_odom_x	0	g_odom_y	0
W_X	6.01809	W_Y	-0.016084	A	-3.75621	O_X	6.00547	O_Y	0.07464	g_odom_x	0	g_odom_y	0
W_X	6.03851	W_Y	-0.0180466	A	-3.75621	O_X	6.02594	O_Y	0.0732961	g_odom_x	0	g_odom_y	0
W_X	6.05898	W_Y	-0.0200335	A	-3.75621	O_X	6.04641	O_Y	0.0719523	g_odom_x	0	g_odom_y	0
W_X	6.08038	W_Y	-0.0224703	A	-3.75621	O_X	6.06688	O_Y	0.0706083	g_odom_x	0	g_odom_y	0
W_X	6.10118	W_Y	-0.0246053	A	-3.75621	O_X	6.08735	O_Y	0.0692644	g_odom_x	0	g_odom_y	0
W_X	6.1216	W_Y	-0.02656	A	-3.75621	O_X	6.10783	O_Y	0.0679201	g_odom_x	0	g_odom_y	0
W_X	6.14205	W_Y	-0.028516	A	-3.91879	O_X	6.12832	O_Y	0.0665749	g_odom_x	0	g_odom_y	0
W_X	6.16246	W_Y	-0.0305277	A	-3.74648	O_X	6.14878	O_Y	0.0651731	g_odom_x	0	g_odom_y	0
W_X	6.18288	W_Y	-0.0324789	A	-3.92118	O_X	6.16926	O_Y	0.0638323	g_odom_x	0	g_odom_y	0
W_X	6.2033	W_Y	-0.0344914	A	-3.92118	O_X	6.18972	O_Y	0.0624297	g_odom_x	0	g_odom_y	0
W_X	6.22371	W_Y	-0.0365039	A	-3.92118	O_X	6.21018	O_Y	0.0610272	g_odom_x	0	g_odom_y	0
W_X	6.26453	W_Y	-0.040529	A	-3.92118	O_X	6.25111	O_Y	0.0582219	g_odom_x	0	g_odom_y	0
W_X	6.28559	W_Y	-0.0435642	A	-3.92118	O_X	6.27157	O_Y	0.0568192	g_odom_x	0	g_odom_y	0
W_X	6.30818	W_Y	-0.0490775	A	-3.92118	O_X	6.29205	O_Y	0.0554152	g_odom_x	0	g_odom_y	0
W_X	6.32874	W_Y	-0.0513973	A	-3.92118	O_X	6.3125	O_Y	0.0540134	g_odom_x	0	g_odom_y	0
W_X	6.34915	W_Y	-0.0534539	A	-3.92118	O_X	6.33297	O_Y	0.0526105	g_odom_x	0	g_odom_y	0
W_X	6.36956	W_Y	-0.0555103	A	-3.92118	O_X	6.35343	O_Y	0.0512078	g_odom_x	0	g_odom_y	0
W_X	6.38997	W_Y	-0.0575667	A	-3.92118	O_X	6.3739	O_Y	0.0498051	g_odom_x	0	g_odom_y	0
W_X	6.43078	W_Y	-0.0616793	A	-3.92118	O_X	6.41482	O_Y	0.047	g_odom_x	0	g_odom_y	0
W_X	6.45119	W_Y	-0.0637359	A	-3.92118	O_X	6.43529	O_Y	0.0455971	g_odom_x	0	g_odom_y	0
W_X	6.47161	W_Y	-0.0657929	A	-3.7123	O_X	6.45576	O_Y	0.0441941	g_odom_x	0	g_odom_y	0
W_X	6.49202	W_Y	-0.0677751	A	-3.7123	O_X	6.47623	O_Y	0.0428658	g_odom_x	0	g_odom_y	0
W_X	6.51168	W_Y	-0.0750773	A	-3.7123	O_X	6.4967	O_Y	0.041538	g_odom_x	0	g_odom_y	0
W_X	6.53101	W_Y	-0.0846538	A	-3.7123	O_X	6.51717	O_Y	0.0402097	g_odom_x	0	g_odom_y	0
W_X	6.55143	W_Y	-0.0866986	A	-3.7123	O_X	6.53764	O_Y	0.0388814	g_odom_x	0	g_odom_y	0
W_X	6.59223	W_Y	-0.0907861	A	-3.7123	O_X	6.57857	O_Y	0.0362259	g_odom_x	0	g_odom_y	0
W_X	6.61264	W_Y	-0.0928306	A	-3.7123	O_X	6.59904	O_Y	0.0348978	g_odom_x	0	g_odom_y	0
W_X	6.63305	W_Y	-0.094875	A	-3.50956	O_X	6.61951	O_Y	0.0335697	g_odom_x	0	g_odom_y	0
W_X	6.65347	W_Y	-0.0968474	A	-3.50956	O_X	6.63998	O_Y	0.0323139	g_odom_x	0	g_odom_y	0
W_X	6.67389	W_Y	-0.0988194	A	-3.31292	O_X	6.66045	O_Y	0.0310584	g_odom_x	0	g_odom_y	0
W_X	6.69431	W_Y	-0.100721	A	-3.31292	O_X	6.68093	O_Y	0.0298731	g_odom_x	0	g_odom_y	0
W_X	6.71473	W_Y	-0.102623	A	-3.31292	O_X	6.7014	O_Y	0.028688	g_odom_x	0	g_odom_y	0
W_X	6.73505	W_Y	-0.109705	A	-3.31292	O_X	6.72189	O_Y	0.0275019	g_odom_x	0	g_odom_y	0
W_X	6.75539	W_Y	-0.114492	A	-3.31292	O_X	6.74237	O_Y	0.0263165	g_odom_x	0	g_odom_y	0
W_X	6.77582	W_Y	-0.116468	A	-3.15883	O_X	6.76285	O_Y	0.0251308	g_odom_x	0	g_odom_y	0
W_X	6.79623	W_Y	-0.118387	A	-3.15883	O_X	6.78333	O_Y	0.0240007	g_odom_x	0	g_odom_y	0
W_X	6.81666	W_Y	-0.120308	A	-2.89521	O_X	6.80381	O_Y	0.0228703	g_odom_x	0	g_odom_y	0
W_X	6.83709	W_Y	-0.122134	A	-2.63159	O_X	6.8243	O_Y	0.0218342	g_odom_x	0	g_odom_y	0
W_X	6.87797	W_Y	-0.125599	A	-2.63159	O_X	6.86528	O_Y	0.0199505	g_odom_x	0	g_odom_y	0
W_X	6.89841	W_Y	-0.127331	A	-2.43494	O_X	6.88577	O_Y	0.0190088	g_odom_x	0	g_odom_y	0
W_X	6.91885	W_Y	-0.128993	A	-2.43494	O_X	6.90627	O_Y	0.0181373	g_odom_x	0	g_odom_y	0
W_X	6.93915	W_Y	-0.132561	A	-2.2322	O_X	6.92676	O_Y	0.0172658	g_odom_x	0	g_odom_y	0
W_X	6.95896	W_Y	-0.141974	A	-2.2322	O_X	6.94726	O_Y	0.0164668	g_odom_x	0	g_odom_y	0
W_X	6.97933	W_Y	-0.144509	A	-1.98077	O_X	6.96776	O_Y	0.0156679	g_odom_x	0	g_odom_y	0
W_X	6.99977	W_Y	-0.146102	A	-1.72935	O_X	6.98826	O_Y	0.014959	g_odom_x	0	g_odom_y	0
W_X	7.04069	W_Y	-0.149111	A	-1.72935	O_X	7.02926	O_Y	0.0137209	g_odom_x	0	g_odom_y	0
W_X	7.06115	W_Y	-0.150616	A	-1.48395	O_X	7.04977	O_Y	0.0131018	g_odom_x	0	g_odom_y	0
W_X	7.08161	W_Y	-0.152032	A	-1.28119	O_X	7.07028	O_Y	0.0125705	g_odom_x	0	g_odom_y	0
W_X	7.10208	W_Y	-0.153377	A	-1.12104	O_X	7.09078	O_Y	0.0121118	g_odom_x	0	g_odom_y	0
W_X	7.12255	W_Y	-0.154663	A	-0.93047	O_X	7.11129	O_Y	0.0117106	g_odom_x	0	g_odom_y	0
W_X	7.14303	W_Y	-0.155883	A	-0.764225	O_X	7.1318	O_Y	0.0113774	g_odom_x	0	g_odom_y	0
W_X	7.16308	W_Y	-0.158804	A	-0.59798	O_X	7.15232	O_Y	0.0111038	g_odom_x	0	g_odom_y	0
W_X	7.20342	W_Y	-0.163582	A	-0.14378	O_X	7.19334	O_Y	0.0106756	g_odom_x	0	g_odom_y	0
W_X	7.22391	W_Y	-0.164579	A	0.199017	O_X	7.21386	O_Y	0.0106241	g_odom_x	0	g_odom_y	0
W_X	7.24441	W_Y	-0.165453	A	0.36524	O_X	7.23437	O_Y	0.0106954	g_odom_x	0	g_odom_y	0
W_X	7.2649	W_Y	-0.166268	A	0.580163	O_X	7.25488	O_Y	0.0108262	g_odom_x	0	g_odom_y	0
W_X	7.28542	W_Y	-0.167006	A	0.929202	O_X	7.27541	O_Y	0.011034	g_odom_x	0	g_odom_y	0
W_X	7.30593	W_Y	-0.167619	A	0.929202	O_X	7.29592	O_Y	0.0113668	g_odom_x	0	g_odom_y	0
W_X	7.32643	W_Y	-0.168232	A	0.929202	O_X	7.31644	O_Y	0.0116995	g_odom_x	0	g_odom_y	0
W_X	7.36744	W_Y	-0.169458	A	1.48075	O_X	7.35746	O_Y	0.0123648	g_odom_x	0	g_odom_y	0
W_X	7.38795	W_Y	-0.169873	A	1.75652	O_X	7.37796	O_Y	0.0128948	g_odom_x	0	g_odom_y	0
W_X	7.40847	W_Y	-0.171348	A	2.02638	O_X	7.39845	O_Y	0.0135231	g_odom_x	0	g_odom_y	0
W_X	7.42898	W_Y	-0.172227	A	2.28374	O_X	7.41894	O_Y	0.0142482	g_odom_x	0	g_odom_y	0
W_X	7.44949	W_Y	-0.172406	A	2.4804	O_X	7.43944	O_Y	0.0150656	g_odom_x	0	g_odom_y	0
W_X	7.47001	W_Y	-0.172514	A	2.67705	O_X	7.45993	O_Y	0.0159535	g_odom_x	0	g_odom_y	0
W_X	7.49053	W_Y	-0.172552	A	3.02165	O_X	7.48043	O_Y	0.0169119	g_odom_x	0	g_odom_y	0
W_X	7.51104	W_Y	-0.172466	A	3.31571	O_X	7.50092	O_Y	0.0179932	g_odom_x	0	g_odom_y	0
W_X	7.53155	W_Y	-0.172275	A	3.31571	O_X	7.52139	O_Y	0.0191795	g_odom_x	0	g_odom_y	0
W_X	7.55207	W_Y	-0.172084	A	3.60373	O_X	7.54188	O_Y	0.0203662	g_odom_x	0	g_odom_y	0
W_X	7.57293	W_Y	-0.172324	A	3.78828	O_X	7.56235	O_Y	0.0216559	g_odom_x	0	g_odom_y	0
W_X	7.59397	W_Y	-0.172864	A	4.14916	O_X	7.58282	O_Y	0.0230107	g_odom_x	0	g_odom_y	0
W_X	7.61447	W_Y	-0.172409	A	4.51005	O_X	7.60327	O_Y	0.0244943	g_odom_x	0	g_odom_y	0
W_X	7.65548	W_Y	-0.171242	A	4.51005	O_X	7.64417	O_Y	0.0277204	g_odom_x	0	g_odom_y	0
W_X	7.67598	W_Y	-0.170658	A	4.85274	O_X	7.66461	O_Y	0.0293331	g_odom_x	0	g_odom_y	0
W_X	7.69649	W_Y	-0.169951	A	5.04334	O_X	7.68505	O_Y	0.0310686	g_odom_x	0	g_odom_y	0
W_X	7.71699	W_Y	-0.169176	A	5.3131	O_X	7.70549	O_Y	0.0328724	g_odom_x	0	g_odom_y	0
W_X	7.73748	W_Y	-0.168305	A	5.55236	O_X	7.72591	O_Y	0.0347716	g_odom_x	0	g_odom_y	0
W_X	7.75797	W_Y	-0.167349	A	5.8464	O_X	7.74633	O_Y	0.0367562	g_odom_x	0	g_odom_y	0
W_X	7.77845	W_Y	-0.166287	A	6.14045	O_X	7.76674	O_Y	0.0388456	g_odom_x	0	g_odom_y	0
W_X	7.81942	W_Y	-0.163953	A	6.47292	O_X	7.80753	O_Y	0.043234	g_odom_x	0	g_odom_y	0
W_X	7.83963	W_Y	-0.163949	A	6.75481	O_X	7.82791	O_Y	0.0455466	g_odom_x	0	g_odom_y	0
W_X	7.85967	W_Y	-0.164622	A	6.75481	O_X	7.84828	O_Y	0.0479594	g_odom_x	0	g_odom_y	0
W_X	7.88014	W_Y	-0.163247	A	7.02454	O_X	7.86865	O_Y	0.0503724	g_odom_x	0	g_odom_y	0
W_X	7.9006	W_Y	-0.161776	A	7.02454	O_X	7.88901	O_Y	0.0528808	g_odom_x	0	g_odom_y	0
W_X	7.92106	W_Y	-0.160305	A	7.31251	O_X	7.90937	O_Y	0.0553895	g_odom_x	0	g_odom_y	0
W_X	7.94151	W_Y	-0.158732	A	7.60047	O_X	7.92972	O_Y	0.0580004	g_odom_x	0	g_odom_y	0
W_X	7.9824	W_Y	-0.155379	A	7.60047	O_X	7.97038	O_Y	0.0634268	g_odom_x	0	g_odom_y	0
W_X	8.00284	W_Y	-0.153702	A	7.88235	O_X	7.99071	O_Y	0.0661398	g_odom_x	0	g_odom_y	0
W_X	8.02314	W_Y	-0.152331	A	8.06684	O_X	8.01103	O_Y	0.0689529	g_odom_x	0	g_odom_y	0
W_X	8.04283	W_Y	-0.15259	A	8.31233	O_X	8.03135	O_Y	0.0718331	g_odom_x	0	g_odom_y	0
W_X	8.06313	W_Y	-0.151023	A	8.53325	O_X	8.05164	O_Y	0.0747975	g_odom_x	0	g_odom_y	0
W_X	8.08359	W_Y	-0.149037	A	8.75418	O_X	8.07197	O_Y	0.077848	g_odom_x	0	g_odom_y	0
W_X	8.10395	W_Y	-0.146982	A	9.40317	O_X	8.0922	O_Y	0.0809631	g_odom_x	0	g_odom_y	0
W_X	8.12434	W_Y	-0.144692	A	9.70938	O_X	8.11244	O_Y	0.0843144	g_odom_x	0	g_odom_y	0
W_X	8.14471	W_Y	-0.142293	A	9.99128	O_X	8.13266	O_Y	0.0877738	g_odom_x	0	g_odom_y	0
W_X	8.18542	W_Y	-0.137294	A	10.2124	O_X	8.17306	O_Y	0.0948905	g_odom_x	0	g_odom_y	0
W_X	8.20577	W_Y	-0.134716	A	10.4699	O_X	8.19324	O_Y	0.0985275	g_odom_x	0	g_odom_y	0
W_X	8.22611	W_Y	-0.132047	A	10.7031	O_X	8.21342	O_Y	0.102255	g_odom_x	0	g_odom_y	0
W_X	8.2459	W_Y	-0.129007	A	10.9363	O_X	8.23357	O_Y	0.106065	g_odom_x	0	g_odom_y	0
W_X	8.26535	W_Y	-0.125704	A	11.3417	O_X	8.25372	O_Y	0.109958	g_odom_x	0	g_odom_y	0
W_X	8.28565	W_Y	-0.122719	A	11.5506	O_X	8.27384	O_Y	0.113993	g_odom_x	0	g_odom_y	0
W_X	8.32621	W_Y	-0.116603	A	11.5506	O_X	8.31403	O_Y	0.122207	g_odom_x	0	g_odom_y	0
W_X	8.3465	W_Y	-0.113544	A	11.5506	O_X	8.33413	O_Y	0.126315	g_odom_x	0	g_odom_y	0
W_X	8.36678	W_Y	-0.110486	A	11.5506	O_X	8.35423	O_Y	0.130422	g_odom_x	0	g_odom_y	0
W_X	8.38706	W_Y	-0.107428	A	11.5506	O_X	8.37432	O_Y	0.134529	g_odom_x	0	g_odom_y	0
W_X	8.42763	W_Y	-0.101312	A	11.5506	O_X	8.41452	O_Y	0.142744	g_odom_x	0	g_odom_y	0
W_X	8.44792	W_Y	-0.098253	A	11.7595	O_X	8.43462	O_Y	0.146852	g_odom_x	0	g_odom_y	0
W_X	8.47028	W_Y	-0.0927216	A	11.9744	O_X	8.4547	O_Y	0.151033	g_odom_x	0	g_odom_y	0
W_X	8.49181	W_Y	-0.0880408	A	11.9744	O_X	8.47477	O_Y	0.155288	g_odom_x	0	g_odom_y	0
W_X	8.51208	W_Y	-0.0848178	A	12.3294	O_X	8.49484	O_Y	0.159545	g_odom_x	0	g_odom_y	0
W_X	8.53231	W_Y	-0.0814709	A	12.3294	O_X	8.51487	O_Y	0.163924	g_odom_x	0	g_odom_y	0
W_X	8.55254	W_Y	-0.078124	A	12.3294	O_X	8.53491	O_Y	0.168304	g_odom_x	0	g_odom_y	0
W_X	8.59302	W_Y	-0.0714285	A	12.8445	O_X	8.57499	O_Y	0.177064	g_odom_x	0	g_odom_y	0
W_X	8.61323	W_Y	-0.0678987	A	12.8445	O_X	8.59499	O_Y	0.181625	g_odom_x	0	g_odom_y	0
W_X	8.63343	W_Y	-0.0643694	A	13.0716	O_X	8.61499	O_Y	0.186185	g_odom_x	0	g_odom_y	0
W_X	8.65363	W_Y	-0.0607597	A	13.0716	O_X	8.63497	O_Y	0.190824	g_odom_x	0	g_odom_y	0
W_X	8.67384	W_Y	-0.0566091	A	13.0716	O_X	8.65496	O_Y	0.195464	g_odom_x	0	g_odom_y	0
W_X	8.69415	W_Y	-0.0477705	A	13.0716	O_X	8.67494	O_Y	0.200104	g_odom_x	0	g_odom_y	0
W_X	8.71438	W_Y	-0.0428077	A	13.0716	O_X	8.69492	O_Y	0.204743	g_odom_x	0	g_odom_y	0
W_X	8.75476	W_Y	-0.0355526	A	13.0716	O_X	8.73488	O_Y	0.214022	g_odom_x	0	g_odom_y	0
W_X	8.77494	W_Y	-0.0319258	A	13.0716	O_X	8.75486	O_Y	0.21866	g_odom_x	0	g_odom_y	0
W_X	8.79512	W_Y	-0.0283011	A	13.0716	O_X	8.77483	O_Y	0.223296	g_odom_x	0	g_odom_y	0
W_X	8.81531	W_Y	-0.0246736	A	13.0716	O_X	8.79481	O_Y	0.227936	g_odom_x	0	g_odom_y	0
W_X	8.8355	W_Y	-0.021046	A	13.2317	O_X	8.81479	O_Y	0.232575	g_odom_x	0	g_odom_y	0
W_X	8.85568	W_Y	-0.0173619	A	13.3919	O_X	8.83476	O_Y	0.237271	g_odom_x	0	g_odom_y	0
W_X	8.87586	W_Y	-0.0136189	A	12.7262	O_X	8.85473	O_Y	0.242025	g_odom_x	0	g_odom_y	0
W_X	8.89549	W_Y	-0.00957724	A	12.7262	O_X	8.87474	O_Y	0.246545	g_odom_x	0	g_odom_y	0
W_X	8.91444	W_Y	-0.00489176	A	12.4116	O_X	8.89475	O_Y	0.251064	g_odom_x	0	g_odom_y	0
W_X	8.93466	W_Y	-0.00147808	A	12.2309	O_X	8.91478	O_Y	0.255472	g_odom_x	0	g_odom_y	0
W_X	8.95489	W_Y	0.00187033	A	11.9103	O_X	8.93481	O_Y	0.259815	g_odom_x	0	g_odom_y	0
W_X	8.97516	W_Y	0.00511056	A	11.7417	O_X	8.9549	O_Y	0.264052	g_odom_x	0	g_odom_y	0
W_X	8.99544	W_Y	0.0082911	A	11.573	O_X	8.975	O_Y	0.26823	g_odom_x	0	g_odom_y	0
W_X	9.03599	W_Y	0.0145272	A	10.9925	O_X	9.01519	O_Y	0.27646	g_odom_x	0	g_odom_y	0
W_X	9.05629	W_Y	0.0174398	A	10.7813	O_X	9.03533	O_Y	0.280371	g_odom_x	0	g_odom_y	0
W_X	9.07662	W_Y	0.0202789	A	10.5457	O_X	9.05549	O_Y	0.28421	g_odom_x	0	g_odom_y	0
W_X	9.09694	W_Y	0.0230326	A	10.3529	O_X	9.07565	O_Y	0.287964	g_odom_x	0	g_odom_y	0
W_X	9.11728	W_Y	0.0293184	A	10.3529	O_X	9.09589	O_Y	0.291661	g_odom_x	0	g_odom_y	0
W_X	9.13751	W_Y	0.0349872	A	10.3529	O_X	9.11601	O_Y	0.295337	g_odom_x	0	g_odom_y	0
W_X	9.15779	W_Y	0.0376976	A	10.3529	O_X	9.13613	O_Y	0.299013	g_odom_x	0	g_odom_y	0
W_X	9.19845	W_Y	0.0431338	A	10.3529	O_X	9.17649	O_Y	0.306385	g_odom_x	0	g_odom_y	0
W_X	9.21875	W_Y	0.0458481	A	10.61	O_X	9.19664	O_Y	0.310067	g_odom_x	0	g_odom_y	0
W_X	9.23909	W_Y	0.048659	A	10.61	O_X	9.21682	O_Y	0.313846	g_odom_x	0	g_odom_y	0
W_X	9.25939	W_Y	0.0514667	A	10.3747	O_X	9.23697	O_Y	0.317621	g_odom_x	0	g_odom_y	0
W_X	9.27972	W_Y	0.0541925	A	10.3747	O_X	9.25715	O_Y	0.321315	g_odom_x	0	g_odom_y	0
W_X	9.30006	W_Y	0.0569181	A	10.3747	O_X	9.27732	O_Y	0.325009	g_odom_x	0	g_odom_y	0
W_X	9.32031	W_Y	0.059941	A	10.3747	O_X	9.2975	O_Y	0.328703	g_odom_x	0	g_odom_y	0
W_X	9.35968	W_Y	0.070523	A	10.3747	O_X	9.33786	O_Y	0.336091	g_odom_x	0	g_odom_y	0
W_X	9.37961	W_Y	0.0748339	A	10.3747	O_X	9.35803	O_Y	0.339785	g_odom_x	0	g_odom_y	0
W_X	9.39993	W_Y	0.077626	A	10.3747	O_X	9.37821	O_Y	0.343479	g_odom_x	0	g_odom_y	0
W_X	9.42025	W_Y	0.0804181	A	10.3747	O_X	9.39839	O_Y	0.347173	g_odom_x	0	g_odom_y	0
W_X	9.44058	W_Y	0.0832104	A	10.3747	O_X	9.41857	O_Y	0.350867	g_odom_x	0	g_odom_y	0
W_X	9.46089	W_Y	0.0860011	A	10.3747	O_X	9.43873	O_Y	0.354559	g_odom_x	0	g_odom_y	0
W_X	9.48122	W_Y	0.0887948	A	9.96452	O_X	9.45892	O_Y	0.358256	g_odom_x	0	g_odom_y	0
W_X	9.50156	W_Y	0.0914411	A	9.74731	O_X	9.47913	O_Y	0.361805	g_odom_x	0	g_odom_y	0
W_X	9.52192	W_Y	0.0940109	A	9.74731	O_X	9.49935	O_Y	0.365278	g_odom_x	0	g_odom_y	0
W_X	9.54199	W_Y	0.0996238	A	9.47531	O_X	9.51956	O_Y	0.368751	g_odom_x	0	g_odom_y	0
W_X	9.56162	W_Y	0.110135	A	9.47531	O_X	9.53979	O_Y	0.372127	g_odom_x	0	g_odom_y	0
W_X	9.60233	W_Y	0.115125	A	9.47531	O_X	9.58024	O_Y	0.378879	g_odom_x	0	g_odom_y	0
W_X	9.62269	W_Y	0.117621	A	9.47531	O_X	9.60048	O_Y	0.382256	g_odom_x	0	g_odom_y	0
W_X	9.64305	W_Y	0.120117	A	9.47531	O_X	9.62071	O_Y	0.385633	g_odom_x	0	g_odom_y	0
W_X	9.66342	W_Y	0.122613	A	9.47531	O_X	9.64094	O_Y	0.38901	g_odom_x	0	g_odom_y	0
W_X	9.68378	W_Y	0.125109	A	9.47531	O_X	9.66118	O_Y	0.392387	g_odom_x	0	g_odom_y	0
W_X	9.70414	W_Y	0.127604	A	9.30677	O_X	9.68141	O_Y	0.395763	g_odom_x	0	g_odom_y	0
W_X	9.72451	W_Y	0.13004	A	9.30677	O_X	9.70166	O_Y	0.399081	g_odom_x	0	g_odom_y	0
W_X	9.74487	W_Y	0.132476	A	9.14433	O_X	9.7219	O_Y	0.402398	g_odom_x	0	g_odom_y	0
W_X	9.76524	W_Y	0.134854	A	8.98189	O_X	9.74215	O_Y	0.405658	g_odom_x	0	g_odom_y	0
W_X	9.80559	W_Y	0.140698	A	8.59614	O_X	9.78267	O_Y	0.412063	g_odom_x	0	g_odom_y	0
W_X	9.82482	W_Y	0.146306	A	8.34842	O_X	9.80295	O_Y	0.415129	g_odom_x	0	g_odom_y	0
W_X	9.84511	W_Y	0.148728	A	8.34842	O_X	9.82325	O_Y	0.418108	g_odom_x	0	g_odom_y	0
W_X	9.86552	W_Y	0.150833	A	8.34842	O_X	9.84355	O_Y	0.421086	g_odom_x	0	g_odom_y	0
W_X	9.88592	W_Y	0.152938	A	8.14944	O_X	9.86384	O_Y	0.424064	g_odom_x	0	g_odom_y	0
W_X	9.90634	W_Y	0.154973	A	7.88348	O_X	9.88415	O_Y	0.426972	g_odom_x	0	g_odom_y	0
W_X	9.92676	W_Y	0.156912	A	7.61752	O_X	9.90447	O_Y	0.429786	g_odom_x	0	g_odom_y	0
W_X	9.96762	W_Y	0.160602	A	7.21956	O_X	9.94513	O_Y	0.435225	g_odom_x	0	g_odom_y	0
W_X	9.98806	W_Y	0.162304	A	7.01451	O_X	9.96548	O_Y	0.437802	g_odom_x	0	g_odom_y	0
W_X	10.0085	W_Y	0.163934	A	7.01451	O_X	9.98584	O_Y	0.440308	g_odom_x	0	g_odom_y	0
W_X	10.0289	W_Y	0.16806	A	6.68164	O_X	10.0062	O_Y	0.442813	g_odom_x	0	g_odom_y	0
W_X	10.0493	W_Y	0.172056	A	6.68164	O_X	10.0266	O_Y	0.445199	g_odom_x	0	g_odom_y	0
W_X	10.0698	W_Y	0.173568	A	6.45194	O_X	10.047	O_Y	0.447589	g_odom_x	0	g_odom_y	0
W_X	10.0903	W_Y	0.174999	A	6.22223	O_X	10.0674	O_Y	0.449898	g_odom_x	0	g_odom_y	0
W_X	10.1312	W_Y	0.17769	A	5.53251	O_X	10.1081	O_Y	0.454341	g_odom_x	0	g_odom_y	0
W_X	10.1517	W_Y	0.178789	A	5.24835	O_X	10.1286	O_Y	0.456319	g_odom_x	0	g_odom_y	0
W_X	10.1722	W_Y	0.179787	A	5.01272	O_X	10.149	O_Y	0.458195	g_odom_x	0	g_odom_y	0
W_X	10.1927	W_Y	0.180701	A	4.72248	O_X	10.1694	O_Y	0.459987	g_odom_x	0	g_odom_y	0
W_X	10.2132	W_Y	0.181512	A	4.49912	O_X	10.1899	O_Y	0.461676	g_odom_x	0	g_odom_y	0
W_X	10.2336	W_Y	0.182236	A	4.27577	O_X	10.2103	O_Y	0.463285	g_odom_x	0	g_odom_y	0
W_X	10.2525	W_Y	0.182749	A	3.76833	O_X	10.2308	O_Y	0.464815	g_odom_x	0	g_odom_y	0
W_X	10.2724	W_Y	0.183151	A	3.76833	O_X	10.2512	O_Y	0.466163	g_odom_x	0	g_odom_y	0
W_X	10.2929	W_Y	0.183609	A	3.50241	O_X	10.2717	O_Y	0.467511	g_odom_x	0	g_odom_y	0
W_X	10.3134	W_Y	0.183972	A	3.30341	O_X	10.2922	O_Y	0.468765	g_odom_x	0	g_odom_y	0
W_X	10.334	W_Y	0.184263	A	3.06791	O_X	10.3127	O_Y	0.469947	g_odom_x	0	g_odom_y	0
W_X	10.3545	W_Y	0.18447	A	3.06791	O_X	10.3332	O_Y	0.471045	g_odom_x	0	g_odom_y	0
W_X	10.375	W_Y	0.184678	A	3.06791	O_X	10.3536	O_Y	0.472142	g_odom_x	0	g_odom_y	0
W_X	10.416	W_Y	0.185092	A	2.69429	O_X	10.3946	O_Y	0.474338	g_odom_x	0	g_odom_y	0
W_X	10.4365	W_Y	0.185165	A	2.50748	O_X	10.4151	O_Y	0.475302	g_odom_x	0	g_odom_y	0
W_X	10.4571	W_Y	0.185866	A	2.3146	O_X	10.4356	O_Y	0.4762	g_odom_x	0	g_odom_y	0
W_X	10.4776	W_Y	0.187717	A	2.10952	O_X	10.4561	O_Y	0.477028	g_odom_x	0	g_odom_y	0
W_X	10.4981	W_Y	0.187685	A	1.75231	O_X	10.4766	O_Y	0.477783	g_odom_x	0	g_odom_y	0
W_X	10.5186	W_Y	0.187375	A	1.58375	O_X	10.4971	O_Y	0.478411	g_odom_x	0	g_odom_y	0
section	ahead	liner											
W_X	10.8073	W_Y	0.179263	A	0.587246	O_X	10.5791	O_Y	0.480272	g_odom_x	0	g_odom_y	0
W_X	10.8278	W_Y	0.177899	A	-1.44509	O_X	10.8047	O_Y	0.479322	g_odom_x	0	g_odom_y	0
W_X	10.8461	W_Y	0.176583	A	-1.74754	O_X	10.8231	O_Y	0.478859	g_odom_x	0	g_odom_y	0
W_X	10.8644	W_Y	0.175169	A	-1.74754	O_X	10.8414	O_Y	0.478299	g_odom_x	0	g_odom_y	0
W_X	10.8827	W_Y	0.173755	A	-2.1535	O_X	10.8598	O_Y	0.477739	g_odom_x	0	g_odom_y	0
W_X	10.9006	W_Y	0.171668	A	-2.5777	O_X	10.8781	O_Y	0.477049	g_odom_x	0	g_odom_y	0
W_X	10.918	W_Y	0.169688	A	-3.09924	O_X	10.8959	O_Y	0.476248	g_odom_x	0	g_odom_y	0
W_X	10.9358	W_Y	0.167836	A	-3.32867	O_X	10.9137	O_Y	0.475285	g_odom_x	0	g_odom_y	0
W_X	10.9712	W_Y	0.163989	A	-3.32867	O_X	10.9493	O_Y	0.473217	g_odom_x	0	g_odom_y	0
W_X	10.9889	W_Y	0.162065	A	-3.32867	O_X	10.967	O_Y	0.472183	g_odom_x	0	g_odom_y	0
W_X	11.0061	W_Y	0.160199	A	-3.32867	O_X	10.9843	O_Y	0.471179	g_odom_x	0	g_odom_y	0
section	ahead	liner											
section	Arc	ahead											
X	11.0349	Y	0.468161	A	-3.79404	g_odom_x	0	g_odom_y	0				
X	11.2012	Y	0.454821	A	-5.80781	g_odom_x	0	g_odom_y	0				
X	11.2173	Y	0.453182	A	-6.01899	g_odom_x	0	g_odom_y	0				
X	11.2495	Y	0.449786	A	-6.69696	g_odom_x	0	g_odom_y	0				
X	11.2656	Y	0.447897	A	-6.48196	g_odom_x	0	g_odom_y	0				
X	11.2817	Y	0.446069	A	-6.13927	g_odom_x	0	g_odom_y	0				
X	11.2978	Y	0.444337	A	-5.46181	g_odom_x	0	g_odom_y	0				
X	11.3139	Y	0.442796	A	-4.77828	g_odom_x	0	g_odom_y	0				
X	11.3301	Y	0.441447	A	-4.24065	g_odom_x	0	g_odom_y	0				
X	11.3624	Y	0.439052	A	-3.70301	g_odom_x	0	g_odom_y	0				
X	11.3785	Y	0.438006	A	-2.88368	g_odom_x	0	g_odom_y	0				
X	11.3947	Y	0.437191	A	-2.4375	g_odom_x	0	g_odom_y	0				
X	11.4109	Y	0.436502	A	-1.92418	g_odom_x	0	g_odom_y	0				
X	11.4271	Y	0.435959	A	-1.53285	g_odom_x	0	g_odom_y	0				
X	11.4433	Y	0.435526	A	-1.19009	g_odom_x	0	g_odom_y	0				
X	11.4594	Y	0.435189	A	-0.847325	g_odom_x	0	g_odom_y	0				
X	11.4918	Y	0.43471	A	0.43471	g_odom_x	0	g_odom_y	0				
X	11.508	Y	0.434833	A	0.722654	g_odom_x	0	g_odom_y	0				
X	11.5242	Y	0.435037	A	1.16279	g_odom_x	0	g_odom_y	0				
X	11.5404	Y	0.435366	A	1.73078	g_odom_x	0	g_odom_y	0				
X	11.5566	Y	0.435855	A	2.16485	g_odom_x	0	g_odom_y	0				
X	11.5728	Y	0.436467	A	2.58064	g_odom_x	0	g_odom_y	0				
X	11.589	Y	0.437196	A	2.99644	g_odom_x	0	g_odom_y	0				
X	11.6213	Y	0.438889	A	3.87671	g_odom_x	0	g_odom_y	0				
X	11.6375	Y	0.439985	A	4.30494	g_odom_x	0	g_odom_y	0				
X	11.6536	Y	0.441202	A	4.66011	g_odom_x	0	g_odom_y	0				
X	11.6697	Y	0.442515	A	5.08148	g_odom_x	0	g_odom_y	0				
X	11.6859	Y	0.44395	A	5.41814	g_odom_x	0	g_odom_y	0				
X	11.702	Y	0.445479	A	5.85223	g_odom_x	0	g_odom_y	0				
X	11.7181	Y	0.44713	A	6.28633	g_odom_x	0	g_odom_y	0				
X	11.7503	Y	0.450677	A	7.31267	g_odom_x	0	g_odom_y	0				
X	11.7664	Y	0.452738	A	7.74671	g_odom_x	0	g_odom_y	0				
X	11.7824	Y	0.454921	A	8.16249	g_odom_x	0	g_odom_y	0				
X	11.7985	Y	0.457221	A	8.65754	g_odom_x	0	g_odom_y	0				
X	11.8145	Y	0.459658	A	9.21329	g_odom_x	0	g_odom_y	0				
X	11.8304	Y	0.462252	A	9.64742	g_odom_x	0	g_odom_y	0				
X	11.8464	Y	0.464966	A	10.0815	g_odom_x	0	g_odom_y	0				
X	11.8783	Y	0.470635	A	10.9131	g_odom_x	0	g_odom_y	0				
X	11.8942	Y	0.473701	A	11.6393	g_odom_x	0	g_odom_y	0				
X	11.9095	Y	0.476859	A	12.122	g_odom_x	0	g_odom_y	0				
X	11.9248	Y	0.480147	A	12.6595	g_odom_x	0	g_odom_y	0				
X	11.9401	Y	0.483578	A	13.2276	g_odom_x	0	g_odom_y	0				
X	11.9553	Y	0.487159	A	13.7956	g_odom_x	0	g_odom_y	0				
X	11.9706	Y	0.490893	A	14.895	g_odom_x	0	g_odom_y	0				
X	11.9857	Y	0.494918	A	15.3717	g_odom_x	0	g_odom_y	0				
X	12.0008	Y	0.499067	A	15.9579	g_odom_x	0	g_odom_y	0				
X	12.0158	Y	0.503371	A	16.459	g_odom_x	0	g_odom_y	0				
X	12.0459	Y	0.51224	A	17.0636	g_odom_x	0	g_odom_y	0				
X	12.0608	Y	0.516834	A	17.5708	g_odom_x	0	g_odom_y	0				
X	12.0757	Y	0.52156	A	18.078	g_odom_x	0	g_odom_y	0				
X	12.0906	Y	0.52642	A	18.9338	g_odom_x	0	g_odom_y	0				
X	12.1054	Y	0.531499	A	19.4773	g_odom_x	0	g_odom_y	0				
X	12.1202	Y	0.536719	A	19.8323	g_odom_x	0	g_odom_y	0				
X	12.1349	Y	0.54203	A	20.3029	g_odom_x	0	g_odom_y	0				
X	12.1496	Y	0.547462	A	20.7552	g_odom_x	0	g_odom_y	0				
X	12.1642	Y	0.553008	A	21.2317	g_odom_x	0	g_odom_y	0				
X	12.1788	Y	0.558675	A	21.7082	g_odom_x	0	g_odom_y	0				
X	12.2079	Y	0.570256	A	22.905	g_odom_x	0	g_odom_y	0				
X	12.2223	Y	0.57635	A	23.2965	g_odom_x	0	g_odom_y	0				
X	12.2367	Y	0.582541	A	23.834	g_odom_x	0	g_odom_y	0				
X	12.251	Y	0.588866	A	24.4263	g_odom_x	0	g_odom_y	0				
X	12.2653	Y	0.59534	A	25.0064	g_odom_x	0	g_odom_y	0				
X	12.2795	Y	0.601957	A	25.4892	g_odom_x	0	g_odom_y	0				
X	12.2936	Y	0.608694	A	25.9719	g_odom_x	0	g_odom_y	0				
X	12.3218	Y	0.622405	A	27.2174	g_odom_x	0	g_odom_y	0				
X	12.3357	Y	0.629565	A	27.9011	g_odom_x	0	g_odom_y	0				
X	12.3495	Y	0.636893	A	28.3535	g_odom_x	0	g_odom_y	0				
X	12.3633	Y	0.644325	A	28.9456	g_odom_x	0	g_odom_y	0				
X	12.377	Y	0.651901	A	29.5379	g_odom_x	0	g_odom_y	0				
X	12.3906	Y	0.65962	A	30.0511	g_odom_x	0	g_odom_y	0				
X	12.4042	Y	0.66746	A	30.5644	g_odom_x	0	g_odom_y	0				
X	12.4311	Y	0.683381	A	31.6273	g_odom_x	0	g_odom_y	0				
X	12.4445	Y	0.691591	A	32.2379	g_odom_x	0	g_odom_y	0				
X	12.4577	Y	0.699936	A	32.7572	g_odom_x	0	g_odom_y	0				
X	12.4709	Y	0.708414	A	33.2954	g_odom_x	0	g_odom_y	0				
X	12.4839	Y	0.717008	A	33.7355	g_odom_x	0	g_odom_y	0				
X	12.497	Y	0.725703	A	34.1757	g_odom_x	0	g_odom_y	0				
X	12.5099	Y	0.734503	A	35.3235	g_odom_x	0	g_odom_y	0				
X	12.5227	Y	0.743546	A	35.7998	g_odom_x	0	g_odom_y	0				
X	12.5354	Y	0.752703	A	36.386	g_odom_x	0	g_odom_y	0				
X	12.548	Y	0.76199	A	36.9175	g_odom_x	0	g_odom_y	0				
X	12.5605	Y	0.771394	A	37.5403	g_odom_x	0	g_odom_y	0				
X	12.5729	Y	0.780933	A	38.1326	g_odom_x	0	g_odom_y	0				
X	12.5852	Y	0.790599	A	38.7249	g_odom_x	0	g_odom_y	0				
X	12.6088	Y	0.80951	A	40.2748	g_odom_x	0	g_odom_y	0				
X	12.6203	Y	0.819281	A	41.0679	g_odom_x	0	g_odom_y	0				
X	12.6317	Y	0.829211	A	41.855	g_odom_x	0	g_odom_y	0				
X	12.643	Y	0.839294	A	42.5385	g_odom_x	0	g_odom_y	0				
X	12.6541	Y	0.849515	A	43.1674	g_odom_x	0	g_odom_y	0				
X	12.6652	Y	0.859857	A	44.0216	g_odom_x	0	g_odom_y	0				
X	12.676	Y	0.870362	A	44.8757	g_odom_x	0	g_odom_y	0				
X	12.6975	Y	0.89169	A	45.8777	g_odom_x	0	g_odom_y	0				
X	12.708	Y	0.902542	A	46.5919	g_odom_x	0	g_odom_y	0				
X	12.7184	Y	0.913522	A	47.2146	g_odom_x	0	g_odom_y	0				
X	12.7286	Y	0.924615	A	47.9408	g_odom_x	0	g_odom_y	0				
X	12.7388	Y	0.935838	A	48.6062	g_odom_x	0	g_odom_y	0				
X	12.7488	Y	0.947177	A	49.3994	g_odom_x	0	g_odom_y	0				
X	12.7586	Y	0.958653	A	50.1925	g_odom_x	0	g_odom_y	0				
X	12.7779	Y	0.981875	A	51.7058	g_odom_x	0	g_odom_y	0				
X	12.7873	Y	0.993737	A	52.5051	g_odom_x	0	g_odom_y	0				
X	12.7962	Y	1.0053	A	53.1888	g_odom_x	0	g_odom_y	0				
X	12.8049	Y	1.01697	A	53.9576	g_odom_x	0	g_odom_y	0				
X	12.8135	Y	1.02876	A	54.6291	g_odom_x	0	g_odom_y	0				
X	12.8219	Y	1.04064	A	55.3006	g_odom_x	0	g_odom_y	0				
X	12.8302	Y	1.05262	A	56.9599	g_odom_x	0	g_odom_y	0				
X	12.8382	Y	1.06485	A	57.7716	g_odom_x	0	g_odom_y	0				
X	12.8459	Y	1.07717	A	58.729	g_odom_x	0	g_odom_y	0				
X	12.8535	Y	1.08963	A	59.6621	g_odom_x	0	g_odom_y	0				
X	12.8682	Y	1.11478	A	60.4983	g_odom_x	0	g_odom_y	0				
X	12.8754	Y	1.12747	A	61.468	g_odom_x	0	g_odom_y	0				
X	12.8821	Y	1.1398	A	62.4378	g_odom_x	0	g_odom_y	0				
X	12.8884	Y	1.15177	A	64.1942	g_odom_x	0	g_odom_y	0				
X	12.8942	Y	1.16392	A	65.2675	g_odom_x	0	g_odom_y	0				
X	12.8999	Y	1.17618	A	66.4807	g_odom_x	0	g_odom_y	0				
X	12.9053	Y	1.18855	A	67.5779	g_odom_x	0	g_odom_y	0				
X	12.9102	Y	1.20053	A	68.7305	g_odom_x	0	g_odom_y	0				
X	12.9149	Y	1.2126	A	69.9621	g_odom_x	0	g_odom_y	0				
X	12.9193	Y	1.22477	A	71.1936	g_odom_x	0	g_odom_y	0				
X	12.9273	Y	1.24828	A	73.7904	g_odom_x	0	g_odom_y	0				
X	12.9308	Y	1.2602	A	75.1984	g_odom_x	0	g_odom_y	0				
X	12.9343	Y	1.27325	A	76.7402	g_odom_x	0	g_odom_y	0				
X	12.9376	Y	1.28743	A	77.9715	g_odom_x	0	g_odom_y	0				
X	12.9408	Y	1.30222	A	79.0449	g_odom_x	0	g_odom_y	0				
X	12.9437	Y	1.31759	A	79.753	g_odom_x	0	g_odom_y	0				
X	12.9465	Y	1.333	A	80.461	g_odom_x	0	g_odom_y	0				
X	12.9517	Y	1.36388	A	81.8648	g_odom_x	0	g_odom_y	0				
X	12.954	Y	1.37992	A	82.4455	g_odom_x	0	g_odom_y	0				
X	12.9562	Y	1.3965	A	82.867	g_odom_x	0	g_odom_y	0				
X	12.9583	Y	1.4131	A	83.3624	g_odom_x	0	g_odom_y	0				
X	12.9602	Y	1.42971	A	83.3624	g_odom_x	0	g_odom_y	0				
X	12.9621	Y	1.44633	A	83.6808	g_odom_x	0	g_odom_y	0				
X	12.9658	Y	1.47958	A	83.9991	g_odom_x	0	g_odom_y	0				
X	12.9676	Y	1.49623	A	83.9991	g_odom_x	0	g_odom_y	0				
X	12.9694	Y	1.51341	A	84.1897	g_odom_x	0	g_odom_y	0				
X	12.9711	Y	1.53059	A	84.1897	g_odom_x	0	g_odom_y	0				
X	12.9729	Y	1.54778	A	84.1897	g_odom_x	0	g_odom_y	0				
X	12.9746	Y	1.56496	A	84.1897	g_odom_x	0	g_odom_y	0				
X	12.9764	Y	1.58215	A	84.1897	g_odom_x	0	g_odom_y	0				
X	12.9781	Y	1.59934	A	84.7046	g_odom_x	0	g_odom_y	0				
X	12.9797	Y	1.61654	A	84.7046	g_odom_x	0	g_odom_y	0				
X	12.9813	Y	1.63375	A	84.9439	g_odom_x	0	g_odom_y	0				
X	12.9828	Y	1.65095	A	84.9439	g_odom_x	0	g_odom_y	0				
X	12.9844	Y	1.66816	A	85.1345	g_odom_x	0	g_odom_y	0				
section	amcl_linear_Y_ahead												
W_X	13.0858	W_Y	1.49207	A	85.3555	O_X	12.9858	O_Y	1.68483	g_odom_x	0	g_odom_y	0
W_X	13.0856	W_Y	1.51924	A	85.9212	O_X	13.0004	O_Y	1.88509	g_odom_x	0	g_odom_y	0
section	amcl_linear_Y_ahead												
W_X	13.1011	W_Y	1.74983	A	85.9212	O_X	13.0028	O_Y	1.91794	g_odom_x	0	g_odom_y	0
W_X	13.1025	W_Y	1.76596	A	87.2655	O_X	13.0144	O_Y	2.11192	g_odom_x	0	g_odom_y	0
W_X	13.1039	W_Y	1.78209	A	87.2655	O_X	13.0152	O_Y	2.12809	g_odom_x	0	g_odom_y	0
W_X	13.1067	W_Y	1.81436	A	87.2655	O_X	13.0167	O_Y	2.16044	g_odom_x	0	g_odom_y	0
W_X	13.1081	W_Y	1.8305	A	87.2655	O_X	13.0175	O_Y	2.17662	g_odom_x	0	g_odom_y	0
W_X	13.1095	W_Y	1.84717	A	87.2655	O_X	13.0183	O_Y	2.19334	g_odom_x	0	g_odom_y	0
W_X	13.111	W_Y	1.86384	A	87.2655	O_X	13.0191	O_Y	2.21005	g_odom_x	0	g_odom_y	0
W_X	13.1124	W_Y	1.88052	A	87.2655	O_X	13.0199	O_Y	2.22677	g_odom_x	0	g_odom_y	0
W_X	13.1138	W_Y	1.89719	A	87.2655	O_X	13.0207	O_Y	2.24349	g_odom_x	0	g_odom_y	0
W_X	13.1153	W_Y	1.91389	A	87.2655	O_X	13.0215	O_Y	2.26022	g_odom_x	0	g_odom_y	0
W_X	13.1167	W_Y	1.93056	A	87.2655	O_X	13.0223	O_Y	2.27694	g_odom_x	0	g_odom_y	0
W_X	13.1155	W_Y	1.95328	A	87.2655	O_X	13.0231	O_Y	2.29365	g_odom_x	0	g_odom_y	0
W_X	13.1125	W_Y	1.98011	A	87.2655	O_X	13.0239	O_Y	2.31036	g_odom_x	0	g_odom_y	0
W_X	13.1152	W_Y	2.01345	A	87.2655	O_X	13.0255	O_Y	2.34378	g_odom_x	0	g_odom_y	0
W_X	13.1166	W_Y	2.03014	A	87.2655	O_X	13.0263	O_Y	2.3605	g_odom_x	0	g_odom_y	0
W_X	13.118	W_Y	2.04682	A	87.2655	O_X	13.0271	O_Y	2.37722	g_odom_x	0	g_odom_y	0
W_X	13.1193	W_Y	2.06296	A	87.2655	O_X	13.0278	O_Y	2.3934	g_odom_x	0	g_odom_y	0
W_X	13.1207	W_Y	2.07964	A	87.2655	O_X	13.0286	O_Y	2.41011	g_odom_x	0	g_odom_y	0
W_X	13.1221	W_Y	2.09631	A	87.4682	O_X	13.0294	O_Y	2.42682	g_odom_x	0	g_odom_y	0
W_X	13.1234	W_Y	2.11299	A	87.671	O_X	13.0302	O_Y	2.44354	g_odom_x	0	g_odom_y	0
W_X	13.1259	W_Y	2.14636	A	87.671	O_X	13.0315	O_Y	2.47698	g_odom_x	0	g_odom_y	0
W_X	13.1272	W_Y	2.16304	A	87.671	O_X	13.0322	O_Y	2.49369	g_odom_x	0	g_odom_y	0
W_X	13.1278	W_Y	2.18256	A	87.671	O_X	13.0329	O_Y	2.51042	g_odom_x	0	g_odom_y	0
W_X	13.1276	W_Y	2.20568	A	87.671	O_X	13.0336	O_Y	2.52715	g_odom_x	0	g_odom_y	0
W_X	13.1288	W_Y	2.22238	A	87.8251	O_X	13.0343	O_Y	2.54388	g_odom_x	0	g_odom_y	0
W_X	13.13	W_Y	2.23906	A	87.8251	O_X	13.0349	O_Y	2.56058	g_odom_x	0	g_odom_y	0
W_X	13.1312	W_Y	2.25573	A	87.8251	O_X	13.0355	O_Y	2.57729	g_odom_x	0	g_odom_y	0
W_X	13.1336	W_Y	2.28912	A	87.8251	O_X	13.0368	O_Y	2.61073	g_odom_x	0	g_odom_y	0
W_X	13.1348	W_Y	2.3058	A	87.8251	O_X	13.0374	O_Y	2.62745	g_odom_x	0	g_odom_y	0
W_X	13.136	W_Y	2.32249	A	87.8251	O_X	13.0381	O_Y	2.64417	g_odom_x	0	g_odom_y	0
W_X	13.1371	W_Y	2.33918	A	87.8251	O_X	13.0387	O_Y	2.66089	g_odom_x	0	g_odom_y	0
W_X	13.1383	W_Y	2.35587	A	87.8251	O_X	13.0393	O_Y	2.67761	g_odom_x	0	g_odom_y	0
W_X	13.1395	W_Y	2.37256	A	87.8251	O_X	13.04	O_Y	2.69433	g_odom_x	0	g_odom_y	0
W_X	13.1388	W_Y	2.39232	A	87.8251	O_X	13.0406	O_Y	2.71105	g_odom_x	0	g_odom_y	0
W_X	13.1348	W_Y	2.41729	A	87.8251	O_X	13.0412	O_Y	2.72781	g_odom_x	0	g_odom_y	0
W_X	13.136	W_Y	2.43397	A	87.8251	O_X	13.0419	O_Y	2.74451	g_odom_x	0	g_odom_y	0
W_X	13.1371	W_Y	2.45066	A	87.8251	O_X	13.0425	O_Y	2.76123	g_odom_x	0	g_odom_y	0
W_X	13.1382	W_Y	2.46682	A	87.8251	O_X	13.0431	O_Y	2.77741	g_odom_x	0	g_odom_y	0
W_X	13.1393	W_Y	2.48297	A	87.8251	O_X	13.0437	O_Y	2.79359	g_odom_x	0	g_odom_y	0
W_X	13.1405	W_Y	2.49967	A	87.8251	O_X	13.0444	O_Y	2.81032	g_odom_x	0	g_odom_y	0
W_X	13.1416	W_Y	2.51637	A	87.8251	O_X	13.045	O_Y	2.82704	g_odom_x	0	g_odom_y	0
W_X	13.1439	W_Y	2.54976	A	87.8251	O_X	13.0463	O_Y	2.86049	g_odom_x	0	g_odom_y	0
W_X	13.1451	W_Y	2.56645	A	87.8251	O_X	13.0469	O_Y	2.87721	g_odom_x	0	g_odom_y	0
W_X	13.1462	W_Y	2.58315	A	87.8251	O_X	13.0476	O_Y	2.89393	g_odom_x	0	g_odom_y	0
W_X	13.1455	W_Y	2.60094	A	87.8251	O_X	13.0482	O_Y	2.91066	g_odom_x	0	g_odom_y	0
W_X	13.1413	W_Y	2.62086	A	87.8251	O_X	13.0488	O_Y	2.92738	g_odom_x	0	g_odom_y	0
W_X	13.1423	W_Y	2.63764	A	87.8251	O_X	13.0495	O_Y	2.94409	g_odom_x	0	g_odom_y	0
W_X	13.1434	W_Y	2.65434	A	87.8251	O_X	13.0501	O_Y	2.96082	g_odom_x	0	g_odom_y	0
W_X	13.1445	W_Y	2.6705	A	87.8251	O_X	13.0507	O_Y	2.977	g_odom_x	0	g_odom_y	0
W_X	13.1456	W_Y	2.68666	A	87.8251	O_X	13.0513	O_Y	2.99319	g_odom_x	0	g_odom_y	0
W_X	13.1478	W_Y	2.72004	A	87.8251	O_X	13.0526	O_Y	3.02662	g_odom_x	0	g_odom_y	0
W_X	13.1489	W_Y	2.73674	A	87.8251	O_X	13.0532	O_Y	3.04335	g_odom_x	0	g_odom_y	0
W_X	13.15	W_Y	2.75344	A	87.8251	O_X	13.0539	O_Y	3.06007	g_odom_x	0	g_odom_y	0
W_X	13.1511	W_Y	2.77014	A	87.8251	O_X	13.0545	O_Y	3.0768	g_odom_x	0	g_odom_y	0
W_X	13.1522	W_Y	2.78685	A	87.8251	O_X	13.0551	O_Y	3.09352	g_odom_x	0	g_odom_y	0
W_X	13.1528	W_Y	2.80572	A	87.8251	O_X	13.0558	O_Y	3.11025	g_odom_x	0	g_odom_y	0
W_X	13.1522	W_Y	2.82991	A	87.8251	O_X	13.0564	O_Y	3.12697	g_odom_x	0	g_odom_y	0
W_X	13.1532	W_Y	2.84706	A	87.8251	O_X	13.057	O_Y	3.1437	g_odom_x	0	g_odom_y	0
W_X	13.1542	W_Y	2.86376	A	87.8251	O_X	13.0577	O_Y	3.16042	g_odom_x	0	g_odom_y	0
W_X	13.1553	W_Y	2.88044	A	87.8251	O_X	13.0583	O_Y	3.17713	g_odom_x	0	g_odom_y	0
W_X	13.1564	W_Y	2.89713	A	87.8251	O_X	13.0589	O_Y	3.19384	g_odom_x	0	g_odom_y	0
W_X	13.1585	W_Y	2.93053	A	87.8251	O_X	13.0602	O_Y	3.22728	g_odom_x	0	g_odom_y	0
W_X	13.1596	W_Y	2.94723	A	87.8251	O_X	13.0609	O_Y	3.244	g_odom_x	0	g_odom_y	0
W_X	13.1607	W_Y	2.96393	A	87.8251	O_X	13.0615	O_Y	3.26072	g_odom_x	0	g_odom_y	0
W_X	13.1617	W_Y	2.98063	A	87.8251	O_X	13.0621	O_Y	3.27744	g_odom_x	0	g_odom_y	0
W_X	13.1628	W_Y	2.99733	A	87.8251	O_X	13.0628	O_Y	3.29417	g_odom_x	0	g_odom_y	0
W_X	13.1627	W_Y	3.01488	A	87.8251	O_X	13.0634	O_Y	3.31089	g_odom_x	0	g_odom_y	0
section	amcl_linear_Y_ahead												
section	Arc	BACK											
X	13.0659	Y	3.37778	A	-95.0969								
X	13.0644	Y	3.36057	A	-95.0969								
X	13.0629	Y	3.3439	A	-95.0969								
X	13.0614	Y	3.32723	A	-95.0969								
X	13.0584	Y	3.29389	A	-96.2009								
X	13.0566	Y	3.27726	A	-97.3799								
X	13.0545	Y	3.26067	A	-97.1103								
X	13.0524	Y	3.24352	A	-96.4014								
X	13.0504	Y	3.22638	A	-97.1046								
X	13.0484	Y	3.20977	A	-97.6018								
X	13.0461	Y	3.19319	A	-98.099								
X	13.0437	Y	3.17608	A	-98.509								
X	13.0412	Y	3.15899	A	-98.8664								
X	13.0385	Y	3.14193	A	-98.8664								
X	13.0358	Y	3.12486	A	-98.8664								
X	13.0333	Y	3.10832	A	-99.0288								
X	13.0306	Y	3.0918	A	-99.0288								
X	13.0254	Y	3.05875	A	-99.0288								
X	13.0227	Y	3.04222	A	-99.4633								
X	13.02	Y	3.02571	A	-99.4633								
X	13.0172	Y	3.0092	A	-99.6379								
X	13.0144	Y	2.9927	A	-99.8613								
X	13.0116	Y	2.97622	A	-100.042								
X	13.0087	Y	2.95974	A	-100.339								
X	13.0027	Y	2.92682	A	-100.635								
X	12.9996	Y	2.91036	A	-100.635								
X	12.9965	Y	2.89392	A	-100.901								
X	12.9933	Y	2.87749	A	-101.185								
X	12.9901	Y	2.86107	A	-101.421								
X	12.9868	Y	2.84467	A	-101.62								
X	12.9834	Y	2.82828	A	-101.819								
X	12.9765	Y	2.79552	A	-102.521								
X	12.9728	Y	2.77876	A	-102.713								
X	12.9692	Y	2.76286	A	-102.989								
X	12.9655	Y	2.74655	A	-103.225								
X	12.9616	Y	2.73026	A	-103.387								
X	12.9578	Y	2.71398	A	-103.647								
X	12.9538	Y	2.69772	A	-103.907								
X	12.9498	Y	2.68147	A	-104.317								
X	12.9456	Y	2.66526	A	-104.317								
X	12.9374	Y	2.63283	A	-104.553								
X	12.9332	Y	2.61663	A	-104.733								
X	12.9289	Y	2.60044	A	-104.975								
X	12.9246	Y	2.58427	A	-105.168								
X	12.9202	Y	2.56813	A	-105.361								
X	12.9158	Y	2.55199	A	-105.905								
X	12.9112	Y	2.5359	A	-106.159								
X	12.9065	Y	2.51982	A	-106.449								
X	12.9018	Y	2.50378	A	-106.843								
X	12.8969	Y	2.48776	A	-107.035								
X	12.892	Y	2.47175	A	-107.228								
X	12.8821	Y	2.43978	A	-107.614								
X	12.8771	Y	2.42383	A	-107.856								
X	12.8719	Y	2.40788	A	-107.856								
X	12.8668	Y	2.39196	A	-108.176								
X	12.8616	Y	2.37603	A	-108.339								
X	12.8563	Y	2.36018	A	-108.598								
X	12.851	Y	2.34435	A	-108.858								
X	12.8402	Y	2.31269	A	-109.17								
X	12.8347	Y	2.29687	A	-109.436								
X	12.8291	Y	2.28108	A	-109.629								
X	12.8235	Y	2.26534	A	-109.629								
X	12.8179	Y	2.24957	A	-109.932								
X	12.8121	Y	2.23383	A	-109.932								
X	12.8064	Y	2.2181	A	-109.932								
X	12.795	Y	2.18664	A	-110.44								
X	12.7892	Y	2.17095	A	-110.748								
X	12.7833	Y	2.15532	A	-111.166								
X	12.7772	Y	2.13971	A	-111.432								
X	12.7711	Y	2.12413	A	-111.661								
X	12.7649	Y	2.10856	A	-111.83								
X	12.7587	Y	2.09303	A	-111.999								
X	12.7524	Y	2.07752	A	-112.482								
X	12.746	Y	2.06206	A	-112.772								
X	12.7396	Y	2.04663	A	-113.032								
X	12.733	Y	2.03124	A	-113.224								
X	12.7264	Y	2.01586	A	-113.224								
X	12.7198	Y	2.00047	A	-113.224								
X	12.7066	Y	1.96972	A	-113.224								
X	12.7	Y	1.95434	A	-113.695								
X	12.6933	Y	1.93901	A	-114.229								
X	12.6864	Y	1.92375	A	-114.229								
X	12.6796	Y	1.90849	A	-114.66								
X	12.6726	Y	1.89328	A	-114.66								
X	12.6656	Y	1.87808	A	-114.66								
X	12.6516	Y	1.84766	A	-115.167								
X	12.6445	Y	1.83252	A	-115.421								
X	12.6373	Y	1.8174	A	-115.76								
X	12.6301	Y	1.80233	A	-116.062								
X	12.6227	Y	1.7873	A	-116.062								
X	12.6154	Y	1.77227	A	-116.062								
X	12.608	Y	1.75723	A	-116.062								
X	12.5933	Y	1.72716	A	-116.947								
X	12.5857	Y	1.71225	A	-117.225								
X	12.5781	Y	1.69737	A	-117.225								
X	12.5704	Y	1.68248	A	-117.431								
X	12.5627	Y	1.66763	A	-117.678								
X	12.5549	Y	1.65281	A	-117.678								
X	12.5471	Y	1.63799	A	-117.678								
X	12.5316	Y	1.60836	A	-118.222								
X	12.5237	Y	1.59361	A	-118.427								
X	12.5157	Y	1.57889	A	-118.699								
X	12.5077	Y	1.56422	A	-118.868								
X	12.4996	Y	1.54955	A	-119.104								
X	12.4915	Y	1.53493	A	-119.339								
X	12.4833	Y	1.52033	A	-119.968								
X	12.4749	Y	1.50584	A	-120.204								
X	12.4665	Y	1.49138	A	-120.561								
X	12.458	Y	1.47696	A	-120.876								
X	12.4494	Y	1.4626	A	-121.05								
X	12.4408	Y	1.44826	A	-121.05								
X	12.4321	Y	1.43393	A	-121.05								
X	12.4149	Y	1.40526	A	-121.473								
X	12.4061	Y	1.391	A	-121.629								
X	12.3974	Y	1.37675	A	-121.84								
X	12.3884	Y	1.36234	A	-121.84								
X	12.3797	Y	1.34831	A	-122.175								
X	12.3708	Y	1.33415	A	-122.41								
X	12.3618	Y	1.32002	A	-122.646								
X	12.3438	Y	1.29184	A	-123.518								
X	12.3345	Y	1.27789	A	-123.729								
X	12.3252	Y	1.26397	A	-124.068								
X	12.3159	Y	1.25011	A	-124.353								
X	12.3064	Y	1.23629	A	-124.74								
X	12.2969	Y	1.22254	A	-124.97								
X	12.2873	Y	1.20883	A	-125.199								
X	12.268	Y	1.18148	A	-125.974								
X	12.2582	Y	1.16794	A	-126.253								
X	12.2483	Y	1.15444	A	-126.561								
X	12.2383	Y	1.141	A	-126.9								
X	12.2283	Y	1.12763	A	-127.178								
X	12.2181	Y	1.11429	A	-127.517								
X	12.2079	Y	1.10102	A	-127.856								
X	12.1977	Y	1.0878	A	-128.193								
X	12.1873	Y	1.07465	A	-128.465								
X	12.1769	Y	1.06154	A	-128.829								
X	12.1664	Y	1.04851	A	-128.829								
X	12.1559	Y	1.03547	A	-129.174								
X	12.1454	Y	1.02249	A	-129.519								
X	12.1241	Y	0.996675	A	-130.136								
X	12.1133	Y	0.983884	A	-130.402								
X	12.1024	Y	0.971141	A	-130.71								
X	12.0915	Y	0.958454	A	-131.013								
X	12.0805	Y	0.945828	A	-131.413								
X	12.0695	Y	0.933279	A	-131.709								
X	12.0583	Y	0.920788	A	-132.005								
X	12.0359	Y	0.895918	A	-132.939								
X	12.0245	Y	0.883665	A	-133.181								
X	12.0131	Y	0.871463	A	-133.489								
X	12.0016	Y	0.859323	A	-133.767								
X	11.99	Y	0.84724	A	-134.143								
X	11.9783	Y	0.83523	A	-134.397								
X	11.9666	Y	0.823272	A	-134.65								
X	11.9431	Y	0.799462	A	-135.207								
X	11.9312	Y	0.787664	A	-135.527								
X	11.9193	Y	0.775957	A	-135.763								
X	11.9073	Y	0.76428	A	-136.059								
X	11.8953	Y	0.752669	A	-136.362								
X	11.8831	Y	0.741121	A	-136.621								
X	11.871	Y	0.729628	A	-136.881								
X	11.8466	Y	0.706758	A	-137.401								
X	11.8342	Y	0.69543	A	-137.691								
X	11.8219	Y	0.684163	A	-138.024								
X	11.8094	Y	0.672973	A	-138.381								
X	11.7969	Y	0.661858	A	-138.739								
X	11.7843	Y	0.650824	A	-139.096								
X	11.7717	Y	0.639861	A	-139.786								
X	11.7589	Y	0.629054	A	-140.064								
X	11.7461	Y	0.618314	A	-140.458								
X	11.7332	Y	0.607653	A	-140.76								
X	11.7202	Y	0.597073	A	-141.051								
X	11.7076	Y	0.586892	A	-141.274								
X	11.695	Y	0.57676	A	-141.497								
X	11.6696	Y	0.556596	A	-142.346								
X	11.6568	Y	0.546703	A	-142.685								
X	11.6439	Y	0.536879	A	-142.89								
X	11.631	Y	0.527115	A	-143.387								
X	11.618	Y	0.517454	A	-143.707								
X	11.605	Y	0.507869	A	-144.053								
X	11.5918	Y	0.498362	A	-144.398								
X	11.5655	Y	0.479506	A	-145.149								
X	11.5522	Y	0.470253	A	-145.475								
X	11.5389	Y	0.461075	A	-145.851								
X	11.5255	Y	0.451983	A	-146.318								
X	11.512	Y	0.442983	A	-146.676								
X	11.4984	Y	0.434086	A	-147.124								
X	11.4848	Y	0.425294	A	-147.573								
X	11.4575	Y	0.407941	A	-148.202								
X	11.4438	Y	0.399411	A	-148.65								
X	11.4299	Y	0.390986	A	-149.178								
X	11.416	Y	0.382692	A	-149.529								
X	11.4021	Y	0.374479	A	-149.783								
X	11.3881	Y	0.366329	A	-150.036								
X	11.374	Y	0.358238	A	-150.751								
X	11.3599	Y	0.350323	A	-151.041								
X	11.3457	Y	0.342482	A	-151.417								
X	11.3315	Y	0.334735	A	-151.944								
X	11.3172	Y	0.327118	A	-152.216								
X	11.3029	Y	0.319566	A	-152.641								
X	11.2885	Y	0.312121	A	-153.065								
X	11.2596	Y	0.297452	A	-153.804								
X	11.2451	Y	0.290302	A	-154.124								
X	11.2305	Y	0.283235	A	-154.548								
X	11.2159	Y	0.27627	A	-154.936								
X	11.2012	Y	0.269409	A	-155.318								
X	11.1865	Y	0.262646	A	-155.791								
X	11.157	Y	0.249371	A	-156.263								
X	11.1422	Y	0.24285	A	-156.783								
X	11.1273	Y	0.23647	A	-157.274								
X	11.1123	Y	0.230209	A	-157.595								
X	11.0974	Y	0.224037	A	-157.946								
X	11.0824	Y	0.217956	A	-158.346								
X	11.0673	Y	0.21198	A	-158.771								
X	11.0371	Y	0.200255	A	-159.197								
X	11.022	Y	0.194501	A	-159.631								
X	11.0068	Y	0.188864	A	-160.079								
X	10.9916	Y	0.183345	A	-160.394								
X	10.9763	Y	0.177912	A	-160.709								
X	10.961	Y	0.172561	A	-161.121								
X	10.9457	Y	0.16732	A	-161.533								
X	10.915	Y	0.15706	A	-162.418								
X	10.8995	Y	0.152169	A	-162.824								
X	10.8841	Y	0.147387	A	-163.29								
X	10.8686	Y	0.14273	A	-163.629								
X	10.853	Y	0.138166	A	-164.047								
X	10.8375	Y	0.133715	A	-164.392								
X	10.8219	Y	0.129358	A	-164.738								
X	10.7906	Y	0.120832	A	-165.501								
X	10.7749	Y	0.116779	A	-165.815								
X	10.7592	Y	0.112809	A	-166.209								
X	10.7435	Y	0.108949	A	-166.481								
X	10.7278	Y	0.105164	A	-166.942								
X	10.712	Y	0.101504	A	-167.287								
X	10.6962	Y	0.0979405	A	-167.632								
X	10.6645	Y	0.091003	A	-168.395								
X	10.6487	Y	0.0877449	A	-168.746								
X	10.6323	Y	0.0844794	A	-169.183								
X	10.6158	Y	0.0813387	A	-169.479								
X	10.5994	Y	0.0782829	A	-169.757								
X	10.5829	Y	0.0753076	A	-170.084								
section	back	liner											
W_X	10.2232	W_Y	0.0291331	A	-170.411	OX	10.5664	O_Y	0.0724261				
W_X	10.2065	W_Y	0.028278	A	-171.336	OX	10.3515	O_Y	0.0390165				
W_X	10.1897	W_Y	0.0275019	A	-171.336	OX	10.3349	O_Y	0.0364953				
W_X	10.1731	W_Y	0.028589	A	-171.336	OX	10.3211	O_Y	0.0343802				
W_X	10.1582	W_Y	0.0284868	A	-170.967	OX	10.3072	O_Y	0.0322643				
W_X	10.1442	W_Y	0.0277107	A	-171.185	OX	10.2933	O_Y	0.0300609				
W_X	10.1302	W_Y	0.0269876	A	-171.645	OX	10.2794	O_Y	0.0279098				
W_X	10.1167	W_Y	0.0264008	A	-171.645	OX	10.2661	O_Y	0.0259488				
W_X	10.1032	W_Y	0.0258139	A	-172.076	OX	10.2527	O_Y	0.0239875				
W_X	10.0897	W_Y	0.0253285	A	-172.076	OX	10.2394	O_Y	0.0221275				
W_X	10.0762	W_Y	0.0248431	A	-172.076	OX	10.226	O_Y	0.0202675				
W_X	10.0503	W_Y	0.0239109	A	-172.717	OX	10.2003	O_Y	0.0166952				
W_X	10.0374	W_Y	0.0235899	A	-172.94	OX	10.1875	O_Y	0.0150532				
W_X	10.0244	W_Y	0.0233192	A	-173.206	OX	10.1746	O_Y	0.0134606				
W_X	10.012	W_Y	0.0231174	A	-173.454	OX	10.1623	O_Y	0.0119919				
W_X	10.0001	W_Y	0.0218894	A	-173.75	OX	10.15	O_Y	0.0105764				
W_X	9.98828	W_Y	0.020395	A	-173.937	OX	10.1376	O_Y	0.00922478				
section	back	liner											
section	back	liner											
W_X	9.83341	W_Y	0.0231137	A	-174.717	OX	10.1016	O_Y	0.00548172				
W_X	9.82155	W_Y	0.0235961	A	-176.485	OX	9.97143	O_Y	-0.0045646				
W_X	9.80105	W_Y	0.0244291	A	-176.805	OX	9.95096	O_Y	-0.00582241				
W_X	9.78082	W_Y	0.0253616	A	-177.041	OX	9.93045	O_Y	-0.00696709				
W_X	9.76091	W_Y	0.02638	A	-177.277	OX	9.90994	O_Y	-0.00802734				
W_X	9.71998	W_Y	0.0286504	A	-177.882	OX	9.86899	O_Y	-0.00997487				
W_X	9.69951	W_Y	0.0300026	A	-178.89	OX	9.84849	O_Y	-0.0107332				
W_X	9.67907	W_Y	0.0317149	A	-178.334	OX	9.82798	O_Y	-0.0111305				
W_X	9.65861	W_Y	0.033229	A	-177.845	OX	9.80748	O_Y	-0.0117268				
W_X	9.63814	W_Y	0.0345682	A	-177.515	OX	9.78698	O_Y	-0.0124979				
W_X	9.61766	W_Y	0.0357896	A	-177.184	OX	9.76648	O_Y	-0.0133874				
W_X	9.59717	W_Y	0.0368931	A	-177.923	OX	9.74598	O_Y	-0.0143956				
W_X	9.5767	W_Y	0.0382601	A	-177.923	OX	9.72549	O_Y	-0.0151389				
W_X	9.55624	W_Y	0.039627	A	-177.923	OX	9.70499	O_Y	-0.0158822				
W_X	9.53577	W_Y	0.0409943	A	-177.653	OX	9.68449	O_Y	-0.0166257				
W_X	9.51528	W_Y	0.0422562	A	-177.286	OX	9.66399	O_Y	-0.0174654				
W_X	9.49423	W_Y	0.0431346	A	-177.286	OX	9.6435	O_Y	-0.0184369				
W_X	9.47356	W_Y	0.0441644	A	-177.286	OX	9.623	O_Y	-0.0194084				
W_X	9.4326	W_Y	0.0463892	A	-176.869	OX	9.58202	O_Y	-0.0213506				
W_X	9.41207	W_Y	0.0473543	A	-176.869	OX	9.5615	O_Y	-0.0224734				
W_X	9.39162	W_Y	0.0483155	A	-176.869	OX	9.54106	O_Y	-0.0235916				
W_X	9.37113	W_Y	0.0492785	A	-176.869	OX	9.52058	O_Y	-0.024712				
W_X	9.35064	W_Y	0.0502418	A	-176.869	OX	9.50009	O_Y	-0.0258326				
W_X	9.33013	W_Y	0.0512057	A	-176.869	OX	9.4796	O_Y	-0.026954				
W_X	9.30963	W_Y	0.0521695	A	-176.869	OX	9.4591	O_Y	-0.0280753				
W_X	9.26866	W_Y	0.0540951	A	-176.869	OX	9.41815	O_Y	-0.0303155				
W_X	9.24815	W_Y	0.0550618	A	-176.869	OX	9.39765	O_Y	-0.0314369				
W_X	9.22547	W_Y	0.0569739	A	-176.869	OX	9.37716	O_Y	-0.0325577				
W_X	9.20421	W_Y	0.0582794	A	-176.869	OX	9.3567	O_Y	-0.0336771				
W_X	9.18371	W_Y	0.0592403	A	-176.869	OX	9.33621	O_Y	-0.0347978				
W_X	9.16322	W_Y	0.0602008	A	-176.869	OX	9.31573	O_Y	-0.0359181				
W_X	9.14274	W_Y	0.0611613	A	-176.869	OX	9.29526	O_Y	-0.0370384				
W_X	9.10176	W_Y	0.0630827	A	-176.869	OX	9.25429	O_Y	-0.0392795				
W_X	9.08126	W_Y	0.0640434	A	-176.715	OX	9.23381	O_Y	-0.0404001				
W_X	9.06077	W_Y	0.0649491	A	-176.561	OX	9.21333	O_Y	-0.0415757				
W_X	9.03967	W_Y	0.0666915	A	-176.561	OX	9.19286	O_Y	-0.0428057				
W_X	9.01866	W_Y	0.0682911	A	-176.561	OX	9.17238	O_Y	-0.0440366				
W_X	8.99817	W_Y	0.0691639	A	-176.561	OX	9.15191	O_Y	-0.0452671				
W_X	8.97766	W_Y	0.0700373	A	-176.561	OX	9.13142	O_Y	-0.0464984				
W_X	8.95718	W_Y	0.07091	A	-176.561	OX	9.11095	O_Y	-0.0477288				
W_X	8.93667	W_Y	0.0717835	A	-176.346	OX	9.09046	O_Y	-0.0489603				
W_X	8.91618	W_Y	0.0725789	A	-176.346	OX	9.07	O_Y	-0.050267				
W_X	8.89568	W_Y	0.073375	A	-176.346	OX	9.04952	O_Y	-0.0515747				
W_X	8.87518	W_Y	0.0741709	A	-176.346	OX	9.02905	O_Y	-0.0528821				
W_X	8.85477	W_Y	0.0749476	A	-176.346	OX	9.00858	O_Y	-0.0541895				
W_X	8.81486	W_Y	0.0762919	A	-176.346	OX	8.96764	O_Y	-0.0568045				
W_X	8.79468	W_Y	0.0770214	A	-176.346	OX	8.94717	O_Y	-0.058112				
W_X	8.77418	W_Y	0.0778236	A	-176.346	OX	8.9267	O_Y	-0.0594196				
W_X	8.75369	W_Y	0.0786255	A	-176.346	OX	8.90623	O_Y	-0.0607268				
W_X	8.73319	W_Y	0.0794277	A	-176.346	OX	8.88576	O_Y	-0.0620343				
W_X	8.71269	W_Y	0.0802299	A	-175.991	OX	8.86528	O_Y	-0.063342				
W_X	8.69219	W_Y	0.0809051	A	-175.636	OX	8.84482	O_Y	-0.0647765				
W_X	8.65117	W_Y	0.0820013	A	-175.636	OX	8.80391	O_Y	-0.0678986				
W_X	8.63067	W_Y	0.0825493	A	-175.354	OX	8.78346	O_Y	-0.0694596				
W_X	8.61141	W_Y	0.0778289	A	-175.354	OX	8.76301	O_Y	-0.0711214				
W_X	8.59328	W_Y	0.0676178	A	-175.168	OX	8.74247	O_Y	-0.0727908				
W_X	8.57286	W_Y	0.0678994	A	-175.168	OX	8.72212	O_Y	-0.0745109				
W_X	8.55236	W_Y	0.0681822	A	-175.168	OX	8.70168	O_Y	-0.0762383				
W_X	8.53185	W_Y	0.0684649	A	-175.168	OX	8.68125	O_Y	-0.0779658				
W_X	8.49083	W_Y	0.0690306	A	-175.168	OX	8.64037	O_Y	-0.0814214				
W_X	8.47031	W_Y	0.0693135	A	-175.168	OX	8.61992	O_Y	-0.0831493				
W_X	8.4498	W_Y	0.0695963	A	-175.168	OX	8.59949	O_Y	-0.0848769				
W_X	8.4293	W_Y	0.069879	A	-175.168	OX	8.57905	O_Y	-0.0866044				
W_X	8.40878	W_Y	0.0701619	A	-175.168	OX	8.5586	O_Y	-0.0883327				
W_X	8.39144	W_Y	0.0615067	A	-174.978	OX	8.53816	O_Y	-0.090061				
W_X	8.35267	W_Y	0.0554928	A	-174.787	OX	8.49729	O_Y	-0.0936521				
W_X	8.33215	W_Y	0.0555963	A	-174.787	OX	8.47686	O_Y	-0.095516				
W_X	8.31165	W_Y	0.0556997	A	-174.512	OX	8.45645	O_Y	-0.0973784				
W_X	8.29114	W_Y	0.0557046	A	-174.512	OX	8.43602	O_Y	-0.0993408				
W_X	8.27062	W_Y	0.0557094	A	-174.358	OX	8.41561	O_Y	-0.101303				
W_X	8.25011	W_Y	0.0556591	A	-174.358	OX	8.39519	O_Y	-0.103319				
W_X	8.22959	W_Y	0.0556088	A	-174.358	OX	8.37477	O_Y	-0.105337				
W_X	8.20907	W_Y	0.0555584	A	-174.358	OX	8.35435	O_Y	-0.107354				
W_X	8.18859	W_Y	0.054378	A	-174.358	OX	8.33394	O_Y	-0.109371				
W_X	8.16834	W_Y	0.044814	A	-174.358	OX	8.31353	O_Y	-0.111388				
W_X	8.14788	W_Y	0.0423174	A	-174.358	OX	8.29311	O_Y	-0.113404				
W_X	8.12735	W_Y	0.0422028	A	-174.358	OX	8.27268	O_Y	-0.115423				
W_X	8.10684	W_Y	0.0420883	A	-174.358	OX	8.25226	O_Y	-0.11744				
W_X	8.08632	W_Y	0.0419738	A	-174.358	OX	8.23184	O_Y	-0.119458				
W_X	8.04529	W_Y	0.0417448	A	-174.358	OX	8.19102	O_Y	-0.123491				
W_X	8.02478	W_Y	0.0416303	A	-174.358	OX	8.17061	O_Y	-0.125508				
W_X	8.00427	W_Y	0.0415158	A	-174.191	OX	8.15019	O_Y	-0.127525				
W_X	7.98375	W_Y	0.0413418	A	-174.191	OX	8.12978	O_Y	-0.129601				
W_X	7.96343	W_Y	0.0382271	A	-173.934	OX	8.10937	O_Y	-0.131677				
W_X	7.94325	W_Y	0.0326494	A	-173.934	OX	8.08898	O_Y	-0.133844				
W_X	7.92274	W_Y	0.0323282	A	-173.934	OX	8.06859	O_Y	-0.136011				
W_X	7.88172	W_Y	0.0316856	A	-173.431	OX	8.02779	O_Y	-0.140347				
W_X	7.86121	W_Y	0.0311843	A	-173.431	OX	8.00741	O_Y	-0.142694				
W_X	7.84069	W_Y	0.0306826	A	-173.431	OX	7.98702	O_Y	-0.145042				
W_X	7.82019	W_Y	0.0301816	A	-173.837	OX	7.96665	O_Y	-0.147388				
W_X	7.79969	W_Y	0.0298257	A	-174.042	OX	7.94626	O_Y	-0.149589				
W_X	7.77918	W_Y	0.0295431	A	-174.247	OX	7.92587	O_Y	-0.151718				
W_X	7.73816	W_Y	0.0291246	A	-174.645	OX	7.88505	O_Y	-0.15583				
W_X	7.71737	W_Y	0.0255771	A	-174.898	OX	7.86462	O_Y	-0.157745				
W_X	7.69663	W_Y	0.0229781	A	-175.122	OX	7.84419	O_Y	-0.159569				
W_X	7.65564	W_Y	0.023166	A	-175.436	OX	7.82377	O_Y	-0.161312				
W_X	7.63513	W_Y	0.0234115	A	-175.871	OX	7.78288	O_Y	-0.16448				
W_X	7.61462	W_Y	0.0237173	A	-176.039	OX	7.76242	O_Y	-0.165957				
W_X	7.5941	W_Y	0.0240837	A	-176.717	OX	7.74195	O_Y	-0.167375				
W_X	7.5736	W_Y	0.0246925	A	-176.717	OX	7.72147	O_Y	-0.168549				
W_X	7.55387	W_Y	0.0195695	A	-176.934	OX	7.70099	O_Y	-0.169724				
W_X	7.53466	W_Y	0.0104938	A	-176.934	OX	7.6805	O_Y	-0.170821				
W_X	7.51416	W_Y	0.0111112	A	-176.934	OX	7.66002	O_Y	-0.171918				
W_X	7.49365	W_Y	0.0117287	A	-176.934	OX	7.63953	O_Y	-0.173016				
W_X	7.47314	W_Y	0.0123462	A	-176.934	OX	7.61904	O_Y	-0.174113				
W_X	7.43214	W_Y	0.0135808	A	-176.934	OX	7.57808	O_Y	-0.176307				
W_X	7.41163	W_Y	0.0141983	A	-176.934	OX	7.55759	O_Y	-0.177404				
W_X	7.39113	W_Y	0.0148156	A	-176.934	OX	7.53711	O_Y	-0.178501				
W_X	7.37063	W_Y	0.0154329	A	-176.934	OX	7.51663	O_Y	-0.179598				
W_X	7.35012	W_Y	0.0160504	A	-176.934	OX	7.49615	O_Y	-0.180695				
W_X	7.32961	W_Y	0.0166678	A	-176.934	OX	7.47566	O_Y	-0.181792				
W_X	7.28819	W_Y	0.0143658	A	-176.934	OX	7.4347	O_Y	-0.183986				
W_X	7.26704	W_Y	0.0096895	A	-176.934	OX	7.41421	O_Y	-0.185083				
W_X	7.24654	W_Y	0.0102673	A	-176.934	OX	7.39373	O_Y	-0.18618				
W_X	7.22603	W_Y	0.0108453	A	-176.934	OX	7.37324	O_Y	-0.187277				
W_X	7.20552	W_Y	0.0114232	A	-176.934	OX	7.35275	O_Y	-0.188374				
W_X	7.18502	W_Y	0.012001	A	-176.934	OX	7.33227	O_Y	-0.189471				
W_X	7.16451	W_Y	0.0125789	A	-176.934	OX	7.31179	O_Y	-0.190568				
W_X	7.12351	W_Y	0.0137345	A	-176.934	OX	7.27083	O_Y	-0.192762				
W_X	7.103	W_Y	0.0143126	A	-176.492	OX	7.25034	O_Y	-0.193859				
W_X	7.08249	W_Y	0.0147323	A	-176.492	OX	7.22986	O_Y	-0.195114				
W_X	7.05985	W_Y	0.00178853	A	-176.492	OX	7.20938	O_Y	-0.196369				
W_X	7.03811	W_Y	-0.00537853	A	-176.492	OX	7.18891	O_Y	-0.197624				
W_X	7.0176	W_Y	-0.00506303	A	-176.492	OX	7.16844	O_Y	-0.198879				
W_X	6.99709	W_Y	-0.00474753	A	-176.492	OX	7.14797	O_Y	-0.200134				
W_X	6.95607	W_Y	-0.00411644	A	-176.492	OX	7.10702	O_Y	-0.202644				
W_X	6.93556	W_Y	-0.00380088	A	-176.492	OX	7.08654	O_Y	-0.203899				
W_X	6.91505	W_Y	-0.00348538	A	-176.492	OX	7.06607	O_Y	-0.205154				
W_X	6.89454	W_Y	-0.00316975	A	-176.492	OX	7.04559	O_Y	-0.206409				
W_X	6.87403	W_Y	-0.00285432	A	-176.492	OX	7.02512	O_Y	-0.207664				
W_X	6.85341	W_Y	-0.00457813	A	-176.492	OX	7.00464	O_Y	-0.208919				
W_X	6.83225	W_Y	-0.0152658	A	-176.492	OX	6.98417	O_Y	-0.210174				
W_X	6.8116	W_Y	-0.0168983	A	-176.492	OX	6.96367	O_Y	-0.211431				
W_X	6.79109	W_Y	-0.0166765	A	-176.332	OX	6.9432	O_Y	-0.212685				
W_X	6.77058	W_Y	-0.016512	A	-176.332	OX	6.92273	O_Y	-0.213998				
W_X	6.75006	W_Y	-0.0163475	A	-176.332	OX	6.90225	O_Y	-0.21531				
W_X	6.72955	W_Y	-0.0161831	A	-176.622	OX	6.88179	O_Y	-0.216622				
W_X	6.70904	W_Y	-0.0159147	A	-176.414	OX	6.86131	O_Y	-0.217831				
W_X	6.68853	W_Y	-0.0157211	A	-176.205	OX	6.84084	O_Y	-0.219114				
W_X	6.6475	W_Y	-0.0154834	A	-176.591	OX	6.7999	O_Y	-0.221829				
W_X	6.62713	W_Y	-0.0222297	A	-176.591	OX	6.77943	O_Y	-0.223049				
W_X	6.60679	W_Y	-0.0328055	A	-176.591	OX	6.75895	O_Y	-0.224269				
W_X	6.58626	W_Y	-0.0326543	A	-176.591	OX	6.73847	O_Y	-0.22549				
W_X	6.56578	W_Y	-0.0325034	A	-176.591	OX	6.71801	O_Y	-0.226708				
W_X	6.54529	W_Y	-0.0323525	A	-176.591	OX	6.69756	O_Y	-0.227927				
W_X	6.50426	W_Y	-0.0320503	A	-176.591	OX	6.65661	O_Y	-0.230367				
W_X	6.48374	W_Y	-0.0318991	A	-176.915	OX	6.63612	O_Y	-0.231587				
W_X	6.46322	W_Y	-0.0316317	A	-176.915	OX	6.61563	O_Y	-0.232692				
W_X	6.44271	W_Y	-0.0313643	A	-176.915	OX	6.59515	O_Y	-0.233795				
W_X	6.42219	W_Y	-0.0310968	A	-176.915	OX	6.57465	O_Y	-0.2349				
W_X	6.40095	W_Y	-0.0405399	A	-176.915	OX	6.55418	O_Y	-0.236003				
W_X	6.37998	W_Y	-0.0461593	A	-176.915	OX	6.53371	O_Y	-0.237106				
W_X	6.33896	W_Y	-0.0457976	A	-177.35	OX	6.49274	O_Y	-0.239314				
W_X	6.31845	W_Y	-0.0454613	A	-177.35	OX	6.47226	O_Y	-0.240262				
W_X	6.29794	W_Y	-0.045125	A	-177.35	OX	6.45176	O_Y	-0.241211				
W_X	6.27743	W_Y	-0.0447886	A	-177.35	OX	6.43127	O_Y	-0.242159				
W_X	6.25693	W_Y	-0.0444523	A	-177.35	OX	6.41079	O_Y	-0.243107				
W_X	6.23642	W_Y	-0.044116	A	-177.35	OX	6.3903	O_Y	-0.244056				
W_X	6.21591	W_Y	-0.0437797	A	-177.35	OX	6.36981	O_Y	-0.245004				
W_X	6.19531	W_Y	-0.0445694	A	-177.662	OX	6.34931	O_Y	-0.245953				
W_X	6.17449	W_Y	-0.0485809	A	-177.662	OX	6.32881	O_Y	-0.24679				
W_X	6.15395	W_Y	-0.0486468	A	-177.892	OX	6.30831	O_Y	-0.247626				
W_X	6.13346	W_Y	-0.0481294	A	-177.892	OX	6.28783	O_Y	-0.24838				
W_X	6.11295	W_Y	-0.0476115	A	-177.892	OX	6.26733	O_Y	-0.249135				
W_X	6.09244	W_Y	-0.0470936	A	-177.892	OX	6.24683	O_Y	-0.24989				
W_X	6.07193	W_Y	-0.0465756	A	-177.892	OX	6.22633	O_Y	-0.250644				
W_X	6.03093	W_Y	-0.0455401	A	-177.892	OX	6.18534	O_Y	-0.252153				
W_X	6.01041	W_Y	-0.045022	A	-177.892	OX	6.16483	O_Y	-0.252908				
W_X	5.98991	W_Y	-0.0445042	A	-178.054	OX	6.14433	O_Y	-0.253663				
W_X	5.96908	W_Y	-0.0481125	A	-178.054	OX	6.12383	O_Y	-0.254359				
W_X	5.94811	W_Y	-0.0532177	A	-178.326	OX	6.10333	O_Y	-0.255056				
W_X	5.9276	W_Y	-0.0525915	A	-178.326	OX	6.08281	O_Y	-0.255655				
W_X	5.8866	W_Y	-0.05134	A	-178.326	OX	6.04181	O_Y	-0.256853				
W_X	5.86609	W_Y	-0.0507139	A	-178.895	OX	6.0213	O_Y	-0.257452				
W_X	5.8456	W_Y	-0.0498848	A	-178.895	OX	6.00079	O_Y	-0.257848				
W_X	5.82508	W_Y	-0.049055	A	-178.895	OX	5.98027	O_Y	-0.258244				
W_X	5.80458	W_Y	-0.0482255	A	-179.082	OX	5.95975	O_Y	-0.25864				
W_X	5.78409	W_Y	-0.0473297	A	-179.25	OX	5.93925	O_Y	-0.258968				
W_X	5.76361	W_Y	-0.0466521	A	-179.42	OX	5.91874	O_Y	-0.259237				
W_X	5.72259	W_Y	-0.0520607	A	-179.59	OX	5.87772	O_Y	-0.259652				
W_X	5.70207	W_Y	-0.0535574	A	-179.962	OX	5.8572	O_Y	-0.259799				
W_X	5.68159	W_Y	-0.0523962	A	-179.962	OX	5.83668	O_Y	-0.259812				
W_X	5.64064	W_Y	-0.0500752	A	-179.962	OX	5.79566	O_Y	-0.25984				
W_X	5.62016	W_Y	-0.0489146	A	-179.962	OX	5.77515	O_Y	-0.259853				
W_X	5.59968	W_Y	-0.0477539	A	-179.962	OX	5.75464	O_Y	-0.259867				
W_X	5.55873	W_Y	-0.0454327	A	-179.962	OX	5.71362	O_Y	-0.259894				
W_X	5.53826	W_Y	-0.0442727	A	-179.962	OX	5.69312	O_Y	-0.259907				
W_X	5.51807	W_Y	-0.0431894	A	-179.962	OX	5.67261	O_Y	-0.259921				
W_X	5.49856	W_Y	-0.0422655	A	-179.962	OX	5.65209	O_Y	-0.259935				
W_X	5.47816	W_Y	-0.0410968	A	-179.962	OX	5.63159	O_Y	-0.259948				
W_X	5.45768	W_Y	-0.0399097	A	-179.962	OX	5.61107	O_Y	-0.259962				
W_X	5.4372	W_Y	-0.0387227	A	-179.962	OX	5.59056	O_Y	-0.259975				
W_X	5.41671	W_Y	-0.0375353	A	179.725	OX	5.57003	O_Y	-0.259989				
W_X	5.39624	W_Y	-0.0362368	A	179.725	OX	5.54952	O_Y	-0.259891				
W_X	5.37577	W_Y	-0.0349381	A	179.551	OX	5.52901	O_Y	-0.259792				
W_X	5.3553	W_Y	-0.0335771	A	179.551	OX	5.5085	O_Y	-0.259631				
W_X	5.33484	W_Y	-0.032216	A	179.551	OX	5.48799	O_Y	-0.25947				
W_X	5.31381	W_Y	-0.0336963	A	179.551	OX	5.46747	O_Y	-0.259309				
W_X	5.29283	W_Y	-0.0349408	A	179.551	OX	5.44696	O_Y	-0.259149				
W_X	5.2519	W_Y	-0.032204	A	179.551	OX	5.40593	O_Y	-0.258827				
W_X	5.23143	W_Y	-0.0308355	A	179.551	OX	5.38542	O_Y	-0.258666				
W_X	5.21096	W_Y	-0.029467	A	179.551	OX	5.36491	O_Y	-0.258505				
W_X	5.19049	W_Y	-0.0280986	A	179.376	OX	5.3444	O_Y	-0.258344				
W_X	5.17003	W_Y	-0.026668	A	179.376	OX	5.32389	O_Y	-0.258121				
W_X	5.14957	W_Y	-0.0252374	A	179.376	OX	5.30338	O_Y	-0.257897				
W_X	5.10865	W_Y	-0.0223761	A	179.376	OX	5.26236	O_Y	-0.257451				
W_X	5.08818	W_Y	-0.0209449	A	179.376	OX	5.24184	O_Y	-0.257227				
W_X	5.06772	W_Y	-0.0195145	A	179.376	OX	5.22133	O_Y	-0.257004				
W_X	5.04499	W_Y	-0.0253284	A	179.376	OX	5.20081	O_Y	-0.25678				
W_X	5.02216	W_Y	-0.0314751	A	179.376	OX	5.1803	O_Y	-0.256557				
W_X	5.00169	W_Y	-0.0300951	A	179.376	OX	5.15979	O_Y	-0.256333				
W_X	4.98122	W_Y	-0.0287151	A	179.376	OX	5.13927	O_Y	-0.25611				
W_X	4.94029	W_Y	-0.0259554	A	179.376	OX	5.09825	O_Y	-0.255663				
W_X	4.91983	W_Y	-0.0245757	A	179.183	OX	5.07774	O_Y	-0.25544				
W_X	4.89936	W_Y	-0.0231265	A	179.183	OX	5.05723	O_Y	-0.255147				
W_X	4.8789	W_Y	-0.021678	A	179.183	OX	5.03672	O_Y	-0.254855				
W_X	4.85845	W_Y	-0.0202298	A	179.435	OX	5.01622	O_Y	-0.254562				
W_X	4.838	W_Y	-0.0190881	A	179.435	OX	4.9957	O_Y	-0.25436				
W_X	4.81815	W_Y	-0.0242977	A	179.435	OX	4.9752	O_Y	-0.254158				
W_X	4.79786	W_Y	-0.025225	A	179.435	OX	4.95467	O_Y	-0.253955				
W_X	4.77739	W_Y	-0.0239334	A	179.435	OX	4.93416	O_Y	-0.253753				
W_X	4.75691	W_Y	-0.0226418	A	179.435	OX	4.91364	O_Y	-0.25355				
W_X	4.73644	W_Y	-0.0213505	A	179.278	OX	4.89314	O_Y	-0.253348				
W_X	4.71597	W_Y	-0.0200027	A	178.945	OX	4.87262	O_Y	-0.253089				
W_X	4.6955	W_Y	-0.0185359	A	178.945	OX	4.8521	O_Y	-0.252712				
W_X	4.65458	W_Y	-0.0156032	A	178.945	OX	4.81108	O_Y	-0.251956				
W_X	4.63411	W_Y	-0.014136	A	178.945	OX	4.79056	O_Y	-0.251579				
W_X	4.6127	W_Y	-0.0154215	A	178.945	OX	4.77006	O_Y	-0.251201				
W_X	4.59001	W_Y	-0.0203778	A	178.945	OX	4.74954	O_Y	-0.250823				
W_X	4.56949	W_Y	-0.0191053	A	178.945	OX	4.72903	O_Y	-0.250446				
W_X	4.54903	W_Y	-0.0176969	A	178.945	OX	4.70852	O_Y	-0.250068				
W_X	4.52856	W_Y	-0.0162886	A	178.945	OX	4.68801	O_Y	-0.249691				
W_X	4.48763	W_Y	-0.013472	A	178.945	OX	4.64699	O_Y	-0.248935				
W_X	4.46715	W_Y	-0.0120627	A	178.945	OX	4.62647	O_Y	-0.248558				
W_X	4.4467	W_Y	-0.0106553	A	178.945	OX	4.60597	O_Y	-0.24818				
W_X	4.42624	W_Y	-0.00924721	A	179.118	OX	4.58546	O_Y	-0.247803				
W_X	4.40576	W_Y	-0.00789974	A	179.118	OX	4.56494	O_Y	-0.247487				
W_X	4.38319	W_Y	-0.00977569	A	179.118	OX	4.54443	O_Y	-0.247171				
W_X	4.3607	W_Y	-0.0115745	A	179.118	OX	4.52393	O_Y	-0.246855				
W_X	4.31975	W_Y	-0.00893672	A	179.118	OX	4.48291	O_Y	-0.246223				
W_X	4.29928	W_Y	-0.00761751	A	179.118	OX	4.46239	O_Y	-0.245907				
W_X	4.27881	W_Y	-0.00629866	A	179.118	OX	4.44188	O_Y	-0.245591				
W_X	4.25835	W_Y	-0.00498057	A	179.118	OX	4.42138	O_Y	-0.245275				
W_X	4.23787	W_Y	-0.00366098	A	179.118	OX	4.40086	O_Y	-0.244959				
W_X	4.21739	W_Y	-0.00234196	A	179.118	OX	4.38035	O_Y	-0.244643				
W_X	4.19692	W_Y	-0.00102293	A	179.118	OX	4.35983	O_Y	-0.244328				
W_X	4.15598	W_Y	0.00161466	A	179.118	OX	4.31881	O_Y	-0.243696				
W_X	4.13108	W_Y	-0.00747128	A	179.118	OX	4.29833	O_Y	-0.24338				
W_X	4.10901	W_Y	-0.00990444	A	179.118	OX	4.27781	O_Y	-0.243064				
W_X	4.08854	W_Y	-0.00864175	A	179.118	OX	4.2573	O_Y	-0.242748				
W_X	4.06807	W_Y	-0.00737927	A	179.118	OX	4.23679	O_Y	-0.242432				
W_X	4.0476	W_Y	-0.00611679	A	179.118	OX	4.21629	O_Y	-0.242117				
W_X	4.02713	W_Y	-0.00485395	A	179.118	OX	4.19578	O_Y	-0.241801				
W_X	4.00663	W_Y	-0.00358968	A	179.118	OX	4.17524	O_Y	-0.241484				
W_X	3.98616	W_Y	-0.00232746	A	179.118	OX	4.15474	O_Y	-0.241169				
W_X	3.96487	W_Y	-0.00535692	A	179.118	OX	4.13423	O_Y	-0.240853				
W_X	3.94373	W_Y	-0.00749724	A	179.118	OX	4.11371	O_Y	-0.240537				
W_X	3.92327	W_Y	-0.00629064	A	179.118	OX	4.09322	O_Y	-0.240221				
W_X	3.90281	W_Y	-0.00508405	A	179.118	OX	4.07272	O_Y	-0.239905				
W_X	3.86186	W_Y	-0.00266884	A	179.118	OX	4.0317	O_Y	-0.239274				
W_X	3.84138	W_Y	-0.00146125	A	179.118	OX	4.01119	O_Y	-0.238958				
W_X	3.8209	W_Y	-0.000253557	A	179.118	OX	3.99068	O_Y	-0.238642				
W_X	3.80034	W_Y	0.000959092	A	179.118	OX	3.97008	O_Y	-0.238324				
W_X	3.75918	W_Y	0.00278216	A	179.118	OX	3.92917	O_Y	-0.237694				
W_X	3.73679	W_Y	0.000373122	A	179.118	OX	3.90864	O_Y	-0.237378				
W_X	3.71594	W_Y	0.000859394	A	179.118	OX	3.88813	O_Y	-0.237062				
W_X	3.69548	W_Y	0.00203025	A	179.118	OX	3.86764	O_Y	-0.236747				
W_X	3.675	W_Y	0.00320262	A	179.118	OX	3.84712	O_Y	-0.236431				
W_X	3.65452	W_Y	0.00437455	A	179.118	OX	3.82661	O_Y	-0.236115				
W_X	3.63404	W_Y	0.00554653	A	179.118	OX	3.8061	O_Y	-0.235799				
W_X	3.61356	W_Y	0.00671851	A	179.118	OX	3.78559	O_Y	-0.235483				
W_X	3.5726	W_Y	0.00906255	A	179.118	OX	3.74457	O_Y	-0.234851				
W_X	3.55212	W_Y	0.0102346	A	179.118	OX	3.72406	O_Y	-0.234535				
W_X	3.53056	W_Y	0.00864688	A	179.118	OX	3.70353	O_Y	-0.234219				
W_X	3.50809	W_Y	0.00465626	A	179.118	OX	3.68302	O_Y	-0.233903				
W_X	3.48761	W_Y	0.00576835	A	179.118	OX	3.66251	O_Y	-0.233587				
W_X	3.46713	W_Y	0.00688036	A	179.118	OX	3.642	O_Y	-0.233271				
W_X	3.44665	W_Y	0.00799237	A	179.118	OX	3.62149	O_Y	-0.232955				
W_X	3.40568	W_Y	0.0102167	A	179.118	OX	3.58047	O_Y	-0.232324				
W_X	3.38519	W_Y	0.0113291	A	179.118	OX	3.55996	O_Y	-0.232008				
W_X	3.36471	W_Y	0.0124409	A	179.118	OX	3.53945	O_Y	-0.231692				
W_X	3.34423	W_Y	0.013553	A	179.118	OX	3.51894	O_Y	-0.231376				
W_X	3.32375	W_Y	0.0146652	A	179.118	OX	3.49843	O_Y	-0.23106				
W_X	3.30263	W_Y	0.0145672	A	179.118	OX	3.47791	O_Y	-0.230744				
W_X	3.28183	W_Y	0.0151005	A	179.118	OX	3.4574	O_Y	-0.230428				
W_X	3.24088	W_Y	0.0173496	A	179.118	OX	3.41639	O_Y	-0.229796				
W_X	3.2204	W_Y	0.0184745	A	179.118	OX	3.39589	O_Y	-0.229481				
W_X	3.19992	W_Y	0.0195994	A	179.118	OX	3.37537	O_Y	-0.229165				
W_X	3.17944	W_Y	0.0207244	A	179.118	OX	3.35486	O_Y	-0.228849				
W_X	3.15895	W_Y	0.0218493	A	179.118	OX	3.33435	O_Y	-0.228533				
W_X	3.13847	W_Y	0.0229744	A	179.118	OX	3.31384	O_Y	-0.228217				
W_X	3.11799	W_Y	0.0240995	A	179.118	OX	3.29333	O_Y	-0.227901				
W_X	3.07691	W_Y	0.024714	A	179.118	OX	3.25231	O_Y	-0.227269				
W_X	3.05605	W_Y	0.0200885	A	179.118	OX	3.23179	O_Y	-0.226953				
W_X	3.03551	W_Y	0.0203254	A	179.118	OX	3.21128	O_Y	-0.226637				
W_X	3.01503	W_Y	0.0214172	A	179.118	OX	3.19078	O_Y	-0.226321				
W_X	2.99453	W_Y	0.0225097	A	179.118	OX	3.17026	O_Y	-0.226005				
W_X	2.97406	W_Y	0.0236014	A	179.272	OX	3.14975	O_Y	-0.22569				
W_X	2.95357	W_Y	0.0246381	A	179.426	OX	3.12924	O_Y	-0.225429				
W_X	2.9126	W_Y	0.0266016	A	179.426	OX	3.08822	O_Y	-0.225018				
W_X	2.89211	W_Y	0.0275836	A	179.426	OX	3.06771	O_Y	-0.224812				
W_X	2.87162	W_Y	0.0285654	A	179.426	OX	3.0472	O_Y	-0.224606				
W_X	2.85059	W_Y	0.0317693	A	179.426	OX	3.02668	O_Y	-0.224401				
W_X	2.82954	W_Y	0.0351033	A	179.426	OX	3.00617	O_Y	-0.224195				
W_X	2.80903	W_Y	0.0361045	A	179.426	OX	2.98564	O_Y	-0.223989				
W_X	2.78852	W_Y	0.0371058	A	179.426	OX	2.96511	O_Y	-0.223783				
W_X	2.74756	W_Y	0.0391059	A	179.426	OX	2.9241	O_Y	-0.223372				
W_X	2.72708	W_Y	0.0401059	A	179.426	OX	2.9036	O_Y	-0.223167				
W_X	2.70659	W_Y	0.0411062	A	179.426	OX	2.88309	O_Y	-0.222961				
W_X	2.6861	W_Y	0.0421068	A	179.257	OX	2.86257	O_Y	-0.222756				
W_X	2.66562	W_Y	0.0431673	A	179.257	OX	2.84207	O_Y	-0.22249				
W_X	2.64509	W_Y	0.0439016	A	179.257	OX	2.82155	O_Y	-0.222224				
W_X	2.62398	W_Y	0.0400372	A	179.257	OX	2.80104	O_Y	-0.221958				
W_X	2.60326	W_Y	0.0392413	A	179.257	OX	2.78052	O_Y	-0.221692				
W_X	2.58277	W_Y	0.0402812	A	179.569	OX	2.76001	O_Y	-0.221426				
W_X	2.56228	W_Y	0.0412093	A	179.569	OX	2.7395	O_Y	-0.221271				
W_X	2.54179	W_Y	0.0421376	A	179.736	OX	2.71899	O_Y	-0.221117				
W_X	2.5213	W_Y	0.0430063	A	179.914	OX	2.69847	O_Y	-0.221023				
W_X	2.5008	W_Y	0.0438111	A	-179.908	OX	2.67796	O_Y	-0.220992				
W_X	2.4598	W_Y	0.0452934	A	-179.908	OX	2.63694	O_Y	-0.221058				
W_X	2.4393	W_Y	0.0460346	A	-179.908	OX	2.61642	O_Y	-0.221091				
W_X	2.41793	W_Y	0.0447476	A	-179.908	OX	2.59591	O_Y	-0.221124				
W_X	2.39521	W_Y	0.0403296	A	-179.908	OX	2.57539	O_Y	-0.221157				
W_X	2.37466	W_Y	0.0410455	A	-179.908	OX	2.55483	O_Y	-0.22119				
W_X	2.35419	W_Y	0.0417585	A	-179.908	OX	2.53435	O_Y	-0.221223				
W_X	2.33372	W_Y	0.0424715	A	-179.908	OX	2.51387	O_Y	-0.221256				
W_X	2.29272	W_Y	0.0438998	A	-179.908	OX	2.47284	O_Y	-0.221323				
W_X	2.27222	W_Y	0.0446137	A	-179.908	OX	2.45233	O_Y	-0.221356				
W_X	2.25171	W_Y	0.0453283	A	-179.908	OX	2.43181	O_Y	-0.221389				
W_X	2.23122	W_Y	0.0460422	A	-179.908	OX	2.4113	O_Y	-0.221422				
W_X	2.21071	W_Y	0.0467564	A	-179.908	OX	2.39078	O_Y	-0.221455				
W_X	2.18975	W_Y	0.0450288	A	-179.908	OX	2.37028	O_Y	-0.221488				
W_X	2.16884	W_Y	0.0436415	A	-179.908	OX	2.34977	O_Y	-0.221521				
W_X	2.12784	W_Y	0.0450618	A	-179.908	OX	2.30874	O_Y	-0.221587				
W_X	2.10726	W_Y	0.0457747	A	-179.741	OX	2.28815	O_Y	-0.22162				
W_X	2.08679	W_Y	0.0464241	A	-179.741	OX	2.26767	O_Y	-0.221713				
W_X	2.06622	W_Y	0.0470766	A	-179.741	OX	2.24709	O_Y	-0.221806				
W_X	2.04582	W_Y	0.0477238	A	-179.587	OX	2.22668	O_Y	-0.221899				
W_X	2.02535	W_Y	0.0483183	A	-179.434	OX	2.2062	O_Y	-0.222046				
W_X	2.00482	W_Y	0.0488593	A	-179.434	OX	2.18567	O_Y	-0.222249				
W_X	1.98429	W_Y	0.0493088	A	-179.434	OX	2.16516	O_Y	-0.222452				
W_X	1.96319	W_Y	0.048101	A	-179.434	OX	2.14464	O_Y	-0.222654				
W_X	1.92201	W_Y	0.0486482	A	-179.434	OX	2.10363	O_Y	-0.22306				
W_X	1.90151	W_Y	0.0491875	A	-179.434	OX	2.08312	O_Y	-0.223262				
W_X	1.88101	W_Y	0.0497267	A	-179.434	OX	2.06262	O_Y	-0.223465				
W_X	1.83999	W_Y	0.0508055	A	-179.434	OX	2.02159	O_Y	-0.223871				
W_X	1.81949	W_Y	0.0513448	A	-179.434	OX	2.00108	O_Y	-0.224073				
W_X	1.79898	W_Y	0.0518842	A	-179.434	OX	1.98057	O_Y	-0.224276				
W_X	1.77848	W_Y	0.0524235	A	-179.261	OX	1.96006	O_Y	-0.224479				
W_X	1.75777	W_Y	0.050598	A	-179.261	OX	1.93954	O_Y	-0.224743				
W_X	1.73687	W_Y	0.0464361	A	-178.998	OX	1.91903	O_Y	-0.225008				
W_X	1.71635	W_Y	0.0467995	A	-178.734	OX	1.89852	O_Y	-0.225367				
W_X	1.67533	W_Y	0.0473375	A	-178.734	OX	1.8575	O_Y	-0.226273				
W_X	1.65482	W_Y	0.0476065	A	-178.58	OX	1.83699	O_Y	-0.226726				
W_X	1.63431	W_Y	0.0478203	A	-178.58	OX	1.81649	O_Y	-0.227234				
W_X	1.6138	W_Y	0.0480341	A	-178.58	OX	1.79598	O_Y	-0.227743				
W_X	1.59328	W_Y	0.048248	A	-178.42	OX	1.77547	O_Y	-0.228251				
W_X	1.57277	W_Y	0.0484045	A	-178.42	OX	1.75497	O_Y	-0.228817				
W_X	1.55226	W_Y	0.048561	A	-178.42	OX	1.73446	O_Y	-0.229382				
W_X	1.5108	W_Y	0.0451363	A	-178.42	OX	1.69345	O_Y	-0.230514				
W_X	1.48999	W_Y	0.0427865	A	-178.42	OX	1.67294	O_Y	-0.231079				
section	back	liner											
section	back	liner											
W_X	1.2433	W_Y	0.0381641	A	-178.42	OX	1.63193	O_Y	-0.232211				
W_X	1.22276	W_Y	0.0380616	A	-177.818	OX	1.40642	O_Y	-0.240064				
W_X	1.20225	W_Y	0.0379592	A	-177.818	OX	1.38592	O_Y	-0.240845				
W_X	1.18173	W_Y	0.0378568	A	-177.818	OX	1.36542	O_Y	-0.241626				
W_X	1.16122	W_Y	0.0377544	A	-177.818	OX	1.34492	O_Y	-0.242407				
W_X	1.14067	W_Y	0.0376519	A	-177.818	OX	1.32439	O_Y	-0.24319				
W_X	1.12019	W_Y	0.0375496	A	-177.818	OX	1.30392	O_Y	-0.24397				
W_X	1.09845	W_Y	0.034064	A	-177.818	OX	1.28345	O_Y	-0.24475				
W_X	1.05577	W_Y	0.0293116	A	-177.497	OX	1.24245	O_Y	-0.246312				
W_X	1.03526	W_Y	0.0290636	A	-177.497	OX	1.22196	O_Y	-0.247208				
W_X	1.01476	W_Y	0.0288157	A	-177.258	OX	1.20147	O_Y	-0.248103				
W_X	0.994243	W_Y	0.0284821	A	-177.258	OX	1.18098	O_Y	-0.249085				
W_X	0.973709	W_Y	0.0281481	A	-177.258	OX	1.16047	O_Y	-0.250067				
W_X	0.953222	W_Y	0.0278148	A	-177.258	OX	1.14	O_Y	-0.251047				
W_X	0.932735	W_Y	0.0274816	A	-177.258	OX	1.11953	O_Y	-0.252027				
W_X	0.891713	W_Y	0.0268143	A	-177.258	OX	1.07855	O_Y	-0.25399				
W_X	0.8712	W_Y	0.0264806	A	-177.258	OX	1.05806	O_Y	-0.254971				
W_X	0.851668	W_Y	0.0267426	A	-177.258	OX	1.03758	O_Y	-0.255952				
W_X	0.831685	W_Y	0.0267264	A	-177.258	OX	1.0171	O_Y	-0.256933				
W_X	0.811175	W_Y	0.0263974	A	-177.258	OX	0.996614	O_Y	-0.257914				
W_X	0.790666	W_Y	0.0260684	A	-177.258	OX	0.976126	O_Y	-0.258895				
W_X	0.770158	W_Y	0.0257395	A	-177.258	OX	0.955639	O_Y	-0.259876				
W_X	0.729136	W_Y	0.0250815	A	-177.583	OX	0.914659	O_Y	-0.261839				
W_X	0.708623	W_Y	0.0248688	A	-177.583	OX	0.894163	O_Y	-0.262704				
W_X	0.688103	W_Y	0.024656	A	-177.583	OX	0.87366	O_Y	-0.263569				
W_X	0.666918	W_Y	0.0146646	A	-177.583	OX	0.853174	O_Y	-0.264434				
W_X	0.645663	W_Y	0.00360095	A	-177.583	OX	0.83269	O_Y	-0.265298				
W_X	0.625147	W_Y	0.00326625	A	-177.583	OX	0.81219	O_Y	-0.266164				
W_X	0.60463	W_Y	0.00293153	A	-177.583	OX	0.791688	O_Y	-0.267029				
W_X	0.584116	W_Y	0.00259687	A	-177.583	OX	0.77119	O_Y	-0.267894				
W_X	0.563606	W_Y	0.00226228	A	-177.583	OX	0.750696	O_Y	-0.268759				
W_X	0.543096	W_Y	0.00192768	A	-177.583	OX	0.730201	O_Y	-0.269624				
W_X	0.522587	W_Y	0.00159309	A	-177.583	OX	0.709708	O_Y	-0.270489				
W_X	0.502078	W_Y	0.00125851	A	-177.583	OX	0.689214	O_Y	-0.271354				
W_X	0.481344	W_Y	-0.000652022	A	-177.583	OX	0.668721	O_Y	-0.272219				
W_X	0.437937	W_Y	-0.0182255	A	-177.583	OX	0.627731	O_Y	-0.273949				
W_X	0.416803	W_Y	-0.0230913	A	-177.583	OX	0.607235	O_Y	-0.274814				
W_X	0.396297	W_Y	-0.0235584	A	-177.583	OX	0.586741	O_Y	-0.275679				
W_X	0.375777	W_Y	-0.0240258	A	-177.583	OX	0.566234	O_Y	-0.276545				
W_X	0.355281	W_Y	-0.0244927	A	-177.583	OX	0.545751	O_Y	-0.277409				
W_X	0.334784	W_Y	-0.0249596	A	-177.776	OX	0.525267	O_Y	-0.278274				
W_X	0.293774	W_Y	-0.0257555	A	-177.969	OX	0.484281	O_Y	-0.279865				
W_X	0.273252	W_Y	-0.0260847	A	-177.969	OX	0.463768	O_Y	-0.280593				
W_X	0.252723	W_Y	-0.026414	A	-177.969	OX	0.443249	O_Y	-0.281321				
W_X	0.231316	W_Y	-0.0316897	A	-177.969	OX	0.422768	O_Y	-0.282047				
W_X	0.208719	W_Y	-0.0433872	A	-177.969	OX	0.40227	O_Y	-0.282774				
W_X	0.188196	W_Y	-0.0437849	A	-177.969	OX	0.381756	O_Y	-0.283501				
W_X	0.167699	W_Y	-0.044182	A	-177.969	OX	0.361268	O_Y	-0.284228				
W_X	0.147203	W_Y	-0.0445792	A	-177.969	OX	0.340781	O_Y	-0.284954				
W_X	0.106185	W_Y	-0.045374	A	-177.969	OX	0.299781	O_Y	-0.286408				
W_X	0.0856731	W_Y	-0.0457714	A	-177.969	OX	0.279278	O_Y	-0.287135				
W_X	0.0651401	W_Y	-0.0461692	A	-177.969	OX	0.258754	O_Y	-0.287863				
W_X	0.0446217	W_Y	-0.0465668	A	-177.969	OX	0.238245	O_Y	-0.28859				
W_X	0.0241292	W_Y	-0.0469639	A	-178.15	OX	0.217761	O_Y	-0.289317				
W_X	0.00294217	W_Y	-0.0562829	A	-178.33	OX	0.197276	O_Y	-0.289979				
W_X	-0.0385389	W_Y	-0.0629336	A	-178.33	OX	0.156267	O_Y	-0.291174				
section	back	liner											
