W_X	0.026775	W_Y	-0.00569107	A	0	O_X	0	O_Y	0	g_odom_x	0	g_odom_y	0
W_X	0.026775	W_Y	-0.00569107	A	0	O_X	0	O_Y	0	g_odom_x	0	g_odom_y	0
W_X	0.026775	W_Y	-0.00569107	A	0	O_X	0	O_Y	0	g_odom_x	0	g_odom_y	0
W_X	0.0472839	W_Y	-0.00573643	A	0	O_X	0.0205089	O_Y	0	g_odom_x	0	g_odom_y	0
W_X	0.0580776	W_Y	-0.0057603	A	0	O_X	0.0313026	O_Y	0	g_odom_x	0	g_odom_y	0
W_X	0.068875	W_Y	-0.00578418	A	0.398045	O_X	0.0421001	O_Y	0	g_odom_x	0	g_odom_y	0
W_X	0.0796702	W_Y	-0.00573305	A	-0.262994	O_X	0.0528951	O_Y	7.49965E-05	g_odom_x	0	g_odom_y	0
W_X	0.0904663	W_Y	-0.00580649	A	-0.418879	O_X	0.0636914	O_Y	0.00002544	g_odom_x	0	g_odom_y	0
W_X	0.101802	W_Y	-0.00591443	A	-0.142605	O_X	0.075027	O_Y	-5.74342E-05	g_odom_x	0	g_odom_y	0
W_X	0.113678	W_Y	-0.00597025	A	0.133669	O_X	0.0869032	O_Y	-8.69932E-05	g_odom_x	0	g_odom_y	0
W_X	0.125563	W_Y	-0.00596881	A	1.28252	O_X	0.0987883	O_Y	-5.92657E-05	g_odom_x	0	g_odom_y	0
W_X	0.137437	W_Y	-0.00572925	A	1.28252	O_X	0.110661	O_Y	0.00020655	g_odom_x	0	g_odom_y	0
W_X	0.149849	W_Y	-0.00547882	A	0.840569	O_X	0.123073	O_Y	0.000484428	g_odom_x	0	g_odom_y	0
W_X	0.162265	W_Y	-0.00532412	A	0.840569	O_X	0.135489	O_Y	0.000666586	g_odom_x	0	g_odom_y	0
W_X	0.17522	W_Y	-0.00516271	A	0.840569	O_X	0.148443	O_Y	0.000856645	g_odom_x	0	g_odom_y	0
W_X	0.188174	W_Y	-0.00500131	A	1.03772	O_X	0.161397	O_Y	0.0010467	g_odom_x	0	g_odom_y	0
W_X	0.201127	W_Y	-0.00479533	A	1.23488	O_X	0.17435	O_Y	0.00128132	g_odom_x	0	g_odom_y	0
W_X	0.228113	W_Y	-0.00427332	A	1.97006	O_X	0.201335	O_Y	0.00186301	g_odom_x	0	g_odom_y	0
W_X	0.241602	W_Y	-0.0038392	A	1.77765	O_X	0.214822	O_Y	0.00232696	g_odom_x	0	g_odom_y	0
W_X	0.255631	W_Y	-0.00343486	A	1.77765	O_X	0.22885	O_Y	0.00276233	g_odom_x	0	g_odom_y	0
W_X	0.269664	W_Y	-0.0030304	A	1.77765	O_X	0.242882	O_Y	0.00319782	g_odom_x	0	g_odom_y	0
W_X	0.284223	W_Y	-0.00261078	A	1.77765	O_X	0.25744	O_Y	0.00364964	g_odom_x	0	g_odom_y	0
W_X	0.298789	W_Y	-0.00219093	A	1.77765	O_X	0.272006	O_Y	0.0041017	g_odom_x	0	g_odom_y	0
W_X	0.313356	W_Y	-0.00177108	A	1.77765	O_X	0.286572	O_Y	0.00455376	g_odom_x	0	g_odom_y	0
W_X	0.343574	W_Y	-0.000900138	A	1.77765	O_X	0.316788	O_Y	0.00549153	g_odom_x	0	g_odom_y	0
W_X	0.358683	W_Y	-0.000464656	A	1.77765	O_X	0.331896	O_Y	0.00596043	g_odom_x	0	g_odom_y	0
W_X	0.373791	W_Y	-2.92079E-05	A	1.77765	O_X	0.347003	O_Y	0.00642929	g_odom_x	0	g_odom_y	0
W_X	0.393742	W_Y	-0.00220704	A	1.77765	O_X	0.362651	O_Y	0.00691494	g_odom_x	0	g_odom_y	0
W_X	0.42608	W_Y	-0.0121596	A	1.77765	O_X	0.378298	O_Y	0.00740057	g_odom_x	0	g_odom_y	0
W_X	0.444119	W_Y	-0.0130593	A	1.77765	O_X	0.394483	O_Y	0.00790286	g_odom_x	0	g_odom_y	0
W_X	0.444119	W_Y	-0.0130593	A	1.77765	O_X	0.394483	O_Y	0.00790286	g_odom_x	0	g_odom_y	0
W_X	0.460309	W_Y	-0.01281	A	1.77765	O_X	0.410667	O_Y	0.00840516	g_odom_x	0	g_odom_y	0
W_X	0.460309	W_Y	-0.01281	A	1.77765	O_X	0.410667	O_Y	0.00840516	g_odom_x	0	g_odom_y	0
W_X	0.492695	W_Y	-0.0123111	A	1.77765	O_X	0.443041	O_Y	0.00940991	g_odom_x	0	g_odom_y	0
W_X	0.52616	W_Y	-0.0117957	A	1.77765	O_X	0.476495	O_Y	0.0104482	g_odom_x	0	g_odom_y	0
W_X	0.52616	W_Y	-0.0117957	A	1.77765	O_X	0.476495	O_Y	0.0104482	g_odom_x	0	g_odom_y	0
W_X	0.57743	W_Y	-0.011006	A	1.77765	O_X	0.527745	O_Y	0.0120388	g_odom_x	0	g_odom_y	0
W_X	0.59525	W_Y	-0.0107316	A	1.77765	O_X	0.545559	O_Y	0.0125916	g_odom_x	0	g_odom_y	0
W_X	0.613061	W_Y	-0.0104572	A	1.77765	O_X	0.563364	O_Y	0.0131442	g_odom_x	0	g_odom_y	0
W_X	0.613061	W_Y	-0.0104572	A	1.77765	O_X	0.563364	O_Y	0.0131442	g_odom_x	0	g_odom_y	0
W_X	0.631413	W_Y	-0.0101746	A	1.77765	O_X	0.581709	O_Y	0.0137136	g_odom_x	0	g_odom_y	0
W_X	0.654677	W_Y	-0.011673	A	1.77765	O_X	0.600054	O_Y	0.0142829	g_odom_x	0	g_odom_y	0
W_X	0.654677	W_Y	-0.011673	A	1.77765	O_X	0.600054	O_Y	0.0142829	g_odom_x	0	g_odom_y	0
W_X	0.654677	W_Y	-0.011673	A	1.77765	O_X	0.600054	O_Y	0.0142829	g_odom_x	0	g_odom_y	0
W_X	0.750969	W_Y	-0.0124248	A	1.77765	O_X	0.693934	O_Y	0.0171966	g_odom_x	0	g_odom_y	0
W_X	0.750969	W_Y	-0.0124248	A	1.77765	O_X	0.693934	O_Y	0.0171966	g_odom_x	0	g_odom_y	0
W_X	0.750969	W_Y	-0.0124248	A	1.77765	O_X	0.693934	O_Y	0.0171966	g_odom_x	0	g_odom_y	0
W_X	0.789296	W_Y	-0.0123783	A	1.77765	O_X	0.732242	O_Y	0.0183855	g_odom_x	0	g_odom_y	0
W_X	0.789296	W_Y	-0.0123783	A	1.77765	O_X	0.732242	O_Y	0.0183855	g_odom_x	0	g_odom_y	0
W_X	0.789296	W_Y	-0.0123783	A	1.77765	O_X	0.732242	O_Y	0.0183855	g_odom_x	0	g_odom_y	0
W_X	0.849754	W_Y	-0.0121944	A	2.14152	O_X	0.792668	O_Y	0.0203715	g_odom_x	0	g_odom_y	0
W_X	0.904358	W_Y	-0.0166853	A	2.35085	O_X	0.854159	O_Y	0.0228209	g_odom_x	0	g_odom_y	0
W_X	0.921868	W_Y	-0.0189581	A	2.35085	O_X	0.874669	O_Y	0.0236629	g_odom_x	0	g_odom_y	0
W_X	0.942364	W_Y	-0.0190296	A	2.35085	O_X	0.895148	O_Y	0.0245036	g_odom_x	0	g_odom_y	0
W_X	0.962877	W_Y	-0.0191011	A	2.18887	O_X	0.915644	O_Y	0.0253451	g_odom_x	0	g_odom_y	0
W_X	0.98339	W_Y	-0.0192306	A	2.18887	O_X	0.936142	O_Y	0.0261286	g_odom_x	0	g_odom_y	0
W_X	0.98339	W_Y	-0.0192306	A	2.18887	O_X	0.936142	O_Y	0.0261286	g_odom_x	0	g_odom_y	0
W_X	1.0039	W_Y	-0.0193601	A	2.18887	O_X	0.95664	O_Y	0.026912	g_odom_x	0	g_odom_y	0
section	ahead	liner											
W_X	1.58303	W_Y	-0.0604947	A	2.36169	O_X	1.34609	O_Y	0.0418595	g_odom_x	0	g_odom_y	0
W_X	1.60352	W_Y	-0.0612968	A	2.21053	O_X	1.55104	O_Y	0.0503501	g_odom_x	0	g_odom_y	0
W_X	1.60352	W_Y	-0.0612968	A	2.21053	O_X	1.55104	O_Y	0.0503501	g_odom_x	0	g_odom_y	0
W_X	1.64452	W_Y	-0.062901	A	2.21053	O_X	1.59204	O_Y	0.0519326	g_odom_x	0	g_odom_y	0
W_X	1.68551	W_Y	-0.0645052	A	2.21053	O_X	1.63304	O_Y	0.053515	g_odom_x	0	g_odom_y	0
W_X	1.68551	W_Y	-0.0645052	A	2.21053	O_X	1.63304	O_Y	0.053515	g_odom_x	0	g_odom_y	0
W_X	1.70601	W_Y	-0.0653074	A	2.43205	O_X	1.65354	O_Y	0.0543063	g_odom_x	0	g_odom_y	0
W_X	1.72651	W_Y	-0.0660302	A	2.75093	O_X	1.67403	O_Y	0.0551767	g_odom_x	0	g_odom_y	0
W_X	1.72651	W_Y	-0.0660302	A	2.75093	O_X	1.67403	O_Y	0.0551767	g_odom_x	0	g_odom_y	0
W_X	1.75816	W_Y	-0.0535969	A	3.015	O_X	1.73549	O_Y	0.0582247	g_odom_x	0	g_odom_y	0
W_X	1.75816	W_Y	-0.0535969	A	3.015	O_X	1.73549	O_Y	0.0582247	g_odom_x	0	g_odom_y	0
W_X	1.77867	W_Y	-0.0541793	A	3.015	O_X	1.75598	O_Y	0.0593036	g_odom_x	0	g_odom_y	0
W_X	1.81968	W_Y	-0.0553442	A	3.36062	O_X	1.79695	O_Y	0.0614615	g_odom_x	0	g_odom_y	0
W_X	1.84018	W_Y	-0.0558029	A	3.36062	O_X	1.81742	O_Y	0.062664	g_odom_x	0	g_odom_y	0
W_X	1.84018	W_Y	-0.0558029	A	3.36062	O_X	1.81742	O_Y	0.062664	g_odom_x	0	g_odom_y	0
W_X	1.88119	W_Y	-0.0567201	A	3.36062	O_X	1.85837	O_Y	0.0650685	g_odom_x	0	g_odom_y	0
W_X	1.92221	W_Y	-0.0576376	A	3.36062	O_X	1.89933	O_Y	0.0674735	g_odom_x	0	g_odom_y	0
W_X	1.94272	W_Y	-0.0580965	A	3.36062	O_X	1.91982	O_Y	0.0686765	g_odom_x	0	g_odom_y	0
W_X	1.96215	W_Y	-0.056261	A	3.36062	O_X	1.94029	O_Y	0.069879	g_odom_x	0	g_odom_y	0
W_X	1.96215	W_Y	-0.056261	A	3.36062	O_X	1.94029	O_Y	0.069879	g_odom_x	0	g_odom_y	0
W_X	2.00237	W_Y	-0.0556644	A	3.53952	O_X	1.98125	O_Y	0.072284	g_odom_x	0	g_odom_y	0
W_X	2.02288	W_Y	-0.0561351	A	3.53952	O_X	2.00173	O_Y	0.0735505	g_odom_x	0	g_odom_y	0
W_X	2.04338	W_Y	-0.0566057	A	3.80363	O_X	2.0222	O_Y	0.0748169	g_odom_x	0	g_odom_y	0
W_X	2.06389	W_Y	-0.0569818	A	4.06773	O_X	2.04267	O_Y	0.0761776	g_odom_x	0	g_odom_y	0
W_X	2.10492	W_Y	-0.0575449	A	4.06773	O_X	2.08359	O_Y	0.0790879	g_odom_x	0	g_odom_y	0
W_X	2.12543	W_Y	-0.0578265	A	4.22228	O_X	2.10405	O_Y	0.080543	g_odom_x	0	g_odom_y	0
W_X	2.14594	W_Y	-0.0580528	A	4.22228	O_X	2.12451	O_Y	0.0820532	g_odom_x	0	g_odom_y	0
W_X	2.14594	W_Y	-0.0580528	A	4.22228	O_X	2.12451	O_Y	0.0820532	g_odom_x	0	g_odom_y	0
W_X	2.16588	W_Y	-0.0584833	A	4.22228	O_X	2.14497	O_Y	0.0835635	g_odom_x	0	g_odom_y	0
W_X	2.16588	W_Y	-0.0584833	A	4.22228	O_X	2.14497	O_Y	0.0835635	g_odom_x	0	g_odom_y	0
W_X	2.22394	W_Y	-0.0603815	A	4.22228	O_X	2.20634	O_Y	0.0880943	g_odom_x	0	g_odom_y	0
W_X	2.26496	W_Y	-0.0608227	A	4.22228	O_X	2.24725	O_Y	0.091115	g_odom_x	0	g_odom_y	0
W_X	2.28547	W_Y	-0.0610433	A	4.22228	O_X	2.2677	O_Y	0.0926249	g_odom_x	0	g_odom_y	0
W_X	2.30598	W_Y	-0.0612639	A	4.22228	O_X	2.28816	O_Y	0.0941353	g_odom_x	0	g_odom_y	0
W_X	2.32649	W_Y	-0.0614845	A	4.22228	O_X	2.30862	O_Y	0.0956456	g_odom_x	0	g_odom_y	0
W_X	2.34701	W_Y	-0.0617052	A	4.22228	O_X	2.32908	O_Y	0.0971559	g_odom_x	0	g_odom_y	0
W_X	2.36751	W_Y	-0.0619257	A	4.40724	O_X	2.34953	O_Y	0.098666	g_odom_x	0	g_odom_y	0
W_X	2.38573	W_Y	-0.0584177	A	4.5922	O_X	2.36998	O_Y	0.100242	g_odom_x	0	g_odom_y	0
W_X	2.42294	W_Y	-0.0524582	A	4.5922	O_X	2.41088	O_Y	0.103527	g_odom_x	0	g_odom_y	0
W_X	2.44345	W_Y	-0.0525265	A	4.5922	O_X	2.43133	O_Y	0.105169	g_odom_x	0	g_odom_y	0
W_X	2.44345	W_Y	-0.0525265	A	4.5922	O_X	2.43133	O_Y	0.105169	g_odom_x	0	g_odom_y	0
W_X	2.46397	W_Y	-0.0525948	A	4.5922	O_X	2.45177	O_Y	0.106812	g_odom_x	0	g_odom_y	0
W_X	2.50499	W_Y	-0.0527315	A	4.5922	O_X	2.49267	O_Y	0.110096	g_odom_x	0	g_odom_y	0
W_X	2.50499	W_Y	-0.0527315	A	4.5922	O_X	2.49267	O_Y	0.110096	g_odom_x	0	g_odom_y	0
W_X	2.50499	W_Y	-0.0527315	A	4.5922	O_X	2.49267	O_Y	0.110096	g_odom_x	0	g_odom_y	0
W_X	2.52551	W_Y	-0.0527999	A	4.5922	O_X	2.51312	O_Y	0.111739	g_odom_x	0	g_odom_y	0
W_X	2.58703	W_Y	-0.0530048	A	4.5922	O_X	2.57444	O_Y	0.116665	g_odom_x	0	g_odom_y	0
W_X	2.58703	W_Y	-0.0530048	A	4.5922	O_X	2.57444	O_Y	0.116665	g_odom_x	0	g_odom_y	0
W_X	2.60755	W_Y	-0.0530732	A	4.5922	O_X	2.5949	O_Y	0.118307	g_odom_x	0	g_odom_y	0
W_X	2.64638	W_Y	-0.0386686	A	4.77715	O_X	2.63578	O_Y	0.121658	g_odom_x	0	g_odom_y	0
W_X	2.64638	W_Y	-0.0386686	A	4.77715	O_X	2.63578	O_Y	0.121658	g_odom_x	0	g_odom_y	0
W_X	2.64638	W_Y	-0.0386686	A	4.77715	O_X	2.63578	O_Y	0.121658	g_odom_x	0	g_odom_y	0
W_X	2.64638	W_Y	-0.0386686	A	4.77715	O_X	2.63578	O_Y	0.121658	g_odom_x	0	g_odom_y	0
W_X	2.74895	W_Y	-0.0386002	A	4.99256	O_X	2.73799	O_Y	0.1302	g_odom_x	0	g_odom_y	0
W_X	2.74895	W_Y	-0.0386002	A	4.99256	O_X	2.73799	O_Y	0.1302	g_odom_x	0	g_odom_y	0
W_X	2.76946	W_Y	-0.0385094	A	4.99256	O_X	2.75843	O_Y	0.131985	g_odom_x	0	g_odom_y	0
W_X	2.78997	W_Y	-0.0384186	A	4.99256	O_X	2.77886	O_Y	0.13377	g_odom_x	0	g_odom_y	0
W_X	2.78997	W_Y	-0.0384186	A	4.99256	O_X	2.77886	O_Y	0.13377	g_odom_x	0	g_odom_y	0
W_X	2.8332	W_Y	-0.0268351	A	5.326	O_X	2.81973	O_Y	0.1374	g_odom_x	0	g_odom_y	0
W_X	2.8332	W_Y	-0.0268351	A	5.326	O_X	2.81973	O_Y	0.1374	g_odom_x	0	g_odom_y	0
W_X	2.8332	W_Y	-0.0268351	A	5.326	O_X	2.81973	O_Y	0.1374	g_odom_x	0	g_odom_y	0
W_X	2.8332	W_Y	-0.0268351	A	5.326	O_X	2.81973	O_Y	0.1374	g_odom_x	0	g_odom_y	0
W_X	2.8332	W_Y	-0.0268351	A	5.326	O_X	2.81973	O_Y	0.1374	g_odom_x	0	g_odom_y	0
W_X	2.8332	W_Y	-0.0268351	A	5.326	O_X	2.81973	O_Y	0.1374	g_odom_x	0	g_odom_y	0
W_X	2.8332	W_Y	-0.0268351	A	5.326	O_X	2.81973	O_Y	0.1374	g_odom_x	0	g_odom_y	0
W_X	2.91543	W_Y	-0.0244076	A	5.53531	O_X	2.90142	O_Y	0.145091	g_odom_x	0	g_odom_y	0
W_X	3.05899	W_Y	-0.0213777	A	4.93003	O_X	3.04433	O_Y	0.15907	g_odom_x	0	g_odom_y	0
W_X	3.07849	W_Y	-0.0182792	A	4.93003	O_X	3.06476	O_Y	0.160832	g_odom_x	0	g_odom_y	0
W_X	3.07849	W_Y	-0.0182792	A	4.93003	O_X	3.06476	O_Y	0.160832	g_odom_x	0	g_odom_y	0
W_X	3.07849	W_Y	-0.0182792	A	4.93003	O_X	3.06476	O_Y	0.160832	g_odom_x	0	g_odom_y	0
W_X	3.11619	W_Y	-0.00831925	A	4.73154	O_X	3.10564	O_Y	0.164358	g_odom_x	0	g_odom_y	0
W_X	3.1367	W_Y	-0.00809502	A	4.73154	O_X	3.12608	O_Y	0.16605	g_odom_x	0	g_odom_y	0
W_X	3.17772	W_Y	-0.00764663	A	4.73154	O_X	3.16696	O_Y	0.169434	g_odom_x	0	g_odom_y	0
W_X	3.19825	W_Y	-0.00742225	A	4.12759	O_X	3.18742	O_Y	0.171127	g_odom_x	0	g_odom_y	0
W_X	3.21875	W_Y	-0.00741424	A	4.12759	O_X	3.20787	O_Y	0.172603	g_odom_x	0	g_odom_y	0
W_X	3.25977	W_Y	-0.00751935	A	3.7891	O_X	3.24879	O_Y	0.175435	g_odom_x	0	g_odom_y	0
W_X	3.25977	W_Y	-0.00751935	A	3.7891	O_X	3.24879	O_Y	0.175435	g_odom_x	0	g_odom_y	0
W_X	3.25977	W_Y	-0.00751935	A	3.7891	O_X	3.24879	O_Y	0.175435	g_odom_x	0	g_odom_y	0
W_X	3.25977	W_Y	-0.00751935	A	3.7891	O_X	3.24879	O_Y	0.175435	g_odom_x	0	g_odom_y	0
W_X	3.25977	W_Y	-0.00751935	A	3.7891	O_X	3.24879	O_Y	0.175435	g_odom_x	0	g_odom_y	0
W_X	3.25977	W_Y	-0.00751935	A	3.7891	O_X	3.24879	O_Y	0.175435	g_odom_x	0	g_odom_y	0
W_X	3.25977	W_Y	-0.00751935	A	3.7891	O_X	3.24879	O_Y	0.175435	g_odom_x	0	g_odom_y	0
W_X	3.25977	W_Y	-0.00751935	A	3.7891	O_X	3.24879	O_Y	0.175435	g_odom_x	0	g_odom_y	0
W_X	3.25977	W_Y	-0.00751935	A	3.7891	O_X	3.24879	O_Y	0.175435	g_odom_x	0	g_odom_y	0
W_X	3.25977	W_Y	-0.00751935	A	3.7891	O_X	3.24879	O_Y	0.175435	g_odom_x	0	g_odom_y	0
W_X	3.25977	W_Y	-0.00751935	A	3.7891	O_X	3.24879	O_Y	0.175435	g_odom_x	0	g_odom_y	0
W_X	3.34436	W_Y	-0.0075323	A	2.60191	O_X	3.33071	O_Y	0.180307	g_odom_x	0	g_odom_y	0
W_X	3.50828	W_Y	-0.012784	A	1.02364	O_X	3.49474	O_Y	0.185456	g_odom_x	0	g_odom_y	0
W_X	3.50828	W_Y	-0.012784	A	1.02364	O_X	3.49474	O_Y	0.185456	g_odom_x	0	g_odom_y	0
W_X	3.52746	W_Y	0.00110772	A	1.02364	O_X	3.51525	O_Y	0.185823	g_odom_x	0	g_odom_y	0
W_X	3.56804	W_Y	0.00362116	A	1.18419	O_X	3.55626	O_Y	0.186555	g_odom_x	0	g_odom_y	0
W_X	3.58853	W_Y	0.00273635	A	1.18419	O_X	3.57677	O_Y	0.186979	g_odom_x	0	g_odom_y	0
W_X	3.60902	W_Y	0.00185154	A	1.18419	O_X	3.59727	O_Y	0.187403	g_odom_x	0	g_odom_y	0
W_X	3.60902	W_Y	0.00185154	A	1.18419	O_X	3.59727	O_Y	0.187403	g_odom_x	0	g_odom_y	0
W_X	3.60902	W_Y	0.00185154	A	1.18419	O_X	3.59727	O_Y	0.187403	g_odom_x	0	g_odom_y	0
W_X	3.69098	W_Y	-0.00168732	A	1.18419	O_X	3.67929	O_Y	0.189098	g_odom_x	0	g_odom_y	0
W_X	3.71148	W_Y	-0.00257221	A	1.18419	O_X	3.6998	O_Y	0.189522	g_odom_x	0	g_odom_y	0
W_X	3.71148	W_Y	-0.00257221	A	1.18419	O_X	3.6998	O_Y	0.189522	g_odom_x	0	g_odom_y	0
W_X	3.7311	W_Y	-0.00177864	A	1.18419	O_X	3.72031	O_Y	0.189946	g_odom_x	0	g_odom_y	0
W_X	3.7311	W_Y	-0.00177864	A	1.18419	O_X	3.72031	O_Y	0.189946	g_odom_x	0	g_odom_y	0
W_X	3.7311	W_Y	-0.00177864	A	1.18419	O_X	3.72031	O_Y	0.189946	g_odom_x	0	g_odom_y	0
W_X	3.79054	W_Y	-0.000562085	A	1.18419	O_X	3.78183	O_Y	0.191218	g_odom_x	0	g_odom_y	0
W_X	3.87253	W_Y	-0.00412971	A	1.18419	O_X	3.86387	O_Y	0.192914	g_odom_x	0	g_odom_y	0
W_X	3.89302	W_Y	-0.00502151	A	1.18419	O_X	3.88438	O_Y	0.193338	g_odom_x	0	g_odom_y	0
W_X	3.89302	W_Y	-0.00502151	A	1.18419	O_X	3.88438	O_Y	0.193338	g_odom_x	0	g_odom_y	0
W_X	3.89302	W_Y	-0.00502151	A	1.18419	O_X	3.88438	O_Y	0.193338	g_odom_x	0	g_odom_y	0
W_X	3.89302	W_Y	-0.00502151	A	1.18419	O_X	3.88438	O_Y	0.193338	g_odom_x	0	g_odom_y	0
W_X	3.99144	W_Y	9.78837E-05	A	1.49327	O_X	3.98691	O_Y	0.195789	g_odom_x	0	g_odom_y	0
W_X	4.01194	W_Y	-0.000644258	A	1.49327	O_X	4.00741	O_Y	0.196324	g_odom_x	0	g_odom_y	0
W_X	4.01194	W_Y	-0.000644258	A	1.49327	O_X	4.00741	O_Y	0.196324	g_odom_x	0	g_odom_y	0
W_X	4.05294	W_Y	-0.0021285	A	1.49327	O_X	4.04843	O_Y	0.197393	g_odom_x	0	g_odom_y	0
W_X	4.05294	W_Y	-0.0021285	A	1.49327	O_X	4.04843	O_Y	0.197393	g_odom_x	0	g_odom_y	0
W_X	4.07344	W_Y	-0.00287065	A	1.49327	O_X	4.06893	O_Y	0.197927	g_odom_x	0	g_odom_y	0
W_X	4.09395	W_Y	-0.00361313	A	1.49327	O_X	4.08945	O_Y	0.198462	g_odom_x	0	g_odom_y	0
W_X	4.09395	W_Y	-0.00361313	A	1.49327	O_X	4.08945	O_Y	0.198462	g_odom_x	0	g_odom_y	0
W_X	4.11445	W_Y	-0.00435529	A	1.49327	O_X	4.10996	O_Y	0.198997	g_odom_x	0	g_odom_y	0
W_X	4.17332	W_Y	0.0183073	A	1.49327	O_X	4.17147	O_Y	0.200601	g_odom_x	0	g_odom_y	0
W_X	4.19382	W_Y	0.0176864	A	1.49327	O_X	4.19198	O_Y	0.201135	g_odom_x	0	g_odom_y	0
W_X	4.21433	W_Y	0.0170654	A	1.49327	O_X	4.21249	O_Y	0.20167	g_odom_x	0	g_odom_y	0
W_X	4.21433	W_Y	0.0170654	A	1.49327	O_X	4.21249	O_Y	0.20167	g_odom_x	0	g_odom_y	0
W_X	4.21433	W_Y	0.0170654	A	1.49327	O_X	4.21249	O_Y	0.20167	g_odom_x	0	g_odom_y	0
W_X	4.21433	W_Y	0.0170654	A	1.49327	O_X	4.21249	O_Y	0.20167	g_odom_x	0	g_odom_y	0
W_X	4.21433	W_Y	0.0170654	A	1.49327	O_X	4.21249	O_Y	0.20167	g_odom_x	0	g_odom_y	0
W_X	4.21433	W_Y	0.0170654	A	1.49327	O_X	4.21249	O_Y	0.20167	g_odom_x	0	g_odom_y	0
W_X	4.21433	W_Y	0.0170654	A	1.49327	O_X	4.21249	O_Y	0.20167	g_odom_x	0	g_odom_y	0
W_X	4.21433	W_Y	0.0170654	A	1.49327	O_X	4.21249	O_Y	0.20167	g_odom_x	0	g_odom_y	0
W_X	4.21433	W_Y	0.0170654	A	1.49327	O_X	4.21249	O_Y	0.20167	g_odom_x	0	g_odom_y	0
W_X	4.21433	W_Y	0.0170654	A	1.49327	O_X	4.21249	O_Y	0.20167	g_odom_x	0	g_odom_y	0
W_X	4.21433	W_Y	0.0170654	A	1.49327	O_X	4.21249	O_Y	0.20167	g_odom_x	0	g_odom_y	0
W_X	4.31685	W_Y	0.0139608	A	1.49327	O_X	4.31502	O_Y	0.204342	g_odom_x	0	g_odom_y	0
W_X	4.51452	W_Y	0.0256902	A	1.64782	O_X	4.49958	O_Y	0.209597	g_odom_x	0	g_odom_y	0
W_X	4.53504	W_Y	0.0251677	A	1.64782	O_X	4.5201	O_Y	0.210187	g_odom_x	0	g_odom_y	0
W_X	4.57605	W_Y	0.0241235	A	1.64782	O_X	4.56111	O_Y	0.211367	g_odom_x	0	g_odom_y	0
W_X	4.59773	W_Y	0.0292575	A	1.64782	O_X	4.58161	O_Y	0.211956	g_odom_x	0	g_odom_y	0
W_X	4.62161	W_Y	0.0452726	A	1.64782	O_X	4.60212	O_Y	0.212546	g_odom_x	0	g_odom_y	0
W_X	4.64248	W_Y	0.0465736	A	1.44933	O_X	4.62263	O_Y	0.213136	g_odom_x	0	g_odom_y	0
W_X	4.66297	W_Y	0.04606	A	1.63439	O_X	4.64312	O_Y	0.213655	g_odom_x	0	g_odom_y	0
W_X	4.68347	W_Y	0.0456123	A	1.63439	O_X	4.66362	O_Y	0.21424	g_odom_x	0	g_odom_y	0
W_X	4.70398	W_Y	0.0451646	A	1.63439	O_X	4.68412	O_Y	0.214825	g_odom_x	0	g_odom_y	0
W_X	4.72451	W_Y	0.0447166	A	1.63439	O_X	4.70464	O_Y	0.21541	g_odom_x	0	g_odom_y	0
W_X	4.74501	W_Y	0.0442688	A	1.63439	O_X	4.72515	O_Y	0.215995	g_odom_x	0	g_odom_y	0
W_X	4.76555	W_Y	0.0440562	A	1.63439	O_X	4.74566	O_Y	0.216581	g_odom_x	0	g_odom_y	0
W_X	4.78661	W_Y	0.049128	A	1.63439	O_X	4.76616	O_Y	0.217166	g_odom_x	0	g_odom_y	0
W_X	4.80733	W_Y	0.050812	A	1.63439	O_X	4.78666	O_Y	0.217751	g_odom_x	0	g_odom_y	0
W_X	4.82784	W_Y	0.0503348	A	1.63439	O_X	4.80717	O_Y	0.218336	g_odom_x	0	g_odom_y	0
W_X	4.84834	W_Y	0.0498576	A	1.63439	O_X	4.82767	O_Y	0.218921	g_odom_x	0	g_odom_y	0
W_X	4.88936	W_Y	0.0489032	A	1.63439	O_X	4.86868	O_Y	0.220091	g_odom_x	0	g_odom_y	0
W_X	4.90987	W_Y	0.0484261	A	1.63439	O_X	4.88918	O_Y	0.220676	g_odom_x	0	g_odom_y	0
W_X	4.90987	W_Y	0.0484261	A	1.63439	O_X	4.88918	O_Y	0.220676	g_odom_x	0	g_odom_y	0
W_X	4.90987	W_Y	0.0484261	A	1.63439	O_X	4.88918	O_Y	0.220676	g_odom_x	0	g_odom_y	0
W_X	4.97139	W_Y	0.0469365	A	1.47242	O_X	4.9507	O_Y	0.222373	g_odom_x	0	g_odom_y	0
W_X	4.97139	W_Y	0.0469365	A	1.47242	O_X	4.9507	O_Y	0.222373	g_odom_x	0	g_odom_y	0
W_X	4.97139	W_Y	0.0469365	A	1.47242	O_X	4.9507	O_Y	0.222373	g_odom_x	0	g_odom_y	0
W_X	4.99189	W_Y	0.0464013	A	1.47242	O_X	4.97121	O_Y	0.2229	g_odom_x	0	g_odom_y	0
W_X	5.03289	W_Y	0.0453313	A	1.47242	O_X	5.01221	O_Y	0.223954	g_odom_x	0	g_odom_y	0
W_X	5.03289	W_Y	0.0453313	A	1.47242	O_X	5.01221	O_Y	0.223954	g_odom_x	0	g_odom_y	0
W_X	5.11755	W_Y	0.0525287	A	1.25585	O_X	5.09426	O_Y	0.225908	g_odom_x	0	g_odom_y	0
W_X	5.13805	W_Y	0.051937	A	1.25585	O_X	5.11476	O_Y	0.226358	g_odom_x	0	g_odom_y	0
W_X	5.15855	W_Y	0.0513454	A	1.25585	O_X	5.13526	O_Y	0.226807	g_odom_x	0	g_odom_y	0
W_X	5.19954	W_Y	0.0501621	A	1.25585	O_X	5.17627	O_Y	0.227706	g_odom_x	0	g_odom_y	0
W_X	5.22006	W_Y	0.0495698	A	1.25585	O_X	5.19679	O_Y	0.228156	g_odom_x	0	g_odom_y	0
W_X	5.23878	W_Y	0.0524316	A	1.25585	O_X	5.2173	O_Y	0.228605	g_odom_x	0	g_odom_y	0
W_X	5.25791	W_Y	0.0545318	A	1.06954	O_X	5.2378	O_Y	0.229055	g_odom_x	0	g_odom_y	0
W_X	5.25791	W_Y	0.0545318	A	1.06954	O_X	5.2378	O_Y	0.229055	g_odom_x	0	g_odom_y	0
W_X	5.25791	W_Y	0.0545318	A	1.06954	O_X	5.2378	O_Y	0.229055	g_odom_x	0	g_odom_y	0
W_X	5.31942	W_Y	0.0526086	A	0.696889	O_X	5.29934	O_Y	0.230137	g_odom_x	0	g_odom_y	0
W_X	5.36042	W_Y	0.0511042	A	0.696889	O_X	5.34036	O_Y	0.230636	g_odom_x	0	g_odom_y	0
W_X	5.3809	W_Y	0.0503526	A	0.696889	O_X	5.36086	O_Y	0.230885	g_odom_x	0	g_odom_y	0
W_X	5.4014	W_Y	0.0496004	A	0.696889	O_X	5.38137	O_Y	0.231135	g_odom_x	0	g_odom_y	0
W_X	5.4014	W_Y	0.0496004	A	0.696889	O_X	5.38137	O_Y	0.231135	g_odom_x	0	g_odom_y	0
W_X	5.4014	W_Y	0.0496004	A	0.696889	O_X	5.38137	O_Y	0.231135	g_odom_x	0	g_odom_y	0
W_X	5.4014	W_Y	0.0496004	A	0.696889	O_X	5.38137	O_Y	0.231135	g_odom_x	0	g_odom_y	0
W_X	5.46127	W_Y	0.05155	A	0.696889	O_X	5.4429	O_Y	0.231883	g_odom_x	0	g_odom_y	0
W_X	5.46127	W_Y	0.05155	A	0.696889	O_X	5.4429	O_Y	0.231883	g_odom_x	0	g_odom_y	0
W_X	5.46127	W_Y	0.05155	A	0.696889	O_X	5.4429	O_Y	0.231883	g_odom_x	0	g_odom_y	0
W_X	5.46127	W_Y	0.05155	A	0.696889	O_X	5.4429	O_Y	0.231883	g_odom_x	0	g_odom_y	0
W_X	5.46127	W_Y	0.05155	A	0.696889	O_X	5.4429	O_Y	0.231883	g_odom_x	0	g_odom_y	0
W_X	5.584	W_Y	0.0476255	A	0.510569	O_X	5.56599	O_Y	0.23318	g_odom_x	0	g_odom_y	0
W_X	5.584	W_Y	0.0476255	A	0.510569	O_X	5.56599	O_Y	0.23318	g_odom_x	0	g_odom_y	0
W_X	5.64549	W_Y	0.0452134	A	0.510569	O_X	5.62752	O_Y	0.233729	g_odom_x	0	g_odom_y	0
W_X	5.6647	W_Y	0.0446011	A	0.510569	O_X	5.64804	O_Y	0.233911	g_odom_x	0	g_odom_y	0
W_X	5.68341	W_Y	0.0440363	A	0.324243	O_X	5.66856	O_Y	0.234094	g_odom_x	0	g_odom_y	0
W_X	5.7039	W_Y	0.0431406	A	0.324243	O_X	5.68907	O_Y	0.23421	g_odom_x	0	g_odom_y	0
W_X	5.72439	W_Y	0.0422451	A	0.162293	O_X	5.70958	O_Y	0.234326	g_odom_x	0	g_odom_y	0
W_X	5.74488	W_Y	0.0412916	A	0.162293	O_X	5.73009	O_Y	0.234385	g_odom_x	0	g_odom_y	0
W_X	5.76537	W_Y	0.040338	A	0.162293	O_X	5.7506	O_Y	0.234443	g_odom_x	0	g_odom_y	0
W_X	5.80634	W_Y	0.0384315	A	0.162293	O_X	5.79162	O_Y	0.234559	g_odom_x	0	g_odom_y	0
W_X	5.82685	W_Y	0.0374772	A	0.162293	O_X	5.81215	O_Y	0.234617	g_odom_x	0	g_odom_y	0
W_X	5.84734	W_Y	0.0365235	A	0.162293	O_X	5.83266	O_Y	0.234675	g_odom_x	0	g_odom_y	0
W_X	5.86783	W_Y	0.03557	A	0.162293	O_X	5.85318	O_Y	0.234733	g_odom_x	0	g_odom_y	0
W_X	5.89039	W_Y	0.0371506	A	-0.145696	O_X	5.87368	O_Y	0.234791	g_odom_x	0	g_odom_y	0
W_X	5.91182	W_Y	0.0370418	A	-0.145696	O_X	5.89433	O_Y	0.234739	g_odom_x	0	g_odom_y	0
W_X	5.93243	W_Y	0.0359235	A	-0.145696	O_X	5.91497	O_Y	0.234686	g_odom_x	0	g_odom_y	0
W_X	5.97328	W_Y	0.0337077	A	-0.145696	O_X	5.95588	O_Y	0.234582	g_odom_x	0	g_odom_y	0
W_X	5.99375	W_Y	0.0325969	A	-0.145696	O_X	5.97638	O_Y	0.23453	g_odom_x	0	g_odom_y	0
W_X	5.99375	W_Y	0.0325969	A	-0.145696	O_X	5.97638	O_Y	0.23453	g_odom_x	0	g_odom_y	0
W_X	6.03472	W_Y	0.0303745	A	-0.145696	O_X	6.01741	O_Y	0.234426	g_odom_x	0	g_odom_y	0
W_X	6.05522	W_Y	0.0292624	A	-0.368989	O_X	6.03794	O_Y	0.234374	g_odom_x	0	g_odom_y	0
W_X	6.05522	W_Y	0.0292624	A	-0.368989	O_X	6.03794	O_Y	0.234374	g_odom_x	0	g_odom_y	0
W_X	6.09764	W_Y	0.0277092	A	-0.368989	O_X	6.07895	O_Y	0.234109	g_odom_x	0	g_odom_y	0
W_X	6.12216	W_Y	0.0287862	A	-0.368989	O_X	6.09946	O_Y	0.233977	g_odom_x	0	g_odom_y	0
W_X	6.14291	W_Y	0.0277474	A	-0.368989	O_X	6.11998	O_Y	0.233845	g_odom_x	0	g_odom_y	0
W_X	6.16337	W_Y	0.0265617	A	-0.368989	O_X	6.14048	O_Y	0.233713	g_odom_x	0	g_odom_y	0
W_X	6.18386	W_Y	0.0253746	A	-0.129187	O_X	6.161	O_Y	0.233581	g_odom_x	0	g_odom_y	0
W_X	6.20434	W_Y	0.0242737	A	-0.129187	O_X	6.18151	O_Y	0.233535	g_odom_x	0	g_odom_y	0
W_X	6.22481	W_Y	0.0231731	A	-0.291083	O_X	6.20201	O_Y	0.233489	g_odom_x	0	g_odom_y	0
W_X	6.24529	W_Y	0.0220147	A	-0.45298	O_X	6.22252	O_Y	0.233384	g_odom_x	0	g_odom_y	0
W_X	6.28624	W_Y	0.0195812	A	-0.45298	O_X	6.26354	O_Y	0.23306	g_odom_x	0	g_odom_y	0
W_X	6.30671	W_Y	0.0183648	A	-0.45298	O_X	6.28405	O_Y	0.232898	g_odom_x	0	g_odom_y	0
W_X	6.32639	W_Y	0.0150954	A	-0.45298	O_X	6.30457	O_Y	0.232736	g_odom_x	0	g_odom_y	0
W_X	6.34608	W_Y	0.0118726	A	-0.45298	O_X	6.32508	O_Y	0.232574	g_odom_x	0	g_odom_y	0
W_X	6.36655	W_Y	0.0106354	A	-0.45298	O_X	6.3456	O_Y	0.232411	g_odom_x	0	g_odom_y	0
W_X	6.38703	W_Y	0.00939829	A	-0.45298	O_X	6.36611	O_Y	0.232249	g_odom_x	0	g_odom_y	0
W_X	6.42797	W_Y	0.0069245	A	-0.45298	O_X	6.40712	O_Y	0.231925	g_odom_x	0	g_odom_y	0
W_X	6.42797	W_Y	0.0069245	A	-0.45298	O_X	6.40712	O_Y	0.231925	g_odom_x	0	g_odom_y	0
W_X	6.46893	W_Y	0.00444935	A	-0.45298	O_X	6.44816	O_Y	0.2316	g_odom_x	0	g_odom_y	0
W_X	6.50988	W_Y	0.00197505	A	-0.45298	O_X	6.48918	O_Y	0.231276	g_odom_x	0	g_odom_y	0
W_X	6.50988	W_Y	0.00197505	A	-0.45298	O_X	6.48918	O_Y	0.231276	g_odom_x	0	g_odom_y	0
W_X	6.55345	W_Y	-0.00164093	A	-0.45298	O_X	6.53021	O_Y	0.230952	g_odom_x	0	g_odom_y	0
W_X	6.55345	W_Y	-0.00164093	A	-0.45298	O_X	6.53021	O_Y	0.230952	g_odom_x	0	g_odom_y	0
W_X	6.61538	W_Y	-0.00560882	A	-0.45298	O_X	6.59174	O_Y	0.230465	g_odom_x	0	g_odom_y	0
W_X	6.63586	W_Y	-0.00685752	A	-0.45298	O_X	6.61226	O_Y	0.230303	g_odom_x	0	g_odom_y	0
W_X	6.65634	W_Y	-0.00810606	A	-0.45298	O_X	6.63277	O_Y	0.230141	g_odom_x	0	g_odom_y	0
W_X	6.67681	W_Y	-0.00935452	A	-0.675811	O_X	6.65328	O_Y	0.229979	g_odom_x	0	g_odom_y	0
W_X	6.69728	W_Y	-0.0106826	A	-0.675811	O_X	6.67379	O_Y	0.229737	g_odom_x	0	g_odom_y	0
W_X	6.71775	W_Y	-0.0120107	A	-0.675811	O_X	6.6943	O_Y	0.229495	g_odom_x	0	g_odom_y	0
W_X	6.75869	W_Y	-0.014667	A	-0.675811	O_X	6.73533	O_Y	0.229011	g_odom_x	0	g_odom_y	0
W_X	6.78024	W_Y	-0.0167192	A	-0.675811	O_X	6.75582	O_Y	0.228769	g_odom_x	0	g_odom_y	0
W_X	6.80237	W_Y	-0.0192013	A	-0.675811	O_X	6.77633	O_Y	0.228527	g_odom_x	0	g_odom_y	0
W_X	6.82285	W_Y	-0.020573	A	-0.675811	O_X	6.79686	O_Y	0.228285	g_odom_x	0	g_odom_y	0
W_X	6.84331	W_Y	-0.0219438	A	-0.675811	O_X	6.81736	O_Y	0.228043	g_odom_x	0	g_odom_y	0
W_X	6.86381	W_Y	-0.0233165	A	-0.844087	O_X	6.8379	O_Y	0.227801	g_odom_x	0	g_odom_y	0
W_X	6.86381	W_Y	-0.0233165	A	-0.844087	O_X	6.8379	O_Y	0.227801	g_odom_x	0	g_odom_y	0
W_X	6.90473	W_Y	-0.0262384	A	-1.01236	O_X	6.8584	O_Y	0.227499	g_odom_x	0	g_odom_y	0
W_X	6.92518	W_Y	-0.0277295	A	-1.01236	O_X	6.89943	O_Y	0.226774	g_odom_x	0	g_odom_y	0
W_X	6.92518	W_Y	-0.0277295	A	-1.01236	O_X	6.89943	O_Y	0.226774	g_odom_x	0	g_odom_y	0
W_X	6.9642	W_Y	-0.0289948	A	-0.508595	O_X	6.94044	O_Y	0.226105	g_odom_x	0	g_odom_y	0
W_X	6.98458	W_Y	-0.0302071	A	-0.508595	O_X	6.96096	O_Y	0.225922	g_odom_x	0	g_odom_y	0
W_X	7.00506	W_Y	-0.0315039	A	-0.508595	O_X	6.98148	O_Y	0.22574	g_odom_x	0	g_odom_y	0
W_X	7.00506	W_Y	-0.0315039	A	-0.508595	O_X	6.98148	O_Y	0.22574	g_odom_x	0	g_odom_y	0
W_X	7.06648	W_Y	-0.0351946	A	0.0439792	O_X	7.043	O_Y	0.225392	g_odom_x	0	g_odom_y	0
W_X	7.06648	W_Y	-0.0351946	A	0.0439792	O_X	7.043	O_Y	0.225392	g_odom_x	0	g_odom_y	0
W_X	7.10744	W_Y	-0.0374524	A	-0.124098	O_X	7.08403	O_Y	0.225363	g_odom_x	0	g_odom_y	0
W_X	7.12792	W_Y	-0.0386113	A	-0.124098	O_X	7.10454	O_Y	0.225319	g_odom_x	0	g_odom_y	0
W_X	7.1484	W_Y	-0.0397705	A	-0.124098	O_X	7.12506	O_Y	0.225274	g_odom_x	0	g_odom_y	0
W_X	7.16889	W_Y	-0.0409297	A	-0.124098	O_X	7.14558	O_Y	0.22523	g_odom_x	0	g_odom_y	0
W_X	7.2105	W_Y	-0.0438893	A	-0.124098	O_X	7.1866	O_Y	0.225141	g_odom_x	0	g_odom_y	0
W_X	7.2105	W_Y	-0.0438893	A	-0.124098	O_X	7.1866	O_Y	0.225141	g_odom_x	0	g_odom_y	0
W_X	7.2105	W_Y	-0.0438893	A	-0.124098	O_X	7.1866	O_Y	0.225141	g_odom_x	0	g_odom_y	0
W_X	7.27455	W_Y	-0.0500476	A	-0.124098	O_X	7.24813	O_Y	0.225008	g_odom_x	0	g_odom_y	0
W_X	7.27455	W_Y	-0.0500476	A	-0.124098	O_X	7.24813	O_Y	0.225008	g_odom_x	0	g_odom_y	0
W_X	7.31551	W_Y	-0.0523456	A	0.085215	O_X	7.28915	O_Y	0.224994	g_odom_x	0	g_odom_y	0
W_X	7.336	W_Y	-0.0534572	A	0.085215	O_X	7.30967	O_Y	0.225024	g_odom_x	0	g_odom_y	0
W_X	7.37696	W_Y	-0.0556803	A	0.085215	O_X	7.35069	O_Y	0.225085	g_odom_x	0	g_odom_y	0
W_X	7.39745	W_Y	-0.0567924	A	0.085215	O_X	7.37121	O_Y	0.225116	g_odom_x	0	g_odom_y	0
W_X	7.41793	W_Y	-0.0579037	A	0.318826	O_X	7.39172	O_Y	0.225146	g_odom_x	0	g_odom_y	0
W_X	7.43908	W_Y	-0.0565396	A	0.318826	O_X	7.41223	O_Y	0.225261	g_odom_x	0	g_odom_y	0
W_X	7.43908	W_Y	-0.0565396	A	0.318826	O_X	7.41223	O_Y	0.225261	g_odom_x	0	g_odom_y	0
W_X	7.48089	W_Y	-0.0555233	A	0.52822	O_X	7.45325	O_Y	0.225564	g_odom_x	0	g_odom_y	0
W_X	7.50138	W_Y	-0.0564778	A	0.52822	O_X	7.47376	O_Y	0.225753	g_odom_x	0	g_odom_y	0
W_X	7.52188	W_Y	-0.0574326	A	0.52822	O_X	7.49428	O_Y	0.225942	g_odom_x	0	g_odom_y	0
W_X	7.52188	W_Y	-0.0574326	A	0.52822	O_X	7.49428	O_Y	0.225942	g_odom_x	0	g_odom_y	0
W_X	7.56286	W_Y	-0.0593416	A	0.52822	O_X	7.53531	O_Y	0.22632	g_odom_x	0	g_odom_y	0
W_X	7.58335	W_Y	-0.0602961	A	0.52822	O_X	7.55582	O_Y	0.226509	g_odom_x	0	g_odom_y	0
W_X	7.58335	W_Y	-0.0602961	A	0.52822	O_X	7.55582	O_Y	0.226509	g_odom_x	0	g_odom_y	0
W_X	7.62428	W_Y	-0.0621457	A	0.52822	O_X	7.59685	O_Y	0.226888	g_odom_x	0	g_odom_y	0
W_X	7.66419	W_Y	-0.0629222	A	0.52822	O_X	7.63787	O_Y	0.227266	g_odom_x	0	g_odom_y	0
W_X	7.66419	W_Y	-0.0629222	A	0.52822	O_X	7.63787	O_Y	0.227266	g_odom_x	0	g_odom_y	0
W_X	7.68435	W_Y	-0.0635511	A	0.52822	O_X	7.65838	O_Y	0.227455	g_odom_x	0	g_odom_y	0
W_X	7.70484	W_Y	-0.0645243	A	0.682767	O_X	7.67889	O_Y	0.227644	g_odom_x	0	g_odom_y	0
W_X	7.72533	W_Y	-0.0654422	A	0.682767	O_X	7.69941	O_Y	0.227889	g_odom_x	0	g_odom_y	0
W_X	7.74583	W_Y	-0.0663601	A	0.682767	O_X	7.71992	O_Y	0.228133	g_odom_x	0	g_odom_y	0
W_X	7.74583	W_Y	-0.0663601	A	0.682767	O_X	7.71992	O_Y	0.228133	g_odom_x	0	g_odom_y	0
W_X	7.78682	W_Y	-0.0681961	A	0.682767	O_X	7.76094	O_Y	0.228622	g_odom_x	0	g_odom_y	0
W_X	7.84829	W_Y	-0.07095	A	0.849485	O_X	7.82248	O_Y	0.229355	g_odom_x	0	g_odom_y	0
W_X	7.84829	W_Y	-0.07095	A	0.849485	O_X	7.82248	O_Y	0.229355	g_odom_x	0	g_odom_y	0
W_X	7.84829	W_Y	-0.07095	A	0.849485	O_X	7.82248	O_Y	0.229355	g_odom_x	0	g_odom_y	0
W_X	7.9148	W_Y	-0.0742439	A	0.849485	O_X	7.88402	O_Y	0.230268	g_odom_x	0	g_odom_y	0
W_X	7.93529	W_Y	-0.0751289	A	0.849485	O_X	7.90452	O_Y	0.230572	g_odom_x	0	g_odom_y	0
W_X	7.95578	W_Y	-0.076014	A	0.849485	O_X	7.92503	O_Y	0.230876	g_odom_x	0	g_odom_y	0
W_X	7.99677	W_Y	-0.0777845	A	0.849485	O_X	7.96605	O_Y	0.231484	g_odom_x	0	g_odom_y	0
W_X	8.01725	W_Y	-0.0786694	A	0.849485	O_X	7.98656	O_Y	0.231788	g_odom_x	0	g_odom_y	0
W_X	8.03775	W_Y	-0.0795546	A	0.849485	O_X	8.00707	O_Y	0.232092	g_odom_x	0	g_odom_y	0
W_X	8.03775	W_Y	-0.0795546	A	0.849485	O_X	8.00707	O_Y	0.232092	g_odom_x	0	g_odom_y	0
W_X	8.07874	W_Y	-0.0813252	A	1.071	O_X	8.04809	O_Y	0.2327	g_odom_x	0	g_odom_y	0
W_X	8.09946	W_Y	-0.0852662	A	1.32293	O_X	8.0686	O_Y	0.233084	g_odom_x	0	g_odom_y	0
W_X	8.12009	W_Y	-0.0878987	A	1.57487	O_X	8.08911	O_Y	0.233557	g_odom_x	0	g_odom_y	0
W_X	8.1611	W_Y	-0.0892364	A	1.57487	O_X	8.13012	O_Y	0.234685	g_odom_x	0	g_odom_y	0
W_X	8.18158	W_Y	-0.0899047	A	1.8878	O_X	8.15061	O_Y	0.235248	g_odom_x	0	g_odom_y	0
W_X	8.20208	W_Y	-0.0904615	A	1.8878	O_X	8.17111	O_Y	0.235924	g_odom_x	0	g_odom_y	0
W_X	8.22259	W_Y	-0.0910183	A	1.8878	O_X	8.19161	O_Y	0.2366	g_odom_x	0	g_odom_y	0
W_X	8.2431	W_Y	-0.0915753	A	2.21889	O_X	8.21211	O_Y	0.237275	g_odom_x	0	g_odom_y	0
W_X	8.26361	W_Y	-0.0920137	A	2.54999	O_X	8.23261	O_Y	0.23807	g_odom_x	0	g_odom_y	0
W_X	8.28413	W_Y	-0.0923337	A	2.54999	O_X	8.25312	O_Y	0.238983	g_odom_x	0	g_odom_y	0
W_X	8.30587	W_Y	-0.0936167	A	2.77758	O_X	8.27361	O_Y	0.239896	g_odom_x	0	g_odom_y	0
W_X	8.33258	W_Y	-0.098762	A	2.77758	O_X	8.2941	O_Y	0.24089	g_odom_x	0	g_odom_y	0
W_X	8.35453	W_Y	-0.100198	A	2.77758	O_X	8.31459	O_Y	0.241884	g_odom_x	0	g_odom_y	0
W_X	8.37503	W_Y	-0.100489	A	2.77758	O_X	8.33506	O_Y	0.242877	g_odom_x	0	g_odom_y	0
W_X	8.39554	W_Y	-0.10078	A	2.77758	O_X	8.35555	O_Y	0.243871	g_odom_x	0	g_odom_y	0
W_X	8.41605	W_Y	-0.10107	A	2.77758	O_X	8.37604	O_Y	0.244865	g_odom_x	0	g_odom_y	0
W_X	8.45707	W_Y	-0.101652	A	3.09885	O_X	8.41702	O_Y	0.246853	g_odom_x	0	g_odom_y	0
W_X	8.47759	W_Y	-0.101828	A	3.28382	O_X	8.4375	O_Y	0.247962	g_odom_x	0	g_odom_y	0
W_X	8.4981	W_Y	-0.101938	A	3.28382	O_X	8.45798	O_Y	0.249137	g_odom_x	0	g_odom_y	0
W_X	8.51861	W_Y	-0.102048	A	3.50529	O_X	8.47846	O_Y	0.250312	g_odom_x	0	g_odom_y	0
W_X	8.54212	W_Y	-0.0997289	A	3.69637	O_X	8.49894	O_Y	0.251566	g_odom_x	0	g_odom_y	0
W_X	8.56741	W_Y	-0.0959121	A	3.69637	O_X	8.51941	O_Y	0.252889	g_odom_x	0	g_odom_y	0
W_X	8.58793	W_Y	-0.0958515	A	3.69637	O_X	8.53988	O_Y	0.254211	g_odom_x	0	g_odom_y	0
W_X	8.62895	W_Y	-0.0957302	A	4.23677	O_X	8.58082	O_Y	0.256856	g_odom_x	0	g_odom_y	0
W_X	8.64946	W_Y	-0.0954761	A	4.43392	O_X	8.60127	O_Y	0.258372	g_odom_x	0	g_odom_y	0
W_X	8.66997	W_Y	-0.0951514	A	4.62499	O_X	8.62173	O_Y	0.259958	g_odom_x	0	g_odom_y	0
W_X	8.69049	W_Y	-0.0947582	A	4.84651	O_X	8.64218	O_Y	0.261612	g_odom_x	0	g_odom_y	0
W_X	8.71099	W_Y	-0.0942859	A	4.84651	O_X	8.66261	O_Y	0.263345	g_odom_x	0	g_odom_y	0
W_X	8.7315	W_Y	-0.0938134	A	5.04368	O_X	8.68306	O_Y	0.265078	g_odom_x	0	g_odom_y	0
W_X	8.75201	W_Y	-0.0932704	A	5.24085	O_X	8.70349	O_Y	0.266882	g_odom_x	0	g_odom_y	0
W_X	8.79287	W_Y	-0.0881883	A	5.24085	O_X	8.74435	O_Y	0.270629	g_odom_x	0	g_odom_y	0
W_X	8.81331	W_Y	-0.0860595	A	5.24085	O_X	8.76477	O_Y	0.272503	g_odom_x	0	g_odom_y	0
W_X	8.83381	W_Y	-0.085466	A	5.24085	O_X	8.7852	O_Y	0.274377	g_odom_x	0	g_odom_y	0
W_X	8.85432	W_Y	-0.0848724	A	5.48672	O_X	8.80563	O_Y	0.27625	g_odom_x	0	g_odom_y	0
W_X	8.87481	W_Y	-0.0841913	A	5.48672	O_X	8.82604	O_Y	0.278211	g_odom_x	0	g_odom_y	0
W_X	8.89531	W_Y	-0.0835099	A	5.48672	O_X	8.84646	O_Y	0.280172	g_odom_x	0	g_odom_y	0
W_X	8.91582	W_Y	-0.0828284	A	5.48672	O_X	8.86688	O_Y	0.282134	g_odom_x	0	g_odom_y	0
W_X	8.93634	W_Y	-0.0821463	A	5.97843	O_X	8.88731	O_Y	0.284097	g_odom_x	0	g_odom_y	0
W_X	8.95682	W_Y	-0.0812893	A	6.139	O_X	8.90771	O_Y	0.286232	g_odom_x	0	g_odom_y	0
W_X	8.97647	W_Y	-0.0781823	A	6.139	O_X	8.9281	O_Y	0.288426	g_odom_x	0	g_odom_y	0
W_X	8.99469	W_Y	-0.0713377	A	6.53705	O_X	8.9485	O_Y	0.29062	g_odom_x	0	g_odom_y	0
W_X	9.01517	W_Y	-0.070243	A	6.53705	O_X	8.96888	O_Y	0.292955	g_odom_x	0	g_odom_y	0
W_X	9.01517	W_Y	-0.070243	A	6.53705	O_X	8.96888	O_Y	0.292955	g_odom_x	0	g_odom_y	0
W_X	9.03566	W_Y	-0.0691482	A	6.53705	O_X	8.98926	O_Y	0.295291	g_odom_x	0	g_odom_y	0
W_X	9.0971	W_Y	-0.0656797	A	7.05308	O_X	9.05038	O_Y	0.30248	g_odom_x	0	g_odom_y	0
W_X	9.11759	W_Y	-0.0643997	A	7.05308	O_X	9.07075	O_Y	0.305001	g_odom_x	0	g_odom_y	0
W_X	9.13806	W_Y	-0.0631206	A	7.05308	O_X	9.09111	O_Y	0.307519	g_odom_x	0	g_odom_y	0
W_X	9.15853	W_Y	-0.0618413	A	7.05308	O_X	9.11147	O_Y	0.310038	g_odom_x	0	g_odom_y	0
W_X	9.15853	W_Y	-0.0618413	A	7.05308	O_X	9.11147	O_Y	0.310038	g_odom_x	0	g_odom_y	0
W_X	9.17901	W_Y	-0.0605622	A	7.05308	O_X	9.13182	O_Y	0.312557	g_odom_x	0	g_odom_y	0
W_X	9.24213	W_Y	-0.0553251	A	7.05308	O_X	9.1929	O_Y	0.320113	g_odom_x	0	g_odom_y	0
W_X	9.26654	W_Y	-0.0507548	A	7.05308	O_X	9.21326	O_Y	0.322632	g_odom_x	0	g_odom_y	0
W_X	9.28701	W_Y	-0.0494319	A	7.25023	O_X	9.23361	O_Y	0.325151	g_odom_x	0	g_odom_y	0
W_X	9.30746	W_Y	-0.0480396	A	7.25023	O_X	9.25395	O_Y	0.327738	g_odom_x	0	g_odom_y	0
W_X	9.32793	W_Y	-0.0466463	A	7.25023	O_X	9.2743	O_Y	0.330327	g_odom_x	0	g_odom_y	0
W_X	9.34839	W_Y	-0.0452531	A	7.25023	O_X	9.29465	O_Y	0.332916	g_odom_x	0	g_odom_y	0
W_X	9.36886	W_Y	-0.0438598	A	7.25023	O_X	9.315	O_Y	0.335505	g_odom_x	0	g_odom_y	0
W_X	9.40979	W_Y	-0.0410733	A	7.69324	O_X	9.3557	O_Y	0.340682	g_odom_x	0	g_odom_y	0
W_X	9.43025	W_Y	-0.0395217	A	7.69324	O_X	9.37603	O_Y	0.343429	g_odom_x	0	g_odom_y	0
W_X	9.4507	W_Y	-0.0379703	A	7.94516	O_X	9.39635	O_Y	0.346175	g_odom_x	0	g_odom_y	0
W_X	9.47207	W_Y	-0.0283577	A	7.94516	O_X	9.41667	O_Y	0.34901	g_odom_x	0	g_odom_y	0
W_X	9.49329	W_Y	-0.019471	A	7.94516	O_X	9.43699	O_Y	0.351845	g_odom_x	0	g_odom_y	0
W_X	9.51373	W_Y	-0.0177388	A	7.94516	O_X	9.4573	O_Y	0.354681	g_odom_x	0	g_odom_y	0
W_X	9.53417	W_Y	-0.0160067	A	7.94516	O_X	9.47762	O_Y	0.357516	g_odom_x	0	g_odom_y	0
W_X	9.57505	W_Y	-0.0125424	A	7.24382	O_X	9.51825	O_Y	0.363187	g_odom_x	0	g_odom_y	0
W_X	9.57505	W_Y	-0.0125424	A	7.24382	O_X	9.51825	O_Y	0.363187	g_odom_x	0	g_odom_y	0
W_X	9.61597	W_Y	-0.00964813	A	6.792	O_X	9.55895	O_Y	0.368291	g_odom_x	0	g_odom_y	0
W_X	9.63644	W_Y	-0.00832764	A	6.56306	O_X	9.57932	O_Y	0.370717	g_odom_x	0	g_odom_y	0
W_X	9.65692	W_Y	-0.00708893	A	6.56306	O_X	9.5997	O_Y	0.373062	g_odom_x	0	g_odom_y	0
W_X	9.67786	W_Y	-0.00515028	A	6.56306	O_X	9.62008	O_Y	0.375406	g_odom_x	0	g_odom_y	0
W_X	9.702	W_Y	0.0016396	A	5.81319	O_X	9.64047	O_Y	0.377752	g_odom_x	0	g_odom_y	0
W_X	9.72331	W_Y	0.00393593	A	5.81319	O_X	9.66087	O_Y	0.379829	g_odom_x	0	g_odom_y	0
W_X	9.7438	W_Y	0.00496923	A	5.43817	O_X	9.68128	O_Y	0.381907	g_odom_x	0	g_odom_y	0
W_X	9.76429	W_Y	0.00586852	A	5.43817	O_X	9.7017	O_Y	0.383851	g_odom_x	0	g_odom_y	0
W_X	9.78479	W_Y	0.00676784	A	5.20921	O_X	9.72213	O_Y	0.385795	g_odom_x	0	g_odom_y	0
W_X	9.80528	W_Y	0.00758502	A	5.20921	O_X	9.74255	O_Y	0.387658	g_odom_x	0	g_odom_y	0
W_X	9.82578	W_Y	0.0084022	A	5.20921	O_X	9.76298	O_Y	0.38952	g_odom_x	0	g_odom_y	0
W_X	9.86677	W_Y	0.0100368	A	5.20921	O_X	9.80383	O_Y	0.393245	g_odom_x	0	g_odom_y	0
W_X	9.88727	W_Y	0.0108542	A	5.20921	O_X	9.82426	O_Y	0.395107	g_odom_x	0	g_odom_y	0
W_X	9.90797	W_Y	0.0139651	A	5.20921	O_X	9.84469	O_Y	0.39697	g_odom_x	0	g_odom_y	0
W_X	9.9288	W_Y	0.01841	A	5.20921	O_X	9.86512	O_Y	0.398832	g_odom_x	0	g_odom_y	0
W_X	9.9493	W_Y	0.0192436	A	5.20921	O_X	9.88555	O_Y	0.400695	g_odom_x	0	g_odom_y	0
W_X	9.96979	W_Y	0.020077	A	5.20921	O_X	9.90598	O_Y	0.402557	g_odom_x	0	g_odom_y	0
W_X	9.99029	W_Y	0.0209104	A	5.20921	O_X	9.9264	O_Y	0.404419	g_odom_x	0	g_odom_y	0
W_X	10.0313	W_Y	0.0225773	A	5.20921	O_X	9.96726	O_Y	0.408144	g_odom_x	0	g_odom_y	0
W_X	10.0518	W_Y	0.0234107	A	5.20921	O_X	9.98769	O_Y	0.410007	g_odom_x	0	g_odom_y	0
W_X	10.0723	W_Y	0.0242441	A	5.20921	O_X	10.0081	O_Y	0.411869	g_odom_x	0	g_odom_y	0
W_X	10.0928	W_Y	0.0250776	A	5.20921	O_X	10.0285	O_Y	0.413731	g_odom_x	0	g_odom_y	0
W_X	10.1133	W_Y	0.0259111	A	5.20921	O_X	10.049	O_Y	0.415594	g_odom_x	0	g_odom_y	0
W_X	10.1345	W_Y	0.0299679	A	5.20921	O_X	10.0694	O_Y	0.417456	g_odom_x	0	g_odom_y	0
W_X	10.1553	W_Y	0.0323187	A	5.20921	O_X	10.0898	O_Y	0.419319	g_odom_x	0	g_odom_y	0
W_X	10.1963	W_Y	0.0340221	A	5.20921	O_X	10.1307	O_Y	0.423043	g_odom_x	0	g_odom_y	0
W_X	10.2168	W_Y	0.0348738	A	5.20921	O_X	10.1511	O_Y	0.424906	g_odom_x	0	g_odom_y	0
W_X	10.2373	W_Y	0.0357256	A	5.20921	O_X	10.1715	O_Y	0.426768	g_odom_x	0	g_odom_y	0
W_X	10.2578	W_Y	0.0365773	A	5.20921	O_X	10.192	O_Y	0.428631	g_odom_x	0	g_odom_y	0
W_X	10.2578	W_Y	0.0365773	A	5.20921	O_X	10.192	O_Y	0.428631	g_odom_x	0	g_odom_y	0
W_X	10.2578	W_Y	0.0365773	A	5.20921	O_X	10.192	O_Y	0.428631	g_odom_x	0	g_odom_y	0
W_X	10.2988	W_Y	0.0382808	A	5.20921	O_X	10.2328	O_Y	0.432356	g_odom_x	0	g_odom_y	0
W_X	10.2988	W_Y	0.0382808	A	5.20921	O_X	10.2328	O_Y	0.432356	g_odom_x	0	g_odom_y	0
W_X	10.2988	W_Y	0.0382808	A	5.20921	O_X	10.2328	O_Y	0.432356	g_odom_x	0	g_odom_y	0
W_X	10.3826	W_Y	0.0436792	A	5.20921	O_X	10.3146	O_Y	0.439807	g_odom_x	0	g_odom_y	0
W_X	10.403	W_Y	0.0445366	A	5.20921	O_X	10.335	O_Y	0.441668	g_odom_x	0	g_odom_y	0
W_X	10.4235	W_Y	0.0453947	A	5.20921	O_X	10.3554	O_Y	0.443531	g_odom_x	0	g_odom_y	0
W_X	10.444	W_Y	0.0462527	A	5.20921	O_X	10.3758	O_Y	0.445393	g_odom_x	0	g_odom_y	0
W_X	10.485	W_Y	0.0479687	A	5.20921	O_X	10.4167	O_Y	0.449118	g_odom_x	0	g_odom_y	0
W_X	10.5055	W_Y	0.0488268	A	5.20921	O_X	10.4371	O_Y	0.45098	g_odom_x	0	g_odom_y	0
W_X	10.526	W_Y	0.0496848	A	5.20921	O_X	10.4575	O_Y	0.452843	g_odom_x	0	g_odom_y	0
W_X	10.5465	W_Y	0.0505429	A	5.20921	O_X	10.478	O_Y	0.454705	g_odom_x	0	g_odom_y	0
W_X	10.568	W_Y	0.0535204	A	5.20921	O_X	10.4984	O_Y	0.456568	g_odom_x	0	g_odom_y	0
W_X	10.5899	W_Y	0.0571705	A	5.20921	O_X	10.5188	O_Y	0.45843	g_odom_x	0	g_odom_y	0
W_X	10.6104	W_Y	0.0580543	A	5.20921	O_X	10.5393	O_Y	0.460293	g_odom_x	0	g_odom_y	0
W_X	10.6513	W_Y	0.0598218	A	5.20921	O_X	10.5801	O_Y	0.464018	g_odom_x	0	g_odom_y	0
W_X	10.6718	W_Y	0.0607057	A	5.20921	O_X	10.6005	O_Y	0.46588	g_odom_x	0	g_odom_y	0
W_X	10.6923	W_Y	0.0615894	A	5.04725	O_X	10.621	O_Y	0.467743	g_odom_x	0	g_odom_y	0
W_X	10.7128	W_Y	0.0624153	A	5.04725	O_X	10.6414	O_Y	0.469547	g_odom_x	0	g_odom_y	0
W_X	10.7333	W_Y	0.0632412	A	4.83656	O_X	10.6618	O_Y	0.471352	g_odom_x	0	g_odom_y	0
W_X	10.7538	W_Y	0.0639916	A	4.83656	O_X	10.6823	O_Y	0.473082	g_odom_x	0	g_odom_y	0
W_X	10.7744	W_Y	0.0648492	A	4.83656	O_X	10.7027	O_Y	0.474811	g_odom_x	0	g_odom_y	0
W_X	10.8178	W_Y	0.0691129	A	4.83656	O_X	10.7436	O_Y	0.47827	g_odom_x	0	g_odom_y	0
W_X	10.839	W_Y	0.0707306	A	4.83656	O_X	10.764	O_Y	0.48	g_odom_x	0	g_odom_y	0
W_X	10.8595	W_Y	0.0714769	A	4.83656	O_X	10.7845	O_Y	0.481729	g_odom_x	0	g_odom_y	0
W_X	10.88	W_Y	0.0722231	A	4.83656	O_X	10.8049	O_Y	0.483459	g_odom_x	0	g_odom_y	0
W_X	10.9005	W_Y	0.0729693	A	4.67459	O_X	10.8254	O_Y	0.485188	g_odom_x	0	g_odom_y	0
W_X	10.921	W_Y	0.0736575	A	4.67459	O_X	10.8458	O_Y	0.48686	g_odom_x	0	g_odom_y	0
W_X	10.9415	W_Y	0.0743457	A	4.67459	O_X	10.8663	O_Y	0.488532	g_odom_x	0	g_odom_y	0
W_X	10.9825	W_Y	0.0757222	A	4.67459	O_X	10.9071	O_Y	0.491875	g_odom_x	0	g_odom_y	0
W_X	11.003	W_Y	0.0764101	A	4.67459	O_X	10.9276	O_Y	0.493546	g_odom_x	0	g_odom_y	0
section	ahead	liner											
W_X	11.6251	W_Y	0.0782091	A	2.33656	O_X	11.378	O_Y	0.521854	g_odom_x	0	g_odom_y	0
W_X	11.7702	W_Y	0.0713119	A	0.640697	O_X	11.6855	O_Y	0.530848	g_odom_x	0	g_odom_y	0
W_X	11.7702	W_Y	0.0713119	A	0.640697	O_X	11.6855	O_Y	0.530848	g_odom_x	0	g_odom_y	0
W_X	11.7702	W_Y	0.0713119	A	0.640697	O_X	11.6855	O_Y	0.530848	g_odom_x	0	g_odom_y	0
W_X	11.7702	W_Y	0.0713119	A	0.640697	O_X	11.6855	O_Y	0.530848	g_odom_x	0	g_odom_y	0
W_X	11.7702	W_Y	0.0713119	A	0.640697	O_X	11.6855	O_Y	0.530848	g_odom_x	0	g_odom_y	0
W_X	11.7702	W_Y	0.0713119	A	0.640697	O_X	11.6855	O_Y	0.530848	g_odom_x	0	g_odom_y	0
W_X	11.7702	W_Y	0.0713119	A	0.640697	O_X	11.6855	O_Y	0.530848	g_odom_x	0	g_odom_y	0
W_X	11.7702	W_Y	0.0713119	A	0.640697	O_X	11.6855	O_Y	0.530848	g_odom_x	0	g_odom_y	0
W_X	11.7702	W_Y	0.0713119	A	0.640697	O_X	11.6855	O_Y	0.530848	g_odom_x	0	g_odom_y	0
W_X	11.9475	W_Y	0.0504798	A	-1.09079	O_X	11.8619	O_Y	0.530596	g_odom_x	0	g_odom_y	0
section	ahead	liner											
section	Arc	ahead											
