W_X	0.0268255	W_Y	0.000212169	A	0	O_X	0	O_Y	0	g_odom_x	0	g_odom_y	0
W_X	0.0268255	W_Y	0.000212169	A	0	O_X	0	O_Y	0	g_odom_x	0	g_odom_y	0
W_X	0.0370813	W_Y	0.000189222	A	0	O_X	0.0102559	O_Y	0	g_odom_x	0	g_odom_y	0
W_X	0.0478763	W_Y	0.000165068	A	0	O_X	0.0210509	O_Y	0	g_odom_x	0	g_odom_y	0
W_X	0.0586713	W_Y	0.000140913	A	0	O_X	0.0318459	O_Y	0	g_odom_x	0	g_odom_y	0
W_X	0.0802642	W_Y	9.25987E-05	A	0.793496	O_X	0.0534389	O_Y	0	g_odom_x	0	g_odom_y	0
W_X	0.0915986	W_Y	0.000224215	A	0.216372	O_X	0.0647729	O_Y	0.000156977	g_odom_x	0	g_odom_y	0
W_X	0.102936	W_Y	0.000241662	A	-0.0564656	O_X	0.0761104	O_Y	0.000199792	g_odom_x	0	g_odom_y	0
W_X	0.11481	W_Y	0.000203391	A	0.200252	O_X	0.0879845	O_Y	0.00018809	g_odom_x	0	g_odom_y	0
W_X	0.126872	W_Y	0.00021856	A	1.00502	O_X	0.100046	O_Y	0.000230246	g_odom_x	0	g_odom_y	0
W_X	0.139092	W_Y	0.000405582	A	0.820354	O_X	0.112266	O_Y	0.000444611	g_odom_x	0	g_odom_y	0
W_X	0.151312	W_Y	0.000553218	A	0.635685	O_X	0.124486	O_Y	0.00061959	g_odom_x	0	g_odom_y	0
W_X	0.176143	W_Y	0.000773158	A	0.635685	O_X	0.149316	O_Y	0.000895089	g_odom_x	0	g_odom_y	0
W_X	0.188561	W_Y	0.000883151	A	0.635685	O_X	0.161734	O_Y	0.00103287	g_odom_x	0	g_odom_y	0
W_X	0.201516	W_Y	0.000997898	A	0.635685	O_X	0.174689	O_Y	0.0011766	g_odom_x	0	g_odom_y	0
W_X	0.214472	W_Y	0.00111265	A	0.472429	O_X	0.187644	O_Y	0.00132035	g_odom_x	0	g_odom_y	0
W_X	0.22743	W_Y	0.0011905	A	0.472429	O_X	0.200602	O_Y	0.00142719	g_odom_x	0	g_odom_y	0
W_X	0.240388	W_Y	0.00126836	A	0.472429	O_X	0.213559	O_Y	0.00153403	g_odom_x	0	g_odom_y	0
W_X	0.267365	W_Y	0.00143044	A	0.472429	O_X	0.240536	O_Y	0.00175648	g_odom_x	0	g_odom_y	0
W_X	0.2814	W_Y	0.00151476	A	0.0609624	O_X	0.254571	O_Y	0.0018722	g_odom_x	0	g_odom_y	0
W_X	0.295428	W_Y	0.00149829	A	0.0609624	O_X	0.268599	O_Y	0.00188713	g_odom_x	0	g_odom_y	0
W_X	0.310004	W_Y	0.00148119	A	0.0609624	O_X	0.283175	O_Y	0.00190263	g_odom_x	0	g_odom_y	0
W_X	0.324579	W_Y	0.00146408	A	0.0609624	O_X	0.29775	O_Y	0.00191814	g_odom_x	0	g_odom_y	0
W_X	0.339155	W_Y	0.00144698	A	0.0609624	O_X	0.312326	O_Y	0.00193365	g_odom_x	0	g_odom_y	0
W_X	0.354271	W_Y	0.00142924	A	0.0609624	O_X	0.327442	O_Y	0.00194973	g_odom_x	0	g_odom_y	0
W_X	0.376894	W_Y	0.00142078	A	0.0609624	O_X	0.342563	O_Y	0.00196582	g_odom_x	0	g_odom_y	0
W_X	0.415851	W_Y	0.00139897	A	0.0609624	O_X	0.358217	O_Y	0.00198248	g_odom_x	0	g_odom_y	0
W_X	0.432294	W_Y	0.00134766	A	0.0609624	O_X	0.373874	O_Y	0.00199914	g_odom_x	0	g_odom_y	0
W_X	0.447947	W_Y	0.0012962	A	0.0609624	O_X	0.389527	O_Y	0.00201579	g_odom_x	0	g_odom_y	0
W_X	0.464142	W_Y	0.00124297	A	0.0609624	O_X	0.405722	O_Y	0.00203302	g_odom_x	0	g_odom_y	0
W_X	0.480335	W_Y	0.00118974	A	0.0609624	O_X	0.421915	O_Y	0.00205025	g_odom_x	0	g_odom_y	0
W_X	0.496529	W_Y	0.00113652	A	0.0609624	O_X	0.438109	O_Y	0.00206748	g_odom_x	0	g_odom_y	0
W_X	0.529998	W_Y	0.0010265	A	0.0609624	O_X	0.471578	O_Y	0.00210309	g_odom_x	0	g_odom_y	0
W_X	0.546731	W_Y	0.0009715	A	0.0609624	O_X	0.488312	O_Y	0.0021209	g_odom_x	0	g_odom_y	0
W_X	0.564006	W_Y	0.000914718	A	0.0609624	O_X	0.505586	O_Y	0.00213928	g_odom_x	0	g_odom_y	0
W_X	0.581277	W_Y	0.000857946	A	0.0609624	O_X	0.522858	O_Y	0.00215766	g_odom_x	0	g_odom_y	0
W_X	0.599093	W_Y	0.000799385	A	0.0609624	O_X	0.540674	O_Y	0.00217661	g_odom_x	0	g_odom_y	0
W_X	0.616909	W_Y	0.000740823	A	0.0609624	O_X	0.55849	O_Y	0.00219557	g_odom_x	0	g_odom_y	0
W_X	0.652538	W_Y	0.000623713	A	0.0609624	O_X	0.594119	O_Y	0.00223348	g_odom_x	0	g_odom_y	0
W_X	0.673618	W_Y	-0.00690039	A	0.0609624	O_X	0.612486	O_Y	0.00225302	g_odom_x	0	g_odom_y	0
W_X	0.697454	W_Y	-0.0221662	A	0.0609624	O_X	0.630845	O_Y	0.00227255	g_odom_x	0	g_odom_y	0
W_X	0.716344	W_Y	-0.022348	A	0.0609624	O_X	0.649735	O_Y	0.00229265	g_odom_x	0	g_odom_y	0
W_X	0.735239	W_Y	-0.0225298	A	0.0609624	O_X	0.668632	O_Y	0.00231276	g_odom_x	0	g_odom_y	0
W_X	0.754114	W_Y	-0.0227114	A	0.0609624	O_X	0.687507	O_Y	0.00233284	g_odom_x	0	g_odom_y	0
W_X	0.772988	W_Y	-0.022893	A	0.0609624	O_X	0.706382	O_Y	0.00235292	g_odom_x	0	g_odom_y	0
W_X	0.811853	W_Y	-0.023267	A	0.0609624	O_X	0.745249	O_Y	0.00239428	g_odom_x	0	g_odom_y	0
W_X	0.831287	W_Y	-0.023454	A	0.0609624	O_X	0.764684	O_Y	0.00241496	g_odom_x	0	g_odom_y	0
W_X	0.85126	W_Y	-0.0236462	A	0.0609624	O_X	0.784658	O_Y	0.00243621	g_odom_x	0	g_odom_y	0
W_X	0.871232	W_Y	-0.0238384	A	0.0609624	O_X	0.804631	O_Y	0.00245746	g_odom_x	0	g_odom_y	0
W_X	0.886668	W_Y	-0.022344	A	0.0609624	O_X	0.825141	O_Y	0.00247928	g_odom_x	0	g_odom_y	0
W_X	0.901401	W_Y	-0.0206965	A	0.287333	O_X	0.845646	O_Y	0.0025011	g_odom_x	0	g_odom_y	0
W_X	0.921915	W_Y	-0.0208914	A	0.513704	O_X	0.866161	O_Y	0.00260398	g_odom_x	0	g_odom_y	0
W_X	0.942435	W_Y	-0.0210053	A	0.513704	O_X	0.886681	O_Y	0.00278797	g_odom_x	0	g_odom_y	0
W_X	0.962948	W_Y	-0.0211191	A	0.513704	O_X	0.907193	O_Y	0.00297188	g_odom_x	0	g_odom_y	0
W_X	0.983462	W_Y	-0.021233	A	0.513704	O_X	0.927707	O_Y	0.00315581	g_odom_x	0	g_odom_y	0
W_X	1.00397	W_Y	-0.0213469	A	0.513704	O_X	0.948218	O_Y	0.00333971	g_odom_x	0	g_odom_y	0
section	ahead	liner											
W_X	1.2959	W_Y	-0.0232611	A	0.513704	O_X	1.05078	O_Y	0.00425932	g_odom_x	0	g_odom_y	0
W_X	1.31174	W_Y	-0.0309358	A	0.552423	O_X	1.27642	O_Y	0.0058247	g_odom_x	0	g_odom_y	0
W_X	1.33133	W_Y	-0.0328879	A	0.552423	O_X	1.29694	O_Y	0.00602259	g_odom_x	0	g_odom_y	0
W_X	1.35185	W_Y	-0.0333884	A	0.552423	O_X	1.31747	O_Y	0.00622049	g_odom_x	0	g_odom_y	0
W_X	1.39285	W_Y	-0.0343887	A	0.552423	O_X	1.35848	O_Y	0.00661594	g_odom_x	0	g_odom_y	0
W_X	1.41336	W_Y	-0.034889	A	0.552423	O_X	1.37899	O_Y	0.00681371	g_odom_x	0	g_odom_y	0
W_X	1.43386	W_Y	-0.0353892	A	0.748287	O_X	1.3995	O_Y	0.00701148	g_odom_x	0	g_odom_y	0
W_X	1.45437	W_Y	-0.0358194	A	0.748287	O_X	1.42002	O_Y	0.00727938	g_odom_x	0	g_odom_y	0
W_X	1.47489	W_Y	-0.0362497	A	0.925933	O_X	1.44053	O_Y	0.00754735	g_odom_x	0	g_odom_y	0
W_X	1.49539	W_Y	-0.0366161	A	0.925933	O_X	1.46104	O_Y	0.00787871	g_odom_x	0	g_odom_y	0
W_X	1.52064	W_Y	-0.0369731	A	0.925933	O_X	1.48154	O_Y	0.00821007	g_odom_x	0	g_odom_y	0
W_X	1.57086	W_Y	-0.0382644	A	0.925933	O_X	1.52256	O_Y	0.00887306	g_odom_x	0	g_odom_y	0
W_X	1.59136	W_Y	-0.0389211	A	0.925933	O_X	1.54307	O_Y	0.0092046	g_odom_x	0	g_odom_y	0
W_X	1.61186	W_Y	-0.0395774	A	1.07923	O_X	1.56357	O_Y	0.00953592	g_odom_x	0	g_odom_y	0
W_X	1.63236	W_Y	-0.0401792	A	1.07923	O_X	1.58408	O_Y	0.0099223	g_odom_x	0	g_odom_y	0
W_X	1.65286	W_Y	-0.040781	A	1.23249	O_X	1.60459	O_Y	0.0103086	g_odom_x	0	g_odom_y	0
W_X	1.67337	W_Y	-0.0413279	A	1.42228	O_X	1.6251	O_Y	0.0107498	g_odom_x	0	g_odom_y	0
W_X	1.69388	W_Y	-0.0418069	A	1.61207	O_X	1.64561	O_Y	0.011259	g_odom_x	0	g_odom_y	0
W_X	1.7144	W_Y	-0.0422182	A	2.0768	O_X	1.66612	O_Y	0.0118363	g_odom_x	0	g_odom_y	0
W_X	1.73492	W_Y	-0.0424631	A	2.0768	O_X	1.68664	O_Y	0.0125803	g_odom_x	0	g_odom_y	0
W_X	1.75597	W_Y	-0.0445176	A	2.0768	O_X	1.70713	O_Y	0.0133236	g_odom_x	0	g_odom_y	0
W_X	1.77699	W_Y	-0.0466658	A	2.0768	O_X	1.72764	O_Y	0.0140672	g_odom_x	0	g_odom_y	0
W_X	1.7975	W_Y	-0.0470347	A	2.0768	O_X	1.74814	O_Y	0.0148107	g_odom_x	0	g_odom_y	0
W_X	1.81802	W_Y	-0.0474036	A	2.0768	O_X	1.76864	O_Y	0.0155542	g_odom_x	0	g_odom_y	0
W_X	1.85902	W_Y	-0.048141	A	2.0768	O_X	1.80963	O_Y	0.0170403	g_odom_x	0	g_odom_y	0
W_X	1.87954	W_Y	-0.0485101	A	2.0768	O_X	1.83014	O_Y	0.0177841	g_odom_x	0	g_odom_y	0
W_X	1.90005	W_Y	-0.0488789	A	2.0768	O_X	1.85064	O_Y	0.0185275	g_odom_x	0	g_odom_y	0
W_X	1.92056	W_Y	-0.0492478	A	2.24223	O_X	1.87114	O_Y	0.0192708	g_odom_x	0	g_odom_y	0
W_X	1.94107	W_Y	-0.0495574	A	2.24223	O_X	1.89163	O_Y	0.0200733	g_odom_x	0	g_odom_y	0
W_X	1.9616	W_Y	-0.0498672	A	2.24223	O_X	1.91215	O_Y	0.0208765	g_odom_x	0	g_odom_y	0
W_X	1.9725	W_Y	-0.0536394	A	2.24223	O_X	1.93266	O_Y	0.0216797	g_odom_x	0	g_odom_y	0
W_X	2.00877	W_Y	-0.0561075	A	2.24223	O_X	1.97364	O_Y	0.0232844	g_odom_x	0	g_odom_y	0
W_X	2.02928	W_Y	-0.0564888	A	2.24223	O_X	1.99414	O_Y	0.0240869	g_odom_x	0	g_odom_y	0
W_X	2.04979	W_Y	-0.0568702	A	2.24223	O_X	2.01464	O_Y	0.0248896	g_odom_x	0	g_odom_y	0
W_X	2.04979	W_Y	-0.0568702	A	2.24223	O_X	2.01464	O_Y	0.0248896	g_odom_x	0	g_odom_y	0
W_X	2.09081	W_Y	-0.0576328	A	2.24223	O_X	2.05563	O_Y	0.0264946	g_odom_x	0	g_odom_y	0
W_X	2.11131	W_Y	-0.0580141	A	2.24223	O_X	2.07613	O_Y	0.0272971	g_odom_x	0	g_odom_y	0
W_X	2.13182	W_Y	-0.0583954	A	2.24223	O_X	2.09662	O_Y	0.0280995	g_odom_x	0	g_odom_y	0
W_X	2.17284	W_Y	-0.0591581	A	2.24223	O_X	2.13762	O_Y	0.0297046	g_odom_x	0	g_odom_y	0
W_X	2.1916	W_Y	-0.0591432	A	2.24223	O_X	2.15812	O_Y	0.0305073	g_odom_x	0	g_odom_y	0
W_X	2.19943	W_Y	-0.0566997	A	2.24223	O_X	2.17861	O_Y	0.0313098	g_odom_x	0	g_odom_y	0
W_X	2.21733	W_Y	-0.0565549	A	2.24223	O_X	2.19911	O_Y	0.0321124	g_odom_x	0	g_odom_y	0
W_X	2.23784	W_Y	-0.0569921	A	2.24223	O_X	2.21961	O_Y	0.032915	g_odom_x	0	g_odom_y	0
W_X	2.25834	W_Y	-0.0574289	A	2.24223	O_X	2.24009	O_Y	0.033717	g_odom_x	0	g_odom_y	0
W_X	2.27885	W_Y	-0.0578662	A	2.24223	O_X	2.2606	O_Y	0.0345199	g_odom_x	0	g_odom_y	0
W_X	2.29937	W_Y	-0.0583035	A	2.24223	O_X	2.2811	O_Y	0.0353226	g_odom_x	0	g_odom_y	0
W_X	2.31987	W_Y	-0.0587405	A	2.24223	O_X	2.30159	O_Y	0.036125	g_odom_x	0	g_odom_y	0
W_X	2.34041	W_Y	-0.0591784	A	2.24223	O_X	2.32212	O_Y	0.0369289	g_odom_x	0	g_odom_y	0
W_X	2.35942	W_Y	-0.0589419	A	2.24223	O_X	2.34259	O_Y	0.0377304	g_odom_x	0	g_odom_y	0
W_X	2.37903	W_Y	-0.0589113	A	2.42001	O_X	2.36312	O_Y	0.0385339	g_odom_x	0	g_odom_y	0
W_X	2.39957	W_Y	-0.0592349	A	2.42001	O_X	2.38363	O_Y	0.0394011	g_odom_x	0	g_odom_y	0
W_X	2.44055	W_Y	-0.0598806	A	2.42001	O_X	2.42459	O_Y	0.0411318	g_odom_x	0	g_odom_y	0
W_X	2.46106	W_Y	-0.0602037	A	2.96992	O_X	2.44508	O_Y	0.0419979	g_odom_x	0	g_odom_y	0
W_X	2.48158	W_Y	-0.06033	A	2.96992	O_X	2.46557	O_Y	0.0430608	g_odom_x	0	g_odom_y	0
W_X	2.50209	W_Y	-0.0604562	A	2.96992	O_X	2.48605	O_Y	0.0441236	g_odom_x	0	g_odom_y	0
W_X	2.5226	W_Y	-0.0605825	A	2.96992	O_X	2.50654	O_Y	0.0451864	g_odom_x	0	g_odom_y	0
W_X	2.54311	W_Y	-0.0607088	A	2.96992	O_X	2.52702	O_Y	0.0462491	g_odom_x	0	g_odom_y	0
W_X	2.56305	W_Y	-0.0600374	A	3.14752	O_X	2.54751	O_Y	0.0473119	g_odom_x	0	g_odom_y	0
W_X	2.59697	W_Y	-0.0502444	A	3.32512	O_X	2.58846	O_Y	0.0495641	g_odom_x	0	g_odom_y	0
W_X	2.61543	W_Y	-0.0473382	A	3.32512	O_X	2.60895	O_Y	0.0507544	g_odom_x	0	g_odom_y	0
W_X	2.63594	W_Y	-0.0473144	A	3.4784	O_X	2.62943	O_Y	0.0519442	g_odom_x	0	g_odom_y	0
W_X	2.65646	W_Y	-0.0472357	A	3.27863	O_X	2.6499	O_Y	0.0531888	g_odom_x	0	g_odom_y	0
W_X	2.67697	W_Y	-0.0472286	A	3.43799	O_X	2.67039	O_Y	0.0543621	g_odom_x	0	g_odom_y	0
W_X	2.69748	W_Y	-0.0471644	A	3.43799	O_X	2.69086	O_Y	0.0555922	g_odom_x	0	g_odom_y	0
W_X	2.718	W_Y	-0.0471001	A	3.43799	O_X	2.71134	O_Y	0.0568223	g_odom_x	0	g_odom_y	0
W_X	2.75902	W_Y	-0.0469717	A	3.43799	O_X	2.75229	O_Y	0.0592825	g_odom_x	0	g_odom_y	0
W_X	2.77954	W_Y	-0.0469075	A	3.43799	O_X	2.77277	O_Y	0.0605128	g_odom_x	0	g_odom_y	0
W_X	2.79887	W_Y	-0.0408032	A	3.60344	O_X	2.79324	O_Y	0.0617429	g_odom_x	0	g_odom_y	0
W_X	2.81671	W_Y	-0.0271554	A	3.60344	O_X	2.81372	O_Y	0.0630322	g_odom_x	0	g_odom_y	0
W_X	2.83724	W_Y	-0.0268862	A	3.60344	O_X	2.83421	O_Y	0.0643228	g_odom_x	0	g_odom_y	0
W_X	2.85775	W_Y	-0.0266172	A	3.60344	O_X	2.85468	O_Y	0.065612	g_odom_x	0	g_odom_y	0
W_X	2.87827	W_Y	-0.0263483	A	3.60344	O_X	2.87515	O_Y	0.0669012	g_odom_x	0	g_odom_y	0
W_X	2.91929	W_Y	-0.0258104	A	3.60344	O_X	2.9161	O_Y	0.0694798	g_odom_x	0	g_odom_y	0
W_X	2.93979	W_Y	-0.0255415	A	3.60344	O_X	2.93657	O_Y	0.0707687	g_odom_x	0	g_odom_y	0
W_X	2.96029	W_Y	-0.0252728	A	3.78115	O_X	2.95703	O_Y	0.0720572	g_odom_x	0	g_odom_y	0
W_X	2.9808	W_Y	-0.0249402	A	3.62397	O_X	2.97749	O_Y	0.0734098	g_odom_x	0	g_odom_y	0
W_X	3.00131	W_Y	-0.0246639	A	3.62397	O_X	2.99797	O_Y	0.0747065	g_odom_x	0	g_odom_y	0
W_X	3.01812	W_Y	-0.0135586	A	3.3815	O_X	3.01845	O_Y	0.0760038	g_odom_x	0	g_odom_y	0
W_X	3.03444	W_Y	-0.00125899	A	3.13902	O_X	3.03892	O_Y	0.0772131	g_odom_x	0	g_odom_y	0
W_X	3.05498	W_Y	-0.000932826	A	3.13902	O_X	3.05942	O_Y	0.0783377	g_odom_x	0	g_odom_y	0
W_X	3.07547	W_Y	-0.000607339	A	3.13902	O_X	3.07989	O_Y	0.0794599	g_odom_x	0	g_odom_y	0
W_X	3.09599	W_Y	-0.000281403	A	3.13902	O_X	3.10038	O_Y	0.0805837	g_odom_x	0	g_odom_y	0
W_X	3.1165	W_Y	0.00004441	A	3.36534	O_X	3.12086	O_Y	0.0817071	g_odom_x	0	g_odom_y	0
W_X	3.13701	W_Y	0.000451228	A	3.36534	O_X	3.14134	O_Y	0.0829113	g_odom_x	0	g_odom_y	0
W_X	3.15752	W_Y	0.000858046	A	3.36534	O_X	3.16182	O_Y	0.0841155	g_odom_x	0	g_odom_y	0
W_X	3.19854	W_Y	0.00167166	A	3.36534	O_X	3.20278	O_Y	0.0865239	g_odom_x	0	g_odom_y	0
W_X	3.21905	W_Y	0.00207838	A	3.36534	O_X	3.22325	O_Y	0.0877278	g_odom_x	0	g_odom_y	0
W_X	3.23473	W_Y	0.0177958	A	3.36534	O_X	3.24373	O_Y	0.0889321	g_odom_x	0	g_odom_y	0
W_X	3.25243	W_Y	0.0271522	A	3.36534	O_X	3.2642	O_Y	0.0901361	g_odom_x	0	g_odom_y	0
W_X	3.27294	W_Y	0.0277272	A	3.36534	O_X	3.28469	O_Y	0.0913406	g_odom_x	0	g_odom_y	0
W_X	3.29343	W_Y	0.0283015	A	3.36534	O_X	3.30515	O_Y	0.0925436	g_odom_x	0	g_odom_y	0
W_X	3.31391	W_Y	0.0288758	A	3.36534	O_X	3.3256	O_Y	0.0937466	g_odom_x	0	g_odom_y	0
W_X	3.35492	W_Y	0.0300254	A	3.36534	O_X	3.36656	O_Y	0.0961549	g_odom_x	0	g_odom_y	0
W_X	3.37543	W_Y	0.0306003	A	3.196	O_X	3.38704	O_Y	0.0973591	g_odom_x	0	g_odom_y	0
W_X	3.39593	W_Y	0.0311145	A	3.196	O_X	3.40752	O_Y	0.0985026	g_odom_x	0	g_odom_y	0
W_X	3.41644	W_Y	0.0316288	A	3.196	O_X	3.428	O_Y	0.0996464	g_odom_x	0	g_odom_y	0
W_X	3.43721	W_Y	0.0340901	A	3.196	O_X	3.44848	O_Y	0.10079	g_odom_x	0	g_odom_y	0
W_X	3.4599	W_Y	0.0511794	A	3.196	O_X	3.46896	O_Y	0.101934	g_odom_x	0	g_odom_y	0
W_X	3.48095	W_Y	0.0559906	A	3.196	O_X	3.48944	O_Y	0.103077	g_odom_x	0	g_odom_y	0
W_X	3.52195	W_Y	0.0572384	A	3.196	O_X	3.5304	O_Y	0.105365	g_odom_x	0	g_odom_y	0
W_X	3.54246	W_Y	0.0578625	A	3.03881	O_X	3.55089	O_Y	0.106508	g_odom_x	0	g_odom_y	0
W_X	3.56296	W_Y	0.0584302	A	3.03881	O_X	3.57137	O_Y	0.107596	g_odom_x	0	g_odom_y	0
W_X	3.58347	W_Y	0.058998	A	3.03881	O_X	3.59186	O_Y	0.108683	g_odom_x	0	g_odom_y	0
W_X	3.60397	W_Y	0.0595656	A	3.03881	O_X	3.61234	O_Y	0.109771	g_odom_x	0	g_odom_y	0
W_X	3.62447	W_Y	0.0601332	A	3.03881	O_X	3.63282	O_Y	0.110858	g_odom_x	0	g_odom_y	0
W_X	3.64498	W_Y	0.0607009	A	3.03881	O_X	3.6533	O_Y	0.111945	g_odom_x	0	g_odom_y	0
W_X	3.66373	W_Y	0.0685698	A	3.03881	O_X	3.67379	O_Y	0.113033	g_odom_x	0	g_odom_y	0
W_X	3.68072	W_Y	0.0835439	A	3.03881	O_X	3.69428	O_Y	0.11412	g_odom_x	0	g_odom_y	0
W_X	3.70122	W_Y	0.0842828	A	3.03881	O_X	3.71476	O_Y	0.115208	g_odom_x	0	g_odom_y	0
W_X	3.72172	W_Y	0.0850216	A	2.83905	O_X	3.73525	O_Y	0.116295	g_odom_x	0	g_odom_y	0
W_X	3.74222	W_Y	0.0856891	A	2.66362	O_X	3.75574	O_Y	0.117312	g_odom_x	0	g_odom_y	0
W_X	3.76273	W_Y	0.0862938	A	2.35427	O_X	3.77623	O_Y	0.118265	g_odom_x	0	g_odom_y	0
W_X	3.80373	W_Y	0.0872813	A	2.04491	O_X	3.81721	O_Y	0.11995	g_odom_x	0	g_odom_y	0
W_X	3.82425	W_Y	0.0876647	A	1.71841	O_X	3.83772	O_Y	0.120682	g_odom_x	0	g_odom_y	0
W_X	3.84476	W_Y	0.0879309	A	1.71841	O_X	3.85823	O_Y	0.121297	g_odom_x	0	g_odom_y	0
W_X	3.86528	W_Y	0.0881972	A	1.56123	O_X	3.87873	O_Y	0.121913	g_odom_x	0	g_odom_y	0
W_X	3.89005	W_Y	0.10229	A	1.56123	O_X	3.89924	O_Y	0.122471	g_odom_x	0	g_odom_y	0
W_X	3.91426	W_Y	0.114858	A	1.40405	O_X	3.91974	O_Y	0.12303	g_odom_x	0	g_odom_y	0
W_X	3.93477	W_Y	0.115169	A	1.24688	O_X	3.94025	O_Y	0.123533	g_odom_x	0	g_odom_y	0
W_X	3.97579	W_Y	0.115679	A	1.24688	O_X	3.98127	O_Y	0.124426	g_odom_x	0	g_odom_y	0
W_X	3.99631	W_Y	0.115934	A	1.01659	O_X	4.00178	O_Y	0.124872	g_odom_x	0	g_odom_y	0
W_X	4.01682	W_Y	0.116106	A	1.01659	O_X	4.02229	O_Y	0.125236	g_odom_x	0	g_odom_y	0
W_X	4.03746	W_Y	0.116279	A	0.736005	O_X	4.04292	O_Y	0.125602	g_odom_x	0	g_odom_y	0
W_X	4.05784	W_Y	0.116351	A	0.736005	O_X	4.06331	O_Y	0.125864	g_odom_x	0	g_odom_y	0
W_X	4.07836	W_Y	0.116423	A	0.384063	O_X	4.08382	O_Y	0.126128	g_odom_x	0	g_odom_y	0
W_X	4.09887	W_Y	0.116369	A	0.0321218	O_X	4.10434	O_Y	0.126265	g_odom_x	0	g_odom_y	0
W_X	4.14235	W_Y	0.134091	A	0.0321218	O_X	4.14536	O_Y	0.126288	g_odom_x	0	g_odom_y	0
W_X	4.16386	W_Y	0.141519	A	-0.253033	O_X	4.16586	O_Y	0.1263	g_odom_x	0	g_odom_y	0
W_X	4.18439	W_Y	0.141319	A	-0.253033	O_X	4.18639	O_Y	0.126209	g_odom_x	0	g_odom_y	0
W_X	4.2049	W_Y	0.14112	A	-0.550192	O_X	4.2069	O_Y	0.126118	g_odom_x	0	g_odom_y	0
W_X	4.22541	W_Y	0.140814	A	-0.550192	O_X	4.22741	O_Y	0.125921	g_odom_x	0	g_odom_y	0
W_X	4.24592	W_Y	0.140508	A	-0.550192	O_X	4.24793	O_Y	0.125725	g_odom_x	0	g_odom_y	0
W_X	4.26643	W_Y	0.140202	A	-0.550192	O_X	4.26844	O_Y	0.125528	g_odom_x	0	g_odom_y	0
W_X	4.30745	W_Y	0.139591	A	-0.94974	O_X	4.30946	O_Y	0.125134	g_odom_x	0	g_odom_y	0
W_X	4.32796	W_Y	0.139142	A	-0.94974	O_X	4.32998	O_Y	0.124794	g_odom_x	0	g_odom_y	0
W_X	4.34817	W_Y	0.142403	A	-0.94974	O_X	4.35047	O_Y	0.124454	g_odom_x	0	g_odom_y	0
W_X	4.36736	W_Y	0.158357	A	-0.94974	O_X	4.37098	O_Y	0.124114	g_odom_x	0	g_odom_y	0
W_X	4.38757	W_Y	0.161683	A	-1.10084	O_X	4.39149	O_Y	0.123774	g_odom_x	0	g_odom_y	0
W_X	4.40808	W_Y	0.161302	A	-1.25195	O_X	4.412	O_Y	0.12338	g_odom_x	0	g_odom_y	0
W_X	4.42861	W_Y	0.160867	A	-1.66361	O_X	4.43253	O_Y	0.122931	g_odom_x	0	g_odom_y	0
W_X	4.44911	W_Y	0.160285	A	-1.66361	O_X	4.45303	O_Y	0.122336	g_odom_x	0	g_odom_y	0
W_X	4.46962	W_Y	0.159703	A	-1.91815	O_X	4.47353	O_Y	0.12174	g_odom_x	0	g_odom_y	0
W_X	4.49012	W_Y	0.159029	A	-1.91815	O_X	4.49404	O_Y	0.121053	g_odom_x	0	g_odom_y	0
W_X	4.51062	W_Y	0.158356	A	-2.13619	O_X	4.51454	O_Y	0.120367	g_odom_x	0	g_odom_y	0
W_X	4.53112	W_Y	0.157605	A	-2.13619	O_X	4.53504	O_Y	0.119602	g_odom_x	0	g_odom_y	0
W_X	4.55075	W_Y	0.158902	A	-2.13619	O_X	4.55553	O_Y	0.118838	g_odom_x	0	g_odom_y	0
W_X	4.59014	W_Y	0.161205	A	-2.57226	O_X	4.59653	O_Y	0.117308	g_odom_x	0	g_odom_y	0
W_X	4.61063	W_Y	0.160294	A	-2.57226	O_X	4.61702	O_Y	0.116388	g_odom_x	0	g_odom_y	0
W_X	4.63112	W_Y	0.159384	A	-2.82683	O_X	4.63751	O_Y	0.115467	g_odom_x	0	g_odom_y	0
W_X	4.65161	W_Y	0.158382	A	-2.82683	O_X	4.658	O_Y	0.114456	g_odom_x	0	g_odom_y	0
W_X	4.6721	W_Y	0.157381	A	-2.82683	O_X	4.67849	O_Y	0.113444	g_odom_x	0	g_odom_y	0
W_X	4.69259	W_Y	0.15638	A	-2.82683	O_X	4.69898	O_Y	0.112432	g_odom_x	0	g_odom_y	0
W_X	4.71308	W_Y	0.155378	A	-2.82683	O_X	4.71947	O_Y	0.111421	g_odom_x	0	g_odom_y	0
W_X	4.75405	W_Y	0.153376	A	-3.16551	O_X	4.76044	O_Y	0.109397	g_odom_x	0	g_odom_y	0
W_X	4.77454	W_Y	0.152253	A	-3.16551	O_X	4.78092	O_Y	0.108265	g_odom_x	0	g_odom_y	0
W_X	4.79278	W_Y	0.159524	A	-3.34703	O_X	4.80141	O_Y	0.107132	g_odom_x	0	g_odom_y	0
W_X	4.81117	W_Y	0.166199	A	-3.34703	O_X	4.82188	O_Y	0.105934	g_odom_x	0	g_odom_y	0
W_X	4.83166	W_Y	0.165095	A	-3.52857	O_X	4.84237	O_Y	0.104736	g_odom_x	0	g_odom_y	0
W_X	4.85214	W_Y	0.163926	A	-3.75875	O_X	4.86284	O_Y	0.103474	g_odom_x	0	g_odom_y	0
W_X	4.87261	W_Y	0.162675	A	-3.98894	O_X	4.8833	O_Y	0.102129	g_odom_x	0	g_odom_y	0
W_X	4.91355	W_Y	0.160008	A	-3.98894	O_X	4.92423	O_Y	0.0992755	g_odom_x	0	g_odom_y	0
W_X	4.93401	W_Y	0.158675	A	-4.18869	O_X	4.94469	O_Y	0.0978487	g_odom_x	0	g_odom_y	0
W_X	4.95448	W_Y	0.15727	A	-4.18869	O_X	4.96515	O_Y	0.0963503	g_odom_x	0	g_odom_y	0
W_X	4.97495	W_Y	0.155865	A	-4.39457	O_X	4.98561	O_Y	0.0948519	g_odom_x	0	g_odom_y	0
W_X	4.99545	W_Y	0.154438	A	-4.39457	O_X	5.00607	O_Y	0.09328	g_odom_x	0	g_odom_y	0
W_X	5.01762	W_Y	0.154881	A	-4.39457	O_X	5.02651	O_Y	0.0917091	g_odom_x	0	g_odom_y	0
W_X	5.03881	W_Y	0.154208	A	-4.8306	O_X	5.04697	O_Y	0.0901366	g_odom_x	0	g_odom_y	0
W_X	5.05925	W_Y	0.152572	A	-4.8306	O_X	5.06741	O_Y	0.0884091	g_odom_x	0	g_odom_y	0
W_X	5.0797	W_Y	0.150935	A	-4.8306	O_X	5.08785	O_Y	0.0866817	g_odom_x	0	g_odom_y	0
W_X	5.10015	W_Y	0.149298	A	-5.01211	O_X	5.10829	O_Y	0.0849543	g_odom_x	0	g_odom_y	0
W_X	5.12059	W_Y	0.147597	A	-5.01211	O_X	5.12872	O_Y	0.0831623	g_odom_x	0	g_odom_y	0
W_X	5.14103	W_Y	0.145896	A	-5.18148	O_X	5.14916	O_Y	0.0813703	g_odom_x	0	g_odom_y	0
W_X	5.1819	W_Y	0.142373	A	-5.35084	O_X	5.19	O_Y	0.0776661	g_odom_x	0	g_odom_y	0
W_X	5.20234	W_Y	0.14055	A	-5.66517	O_X	5.21044	O_Y	0.0757518	g_odom_x	0	g_odom_y	0
W_X	5.22299	W_Y	0.14015	A	-5.89539	O_X	5.23086	O_Y	0.0737267	g_odom_x	0	g_odom_y	0
W_X	5.24425	W_Y	0.144031	A	-5.89539	O_X	5.25126	O_Y	0.0716198	g_odom_x	0	g_odom_y	0
W_X	5.26475	W_Y	0.142705	A	-6.18037	O_X	5.27167	O_Y	0.0695128	g_odom_x	0	g_odom_y	0
W_X	5.28516	W_Y	0.140655	A	-6.18037	O_X	5.29206	O_Y	0.0673046	g_odom_x	0	g_odom_y	0
W_X	5.30556	W_Y	0.138605	A	-6.40439	O_X	5.31244	O_Y	0.0650976	g_odom_x	0	g_odom_y	0
W_X	5.32595	W_Y	0.136475	A	-6.62841	O_X	5.33281	O_Y	0.0628109	g_odom_x	0	g_odom_y	0
W_X	5.36674	W_Y	0.132054	A	-6.62841	O_X	5.37356	O_Y	0.0580752	g_odom_x	0	g_odom_y	0
W_X	5.38713	W_Y	0.129843	A	-6.77948	O_X	5.39394	O_Y	0.0557074	g_odom_x	0	g_odom_y	0
W_X	5.40752	W_Y	0.127579	A	-6.77948	O_X	5.41431	O_Y	0.0532856	g_odom_x	0	g_odom_y	0
W_X	5.42791	W_Y	0.125314	A	-6.77948	O_X	5.43468	O_Y	0.0508642	g_odom_x	0	g_odom_y	0
W_X	5.44876	W_Y	0.128966	A	-6.77948	O_X	5.45505	O_Y	0.0484428	g_odom_x	0	g_odom_y	0
W_X	5.4698	W_Y	0.135169	A	-6.97319	O_X	5.47542	O_Y	0.046021	g_odom_x	0	g_odom_y	0
W_X	5.49019	W_Y	0.132893	A	-7.16689	O_X	5.49578	O_Y	0.0435303	g_odom_x	0	g_odom_y	0
W_X	5.53094	W_Y	0.128202	A	-7.16689	O_X	5.53649	O_Y	0.0384118	g_odom_x	0	g_odom_y	0
W_X	5.55132	W_Y	0.125857	A	-7.16689	O_X	5.55684	O_Y	0.0358525	g_odom_x	0	g_odom_y	0
W_X	5.5717	W_Y	0.123512	A	-7.37274	O_X	5.5772	O_Y	0.0332934	g_odom_x	0	g_odom_y	0
W_X	5.59207	W_Y	0.121094	A	-7.56034	O_X	5.59754	O_Y	0.0306612	g_odom_x	0	g_odom_y	0
W_X	5.61243	W_Y	0.118609	A	-7.75402	O_X	5.61787	O_Y	0.0279622	g_odom_x	0	g_odom_y	0
W_X	5.63279	W_Y	0.116055	A	-7.92945	O_X	5.6382	O_Y	0.0251945	g_odom_x	0	g_odom_y	0
W_X	5.65313	W_Y	0.113439	A	-8.10488	O_X	5.65852	O_Y	0.0223646	g_odom_x	0	g_odom_y	0
W_X	5.69173	W_Y	0.110535	A	-8.60181	O_X	5.69913	O_Y	0.0165804	g_odom_x	0	g_odom_y	0
W_X	5.71092	W_Y	0.109029	A	-8.60181	O_X	5.71942	O_Y	0.0135125	g_odom_x	0	g_odom_y	0
W_X	5.73122	W_Y	0.106187	A	-8.85036	O_X	5.73969	O_Y	0.0104457	g_odom_x	0	g_odom_y	0
W_X	5.75153	W_Y	0.103256	A	-8.85036	O_X	5.75996	O_Y	0.00728971	g_odom_x	0	g_odom_y	0
W_X	5.77183	W_Y	0.100325	A	-9.1597	O_X	5.78023	O_Y	0.0041336	g_odom_x	0	g_odom_y	0
W_X	5.79212	W_Y	0.0972843	A	-9.46904	O_X	5.80048	O_Y	0.000868041	g_odom_x	0	g_odom_y	0
W_X	5.8124	W_Y	0.0941327	A	-9.46904	O_X	5.82072	O_Y	-0.00250819	g_odom_x	0	g_odom_y	0
W_X	5.83267	W_Y	0.0909827	A	-9.46904	O_X	5.84096	O_Y	-0.00588275	g_odom_x	0	g_odom_y	0
W_X	5.85294	W_Y	0.0878324	A	-9.73579	O_X	5.86119	O_Y	-0.0092577	g_odom_x	0	g_odom_y	0
W_X	5.87323	W_Y	0.0842334	A	-9.73579	O_X	5.88141	O_Y	-0.0127265	g_odom_x	0	g_odom_y	0
W_X	5.89382	W_Y	0.0780252	A	-9.89904	O_X	5.90163	O_Y	-0.0161953	g_odom_x	0	g_odom_y	0
W_X	5.91414	W_Y	0.0739447	A	-9.89904	O_X	5.92183	O_Y	-0.0197219	g_odom_x	0	g_odom_y	0
W_X	5.93438	W_Y	0.0705957	A	-9.89904	O_X	5.94204	O_Y	-0.0232485	g_odom_x	0	g_odom_y	0
W_X	5.97486	W_Y	0.0638977	A	-9.89904	O_X	5.98246	O_Y	-0.0303015	g_odom_x	0	g_odom_y	0
W_X	5.99509	W_Y	0.0605501	A	-10.1839	O_X	6.00266	O_Y	-0.0338265	g_odom_x	0	g_odom_y	0
W_X	6.01531	W_Y	0.0571005	A	-10.4263	O_X	6.02285	O_Y	-0.0374534	g_odom_x	0	g_odom_y	0
W_X	6.03551	W_Y	0.0535654	A	-10.6078	O_X	6.04302	O_Y	-0.0411657	g_odom_x	0	g_odom_y	0
W_X	6.05572	W_Y	0.0499648	A	-10.6078	O_X	6.06319	O_Y	-0.0449435	g_odom_x	0	g_odom_y	0
W_X	6.0759	W_Y	0.0463674	A	-10.6078	O_X	6.08335	O_Y	-0.048718	g_odom_x	0	g_odom_y	0
W_X	6.09609	W_Y	0.0427699	A	-10.6078	O_X	6.1035	O_Y	-0.0524924	g_odom_x	0	g_odom_y	0
W_X	6.13648	W_Y	0.0355717	A	-10.6078	O_X	6.14383	O_Y	-0.0600449	g_odom_x	0	g_odom_y	0
W_X	6.15749	W_Y	0.0245171	A	-10.6078	O_X	6.16394	O_Y	-0.0638125	g_odom_x	0	g_odom_y	0
W_X	6.17798	W_Y	0.0181023	A	-10.6078	O_X	6.18411	O_Y	-0.0675888	g_odom_x	0	g_odom_y	0
W_X	6.19816	W_Y	0.0144171	A	-10.6078	O_X	6.20427	O_Y	-0.071365	g_odom_x	0	g_odom_y	0
W_X	6.21834	W_Y	0.0107315	A	-10.6078	O_X	6.22443	O_Y	-0.0751415	g_odom_x	0	g_odom_y	0
W_X	6.23853	W_Y	0.007044	A	-10.3631	O_X	6.24461	O_Y	-0.07892	g_odom_x	0	g_odom_y	0
W_X	6.25874	W_Y	0.00344277	A	-10.1185	O_X	6.2648	O_Y	-0.0826123	g_odom_x	0	g_odom_y	0
W_X	6.29916	W_Y	-0.00358284	A	-10.1185	O_X	6.30519	O_Y	-0.08982	g_odom_x	0	g_odom_y	0
W_X	6.31937	W_Y	-0.0070956	A	-9.84956	O_X	6.32538	O_Y	-0.0934239	g_odom_x	0	g_odom_y	0
W_X	6.33926	W_Y	-0.0104561	A	-9.84956	O_X	6.34559	O_Y	-0.096933	g_odom_x	0	g_odom_y	0
W_X	6.3591	W_Y	-0.013843	A	-9.65977	O_X	6.3658	O_Y	-0.100442	g_odom_x	0	g_odom_y	0
W_X	6.37956	W_Y	-0.0172665	A	-9.65977	O_X	6.38625	O_Y	-0.103923	g_odom_x	0	g_odom_y	0
W_X	6.39955	W_Y	-0.0206115	A	-9.65977	O_X	6.40624	O_Y	-0.107324	g_odom_x	0	g_odom_y	0
W_X	6.4198	W_Y	-0.0239989	A	-9.65977	O_X	6.42647	O_Y	-0.110768	g_odom_x	0	g_odom_y	0
W_X	6.44003	W_Y	-0.0273846	A	-9.65977	O_X	6.44669	O_Y	-0.11421	g_odom_x	0	g_odom_y	0
W_X	6.46026	W_Y	-0.0307699	A	-9.65977	O_X	6.46692	O_Y	-0.117652	g_odom_x	0	g_odom_y	0
W_X	6.48051	W_Y	-0.0341577	A	-9.65977	O_X	6.48715	O_Y	-0.121097	g_odom_x	0	g_odom_y	0
W_X	6.50073	W_Y	-0.0375404	A	-9.65977	O_X	6.50736	O_Y	-0.124536	g_odom_x	0	g_odom_y	0
W_X	6.52094	W_Y	-0.040923	A	-9.65977	O_X	6.52757	O_Y	-0.127976	g_odom_x	0	g_odom_y	0
W_X	6.56203	W_Y	-0.0459172	A	-9.65977	O_X	6.568	O_Y	-0.134858	g_odom_x	0	g_odom_y	0
W_X	6.58265	W_Y	-0.0482662	A	-9.65977	O_X	6.58824	O_Y	-0.138302	g_odom_x	0	g_odom_y	0
W_X	6.62311	W_Y	-0.0549595	A	-9.48214	O_X	6.62868	O_Y	-0.145122	g_odom_x	0	g_odom_y	0
W_X	6.62311	W_Y	-0.0549595	A	-9.48214	O_X	6.62868	O_Y	-0.145122	g_odom_x	0	g_odom_y	0
W_X	6.6636	W_Y	-0.0615919	A	-9.48214	O_X	6.66914	O_Y	-0.15188	g_odom_x	0	g_odom_y	0
W_X	6.68384	W_Y	-0.0649082	A	-9.48214	O_X	6.68938	O_Y	-0.155259	g_odom_x	0	g_odom_y	0
W_X	6.70408	W_Y	-0.0682245	A	-9.48214	O_X	6.70961	O_Y	-0.158639	g_odom_x	0	g_odom_y	0
W_X	6.74457	W_Y	-0.0748573	A	-9.48214	O_X	6.75007	O_Y	-0.165397	g_odom_x	0	g_odom_y	0
W_X	6.76483	W_Y	-0.0794848	A	-9.48214	O_X	6.77031	O_Y	-0.168776	g_odom_x	0	g_odom_y	0
W_X	6.78511	W_Y	-0.0900712	A	-9.48214	O_X	6.79054	O_Y	-0.172156	g_odom_x	0	g_odom_y	0
W_X	6.80534	W_Y	-0.0953969	A	-9.48214	O_X	6.81077	O_Y	-0.175535	g_odom_x	0	g_odom_y	0
W_X	6.82556	W_Y	-0.0988041	A	-9.48214	O_X	6.83101	O_Y	-0.178915	g_odom_x	0	g_odom_y	0
W_X	6.84581	W_Y	-0.102214	A	-9.48214	O_X	6.85125	O_Y	-0.182296	g_odom_x	0	g_odom_y	0
W_X	6.86605	W_Y	-0.105623	A	-9.48214	O_X	6.8715	O_Y	-0.185678	g_odom_x	0	g_odom_y	0
W_X	6.90649	W_Y	-0.112436	A	-8.94445	O_X	6.91195	O_Y	-0.192435	g_odom_x	0	g_odom_y	0
W_X	6.92675	W_Y	-0.115653	A	-8.65728	O_X	6.93222	O_Y	-0.195624	g_odom_x	0	g_odom_y	0
W_X	6.94703	W_Y	-0.118769	A	-8.37618	O_X	6.9525	O_Y	-0.198712	g_odom_x	0	g_odom_y	0
W_X	6.96732	W_Y	-0.121785	A	-8.21074	O_X	6.97279	O_Y	-0.2017	g_odom_x	0	g_odom_y	0
W_X	6.98759	W_Y	-0.126765	A	-8.21074	O_X	6.99309	O_Y	-0.204629	g_odom_x	0	g_odom_y	0
W_X	7.00784	W_Y	-0.133622	A	-7.82007	O_X	7.0134	O_Y	-0.207559	g_odom_x	0	g_odom_y	0
W_X	7.02815	W_Y	-0.136478	A	-7.42939	O_X	7.03372	O_Y	-0.21035	g_odom_x	0	g_odom_y	0
W_X	7.06882	W_Y	-0.141913	A	-7.42939	O_X	7.0744	O_Y	-0.215655	g_odom_x	0	g_odom_y	0
W_X	7.08915	W_Y	-0.144631	A	-7.42939	O_X	7.09474	O_Y	-0.218308	g_odom_x	0	g_odom_y	0
W_X	7.10948	W_Y	-0.147347	A	-7.26999	O_X	7.11508	O_Y	-0.220959	g_odom_x	0	g_odom_y	0
W_X	7.12982	W_Y	-0.150008	A	-7.26999	O_X	7.13542	O_Y	-0.223555	g_odom_x	0	g_odom_y	0
W_X	7.15016	W_Y	-0.152669	A	-7.09846	O_X	7.15577	O_Y	-0.226151	g_odom_x	0	g_odom_y	0
W_X	7.1705	W_Y	-0.15527	A	-6.92693	O_X	7.17613	O_Y	-0.228686	g_odom_x	0	g_odom_y	0
W_X	7.19087	W_Y	-0.157811	A	-6.92693	O_X	7.19651	O_Y	-0.231161	g_odom_x	0	g_odom_y	0
W_X	7.21212	W_Y	-0.158961	A	-6.70677	O_X	7.21687	O_Y	-0.233635	g_odom_x	0	g_odom_y	0
W_X	7.23329	W_Y	-0.16015	A	-6.70677	O_X	7.23724	O_Y	-0.23603	g_odom_x	0	g_odom_y	0
W_X	7.25367	W_Y	-0.162607	A	-6.54734	O_X	7.25762	O_Y	-0.238427	g_odom_x	0	g_odom_y	0
W_X	7.27403	W_Y	-0.165004	A	-6.28461	O_X	7.27799	O_Y	-0.240765	g_odom_x	0	g_odom_y	0
W_X	7.29442	W_Y	-0.16731	A	-6.28461	O_X	7.29838	O_Y	-0.243011	g_odom_x	0	g_odom_y	0
W_X	7.31481	W_Y	-0.169615	A	-6.28461	O_X	7.31878	O_Y	-0.245257	g_odom_x	0	g_odom_y	0
W_X	7.35557	W_Y	-0.174225	A	-6.28461	O_X	7.35955	O_Y	-0.249748	g_odom_x	0	g_odom_y	0
W_X	7.37597	W_Y	-0.176532	A	-6.04602	O_X	7.37996	O_Y	-0.251995	g_odom_x	0	g_odom_y	0
W_X	7.39636	W_Y	-0.178752	A	-6.04602	O_X	7.40036	O_Y	-0.254155	g_odom_x	0	g_odom_y	0
W_X	7.41678	W_Y	-0.180989	A	-5.87446	O_X	7.42076	O_Y	-0.256316	g_odom_x	0	g_odom_y	0
W_X	7.43788	W_Y	-0.183653	A	-5.87446	O_X	7.44116	O_Y	-0.258415	g_odom_x	0	g_odom_y	0
W_X	7.45857	W_Y	-0.186023	A	-5.7212	O_X	7.46157	O_Y	-0.260515	g_odom_x	0	g_odom_y	0
W_X	7.47897	W_Y	-0.188128	A	-5.56794	O_X	7.48198	O_Y	-0.26256	g_odom_x	0	g_odom_y	0
W_X	7.51978	W_Y	-0.192229	A	-5.56794	O_X	7.5228	O_Y	-0.266539	g_odom_x	0	g_odom_y	0
W_X	7.54019	W_Y	-0.19428	A	-5.41469	O_X	7.54321	O_Y	-0.268529	g_odom_x	0	g_odom_y	0
W_X	7.56061	W_Y	-0.196276	A	-5.41469	O_X	7.56363	O_Y	-0.270465	g_odom_x	0	g_odom_y	0
W_X	7.56061	W_Y	-0.196276	A	-5.41469	O_X	7.56363	O_Y	-0.270465	g_odom_x	0	g_odom_y	0
W_X	7.60145	W_Y	-0.2002	A	-5.21878	O_X	7.60449	O_Y	-0.274267	g_odom_x	0	g_odom_y	0
W_X	7.60145	W_Y	-0.2002	A	-5.21878	O_X	7.60449	O_Y	-0.274267	g_odom_x	0	g_odom_y	0
W_X	7.62187	W_Y	-0.202126	A	-4.9377	O_X	7.62491	O_Y	-0.276133	g_odom_x	0	g_odom_y	0
W_X	7.683	W_Y	-0.206927	A	-4.65662	O_X	7.68624	O_Y	-0.281229	g_odom_x	0	g_odom_y	0
W_X	7.70342	W_Y	-0.208561	A	-4.36343	O_X	7.70668	O_Y	-0.282894	g_odom_x	0	g_odom_y	0
W_X	7.70342	W_Y	-0.208561	A	-4.36343	O_X	7.70668	O_Y	-0.282894	g_odom_x	0	g_odom_y	0
W_X	7.72387	W_Y	-0.210148	A	-4.36343	O_X	7.72713	O_Y	-0.284454	g_odom_x	0	g_odom_y	0
W_X	7.76477	W_Y	-0.213322	A	-4.0032	O_X	7.76804	O_Y	-0.287576	g_odom_x	0	g_odom_y	0
W_X	7.78523	W_Y	-0.214781	A	-3.64297	O_X	7.7885	O_Y	-0.289008	g_odom_x	0	g_odom_y	0
W_X	7.80571	W_Y	-0.216111	A	-3.64297	O_X	7.80899	O_Y	-0.290312	g_odom_x	0	g_odom_y	0
W_X	7.82617	W_Y	-0.21744	A	-3.45324	O_X	7.82945	O_Y	-0.291615	g_odom_x	0	g_odom_y	0
W_X	7.84665	W_Y	-0.218702	A	-3.45324	O_X	7.84993	O_Y	-0.29285	g_odom_x	0	g_odom_y	0
W_X	7.86853	W_Y	-0.218511	A	-3.45324	O_X	7.87041	O_Y	-0.294086	g_odom_x	0	g_odom_y	0
W_X	7.89132	W_Y	-0.217375	A	-3.29389	O_X	7.89088	O_Y	-0.295322	g_odom_x	0	g_odom_y	0
W_X	7.93226	W_Y	-0.219778	A	-3.29389	O_X	7.93183	O_Y	-0.297678	g_odom_x	0	g_odom_y	0
W_X	7.95274	W_Y	-0.22098	A	-3.29389	O_X	7.95231	O_Y	-0.298857	g_odom_x	0	g_odom_y	0
W_X	7.97323	W_Y	-0.222182	A	-3.29389	O_X	7.9728	O_Y	-0.300036	g_odom_x	0	g_odom_y	0
W_X	7.9937	W_Y	-0.223384	A	-3.29389	O_X	7.99328	O_Y	-0.301215	g_odom_x	0	g_odom_y	0
W_X	8.01421	W_Y	-0.224588	A	-3.09778	O_X	8.01378	O_Y	-0.302395	g_odom_x	0	g_odom_y	0
W_X	8.03468	W_Y	-0.225719	A	-2.93851	O_X	8.03426	O_Y	-0.303503	g_odom_x	0	g_odom_y	0
W_X	8.05515	W_Y	-0.226793	A	-2.78534	O_X	8.05473	O_Y	-0.304554	g_odom_x	0	g_odom_y	0
W_X	8.07564	W_Y	-0.227813	A	-2.78534	O_X	8.07522	O_Y	-0.305551	g_odom_x	0	g_odom_y	0
W_X	8.09664	W_Y	-0.228018	A	-2.78534	O_X	8.09571	O_Y	-0.306548	g_odom_x	0	g_odom_y	0
W_X	8.13803	W_Y	-0.229416	A	-2.78534	O_X	8.13668	O_Y	-0.308541	g_odom_x	0	g_odom_y	0
W_X	8.15852	W_Y	-0.230443	A	-2.56511	O_X	8.15717	O_Y	-0.309538	g_odom_x	0	g_odom_y	0
W_X	8.179	W_Y	-0.231392	A	-2.41186	O_X	8.17766	O_Y	-0.310456	g_odom_x	0	g_odom_y	0
W_X	8.1995	W_Y	-0.232285	A	-2.25859	O_X	8.19816	O_Y	-0.311319	g_odom_x	0	g_odom_y	0
W_X	8.21999	W_Y	-0.233124	A	-2.09923	O_X	8.21866	O_Y	-0.312128	g_odom_x	0	g_odom_y	0
W_X	8.24049	W_Y	-0.233906	A	-2.09923	O_X	8.23915	O_Y	-0.312879	g_odom_x	0	g_odom_y	0
W_X	8.26099	W_Y	-0.234688	A	-2.09923	O_X	8.25965	O_Y	-0.31363	g_odom_x	0	g_odom_y	0
W_X	8.30199	W_Y	-0.236252	A	-1.61009	O_X	8.30065	O_Y	-0.315133	g_odom_x	0	g_odom_y	0
W_X	8.32257	W_Y	-0.236356	A	-1.61009	O_X	8.32116	O_Y	-0.31571	g_odom_x	0	g_odom_y	0
W_X	8.34439	W_Y	-0.228013	A	-1.4203	O_X	8.34166	O_Y	-0.316286	g_odom_x	0	g_odom_y	0
W_X	8.36539	W_Y	-0.225167	A	-1.4203	O_X	8.36217	O_Y	-0.316794	g_odom_x	0	g_odom_y	0
W_X	8.38589	W_Y	-0.225651	A	-1.18182	O_X	8.38268	O_Y	-0.317303	g_odom_x	0	g_odom_y	0
W_X	8.4064	W_Y	-0.226049	A	-1.18182	O_X	8.40319	O_Y	-0.317726	g_odom_x	0	g_odom_y	0
W_X	8.42691	W_Y	-0.226448	A	-1.18182	O_X	8.42369	O_Y	-0.318149	g_odom_x	0	g_odom_y	0
W_X	8.46793	W_Y	-0.227246	A	-0.826583	O_X	8.46471	O_Y	-0.318995	g_odom_x	0	g_odom_y	0
W_X	8.48844	W_Y	-0.227518	A	-0.655055	O_X	8.48522	O_Y	-0.319291	g_odom_x	0	g_odom_y	0
W_X	8.50895	W_Y	-0.227728	A	-0.655055	O_X	8.50573	O_Y	-0.319526	g_odom_x	0	g_odom_y	0
W_X	8.53199	W_Y	-0.225431	A	-0.349449	O_X	8.52625	O_Y	-0.31976	g_odom_x	0	g_odom_y	0
W_X	8.55511	W_Y	-0.222876	A	-0.135301	O_X	8.54676	O_Y	-0.319885	g_odom_x	0	g_odom_y	0
W_X	8.57563	W_Y	-0.222844	A	0.0788465	O_X	8.56728	O_Y	-0.319934	g_odom_x	0	g_odom_y	0
W_X	8.59616	W_Y	-0.222735	A	0.397501	O_X	8.5878	O_Y	-0.319906	g_odom_x	0	g_odom_y	0
W_X	8.61666	W_Y	-0.222512	A	0.550757	O_X	8.60831	O_Y	-0.319763	g_odom_x	0	g_odom_y	0
W_X	8.63718	W_Y	-0.222234	A	0.550757	O_X	8.62883	O_Y	-0.319566	g_odom_x	0	g_odom_y	0
W_X	8.65769	W_Y	-0.221956	A	0.819691	O_X	8.64934	O_Y	-0.319369	g_odom_x	0	g_odom_y	0
W_X	8.6782	W_Y	-0.221582	A	0.819691	O_X	8.66985	O_Y	-0.319075	g_odom_x	0	g_odom_y	0
W_X	8.69871	W_Y	-0.221208	A	1.07032	O_X	8.69036	O_Y	-0.318782	g_odom_x	0	g_odom_y	0
W_X	8.69871	W_Y	-0.221208	A	1.07032	O_X	8.69036	O_Y	-0.318782	g_odom_x	0	g_odom_y	0
W_X	8.7619	W_Y	-0.218552	A	1.32096	O_X	8.75188	O_Y	-0.317453	g_odom_x	0	g_odom_y	0
W_X	8.7619	W_Y	-0.218552	A	1.32096	O_X	8.75188	O_Y	-0.317453	g_odom_x	0	g_odom_y	0
W_X	8.80377	W_Y	-0.216885	A	1.32096	O_X	8.79291	O_Y	-0.316507	g_odom_x	0	g_odom_y	0
W_X	8.82426	W_Y	-0.216327	A	1.48634	O_X	8.8134	O_Y	-0.316034	g_odom_x	0	g_odom_y	0
W_X	8.84476	W_Y	-0.215708	A	1.48634	O_X	8.8339	O_Y	-0.315503	g_odom_x	0	g_odom_y	0
W_X	8.86526	W_Y	-0.21509	A	1.75525	O_X	8.85441	O_Y	-0.31497	g_odom_x	0	g_odom_y	0
W_X	8.88576	W_Y	-0.214375	A	2.02417	O_X	8.87491	O_Y	-0.314342	g_odom_x	0	g_odom_y	0
W_X	8.92676	W_Y	-0.212753	A	2.48897	O_X	8.91591	O_Y	-0.312893	g_odom_x	0	g_odom_y	0
W_X	8.94725	W_Y	-0.211776	A	2.64223	O_X	8.93641	O_Y	-0.312002	g_odom_x	0	g_odom_y	0
W_X	8.9675	W_Y	-0.209864	A	2.93552	O_X	8.9569	O_Y	-0.311057	g_odom_x	0	g_odom_y	0
W_X	8.98661	W_Y	-0.20376	A	2.93552	O_X	8.97738	O_Y	-0.310006	g_odom_x	0	g_odom_y	0
W_X	9.00684	W_Y	-0.201695	A	3.08878	O_X	8.99787	O_Y	-0.308956	g_odom_x	0	g_odom_y	0
W_X	9.02732	W_Y	-0.200449	A	3.29684	O_X	9.01835	O_Y	-0.30785	g_odom_x	0	g_odom_y	0
W_X	9.04779	W_Y	-0.199129	A	3.50489	O_X	9.03883	O_Y	-0.30667	g_odom_x	0	g_odom_y	0
W_X	9.08872	W_Y	-0.19634	A	3.50489	O_X	9.07978	O_Y	-0.304162	g_odom_x	0	g_odom_y	0
W_X	9.10919	W_Y	-0.194946	A	3.70685	O_X	9.10026	O_Y	-0.302908	g_odom_x	0	g_odom_y	0
W_X	9.12965	W_Y	-0.193479	A	3.70685	O_X	9.12073	O_Y	-0.301582	g_odom_x	0	g_odom_y	0
W_X	9.15012	W_Y	-0.192012	A	3.86625	O_X	9.1412	O_Y	-0.300256	g_odom_x	0	g_odom_y	0
W_X	9.17057	W_Y	-0.190489	A	3.86625	O_X	9.16167	O_Y	-0.298873	g_odom_x	0	g_odom_y	0
W_X	9.19326	W_Y	-0.18448	A	3.86625	O_X	9.18212	O_Y	-0.29749	g_odom_x	0	g_odom_y	0
W_X	9.21791	W_Y	-0.17436	A	3.86625	O_X	9.2026	O_Y	-0.296106	g_odom_x	0	g_odom_y	0
W_X	9.23836	W_Y	-0.172744	A	4.16556	O_X	9.22306	O_Y	-0.294723	g_odom_x	0	g_odom_y	0
W_X	9.2588	W_Y	-0.17102	A	4.16556	O_X	9.24353	O_Y	-0.293233	g_odom_x	0	g_odom_y	0
W_X	9.27924	W_Y	-0.169297	A	4.48317	O_X	9.26399	O_Y	-0.291743	g_odom_x	0	g_odom_y	0
W_X	9.32009	W_Y	-0.165624	A	4.48317	O_X	9.30488	O_Y	-0.288537	g_odom_x	0	g_odom_y	0
W_X	9.34053	W_Y	-0.163787	A	4.48317	O_X	9.32533	O_Y	-0.286933	g_odom_x	0	g_odom_y	0
W_X	9.36096	W_Y	-0.161951	A	4.48317	O_X	9.34578	O_Y	-0.28533	g_odom_x	0	g_odom_y	0
W_X	9.3814	W_Y	-0.160113	A	4.96008	O_X	9.36624	O_Y	-0.283726	g_odom_x	0	g_odom_y	0
W_X	9.40181	W_Y	-0.158107	A	4.96008	O_X	9.38667	O_Y	-0.281952	g_odom_x	0	g_odom_y	0
W_X	9.42515	W_Y	-0.148621	A	5.16813	O_X	9.40711	O_Y	-0.280179	g_odom_x	0	g_odom_y	0
W_X	9.44795	W_Y	-0.140254	A	5.16813	O_X	9.42754	O_Y	-0.278331	g_odom_x	0	g_odom_y	0
W_X	9.46836	W_Y	-0.138101	A	5.35186	O_X	9.44797	O_Y	-0.276483	g_odom_x	0	g_odom_y	0
W_X	9.48875	W_Y	-0.135884	A	5.35186	O_X	9.46839	O_Y	-0.27457	g_odom_x	0	g_odom_y	0
W_X	9.50913	W_Y	-0.133667	A	5.35186	O_X	9.48881	O_Y	-0.272657	g_odom_x	0	g_odom_y	0
W_X	9.54992	W_Y	-0.129233	A	5.79231	O_X	9.52966	O_Y	-0.26883	g_odom_x	0	g_odom_y	0
W_X	9.5703	W_Y	-0.126858	A	5.79231	O_X	9.55007	O_Y	-0.26676	g_odom_x	0	g_odom_y	0
W_X	9.59067	W_Y	-0.124484	A	5.79231	O_X	9.57048	O_Y	-0.26469	g_odom_x	0	g_odom_y	0
W_X	9.61105	W_Y	-0.12211	A	5.99427	O_X	9.59089	O_Y	-0.262619	g_odom_x	0	g_odom_y	0
W_X	9.63143	W_Y	-0.119598	A	6.14754	O_X	9.61129	O_Y	-0.260477	g_odom_x	0	g_odom_y	0
W_X	9.6523	W_Y	-0.11452	A	6.14754	O_X	9.63168	O_Y	-0.25828	g_odom_x	0	g_odom_y	0
W_X	9.67282	W_Y	-0.111131	A	6.14754	O_X	9.65208	O_Y	-0.256084	g_odom_x	0	g_odom_y	0
W_X	9.71353	W_Y	-0.106054	A	6.75843	O_X	9.69287	O_Y	-0.25169	g_odom_x	0	g_odom_y	0
W_X	9.73386	W_Y	-0.103299	A	6.92386	O_X	9.71324	O_Y	-0.249276	g_odom_x	0	g_odom_y	0
W_X	9.75418	W_Y	-0.100485	A	7.12585	O_X	9.73361	O_Y	-0.246803	g_odom_x	0	g_odom_y	0
W_X	9.77449	W_Y	-0.0975998	A	7.12585	O_X	9.75396	O_Y	-0.244259	g_odom_x	0	g_odom_y	0
W_X	9.7948	W_Y	-0.0947142	A	7.35217	O_X	9.77431	O_Y	-0.241714	g_odom_x	0	g_odom_y	0
W_X	9.81509	W_Y	-0.0917481	A	7.35217	O_X	9.79466	O_Y	-0.239089	g_odom_x	0	g_odom_y	0
W_X	9.83539	W_Y	-0.088782	A	7.35217	O_X	9.815	O_Y	-0.236464	g_odom_x	0	g_odom_y	0
W_X	9.87732	W_Y	-0.0799887	A	7.93869	O_X	9.85569	O_Y	-0.231214	g_odom_x	0	g_odom_y	0
W_X	9.90247	W_Y	-0.0661466	A	7.93869	O_X	9.87601	O_Y	-0.22838	g_odom_x	0	g_odom_y	0
W_X	9.92319	W_Y	-0.0618146	A	8.18336	O_X	9.89631	O_Y	-0.225549	g_odom_x	0	g_odom_y	0
W_X	9.94343	W_Y	-0.0584737	A	8.18336	O_X	9.91662	O_Y	-0.222629	g_odom_x	0	g_odom_y	0
W_X	9.96366	W_Y	-0.0551339	A	8.18336	O_X	9.93691	O_Y	-0.219711	g_odom_x	0	g_odom_y	0
W_X	9.9839	W_Y	-0.0517928	A	8.18336	O_X	9.95722	O_Y	-0.216791	g_odom_x	0	g_odom_y	0
W_X	10.0042	W_Y	-0.0484503	A	8.18336	O_X	9.97753	O_Y	-0.21387	g_odom_x	0	g_odom_y	0
W_X	10.0244	W_Y	-0.0451093	A	8.18336	O_X	9.99783	O_Y	-0.21095	g_odom_x	0	g_odom_y	0
W_X	10.0446	W_Y	-0.0417682	A	8.3488	O_X	10.0181	O_Y	-0.20803	g_odom_x	0	g_odom_y	0
W_X	10.0649	W_Y	-0.0383686	A	8.3488	O_X	10.0384	O_Y	-0.205051	g_odom_x	0	g_odom_y	0
W_X	10.0872	W_Y	-0.0324187	A	8.55076	O_X	10.0587	O_Y	-0.202073	g_odom_x	0	g_odom_y	0
W_X	10.1109	W_Y	-0.0245858	A	8.55076	O_X	10.079	O_Y	-0.199023	g_odom_x	0	g_odom_y	0
W_X	10.1311	W_Y	-0.0210461	A	8.55076	O_X	10.0993	O_Y	-0.195973	g_odom_x	0	g_odom_y	0
W_X	10.1715	W_Y	-0.0139669	A	8.99121	O_X	10.1399	O_Y	-0.189873	g_odom_x	0	g_odom_y	0
W_X	10.1917	W_Y	-0.0102722	A	8.99121	O_X	10.1601	O_Y	-0.186667	g_odom_x	0	g_odom_y	0
W_X	10.2119	W_Y	-0.00657738	A	8.99121	O_X	10.1804	O_Y	-0.183461	g_odom_x	0	g_odom_y	0
W_X	10.232	W_Y	-0.00288246	A	8.99121	O_X	10.2007	O_Y	-0.180255	g_odom_x	0	g_odom_y	0
W_X	10.2522	W_Y	0.000812353	A	8.99121	O_X	10.2209	O_Y	-0.177049	g_odom_x	0	g_odom_y	0
W_X	10.2724	W_Y	0.0045072	A	8.99121	O_X	10.2412	O_Y	-0.173843	g_odom_x	0	g_odom_y	0
W_X	10.2926	W_Y	0.00820205	A	8.99121	O_X	10.2614	O_Y	-0.170638	g_odom_x	0	g_odom_y	0
W_X	10.3329	W_Y	0.0155917	A	8.38471	O_X	10.302	O_Y	-0.164226	g_odom_x	0	g_odom_y	0
W_X	10.3527	W_Y	0.0204238	A	8.1545	O_X	10.3223	O_Y	-0.161235	g_odom_x	0	g_odom_y	0
W_X	10.372	W_Y	0.0266961	A	8.1545	O_X	10.3426	O_Y	-0.158325	g_odom_x	0	g_odom_y	0
W_X	10.3922	W_Y	0.0301277	A	8.1545	O_X	10.3629	O_Y	-0.155415	g_odom_x	0	g_odom_y	0
W_X	10.4124	W_Y	0.0335584	A	8.31383	O_X	10.3832	O_Y	-0.152506	g_odom_x	0	g_odom_y	0
W_X	10.4326	W_Y	0.0370462	A	8.31383	O_X	10.4035	O_Y	-0.14954	g_odom_x	0	g_odom_y	0
W_X	10.4529	W_Y	0.0405339	A	8.31383	O_X	10.4238	O_Y	-0.146573	g_odom_x	0	g_odom_y	0
W_X	10.4933	W_Y	0.0475091	A	8.31383	O_X	10.4644	O_Y	-0.140641	g_odom_x	0	g_odom_y	0
W_X	10.5135	W_Y	0.0509966	A	8.15666	O_X	10.4847	O_Y	-0.137675	g_odom_x	0	g_odom_y	0
W_X	10.5333	W_Y	0.0549626	A	8.15666	O_X	10.505	O_Y	-0.134765	g_odom_x	0	g_odom_y	0
W_X	10.5507	W_Y	0.0621875	A	7.9082	O_X	10.5253	O_Y	-0.131854	g_odom_x	0	g_odom_y	0
W_X	10.5701	W_Y	0.066687	A	7.9082	O_X	10.5456	O_Y	-0.129032	g_odom_x	0	g_odom_y	0
W_X	10.5904	W_Y	0.0700591	A	7.9082	O_X	10.5659	O_Y	-0.126211	g_odom_x	0	g_odom_y	0
W_X	10.6109	W_Y	0.0734765	A	7.9082	O_X	10.5865	O_Y	-0.123352	g_odom_x	0	g_odom_y	0
W_X	10.6308	W_Y	0.0768069	A	7.9082	O_X	10.6065	O_Y	-0.120565	g_odom_x	0	g_odom_y	0
W_X	10.6511	W_Y	0.0801802	A	7.75712	O_X	10.6269	O_Y	-0.117743	g_odom_x	0	g_odom_y	0
W_X	10.6713	W_Y	0.0835001	A	7.75712	O_X	10.6472	O_Y	-0.114974	g_odom_x	0	g_odom_y	0
W_X	10.7118	W_Y	0.090139	A	7.44158	O_X	10.6878	O_Y	-0.109437	g_odom_x	0	g_odom_y	0
W_X	10.7321	W_Y	0.093348	A	7.16873	O_X	10.7082	O_Y	-0.10678	g_odom_x	0	g_odom_y	0
W_X	10.7521	W_Y	0.0981482	A	6.89587	O_X	10.7285	O_Y	-0.104221	g_odom_x	0	g_odom_y	0
W_X	10.7719	W_Y	0.105452	A	6.52075	O_X	10.7489	O_Y	-0.101756	g_odom_x	0	g_odom_y	0
W_X	10.7923	W_Y	0.108379	A	6.36359	O_X	10.7693	O_Y	-0.0994271	g_odom_x	0	g_odom_y	0
W_X	10.8126	W_Y	0.111254	A	6.15149	O_X	10.7897	O_Y	-0.0971513	g_odom_x	0	g_odom_y	0
W_X	10.8329	W_Y	0.11405	A	6.15149	O_X	10.8101	O_Y	-0.0949539	g_odom_x	0	g_odom_y	0
W_X	10.8532	W_Y	0.116848	A	6.15149	O_X	10.8305	O_Y	-0.0927555	g_odom_x	0	g_odom_y	0
W_X	10.8735	W_Y	0.119644	A	5.94565	O_X	10.8509	O_Y	-0.0905575	g_odom_x	0	g_odom_y	0
W_X	10.8939	W_Y	0.122368	A	5.73982	O_X	10.8713	O_Y	-0.0884329	g_odom_x	0	g_odom_y	0
W_X	10.9346	W_Y	0.12767	A	5.73982	O_X	10.9121	O_Y	-0.0843299	g_odom_x	0	g_odom_y	0
W_X	10.9549	W_Y	0.130321	A	5.73982	O_X	10.9325	O_Y	-0.0822782	g_odom_x	0	g_odom_y	0
W_X	10.9753	W_Y	0.135381	A	5.53396	O_X	10.9529	O_Y	-0.0802266	g_odom_x	0	g_odom_y	0
W_X	10.9956	W_Y	0.140878	A	5.53396	O_X	10.9733	O_Y	-0.0782484	g_odom_x	0	g_odom_y	0
W_X	11.016	W_Y	0.143503	A	5.34634	O_X	10.9937	O_Y	-0.0762699	g_odom_x	0	g_odom_y	0
section	ahead	liner											
W_X	11.3869	W_Y	0.185301	A	3.79549	O_X	11.1573	O_Y	-0.0629566	g_odom_x	0	g_odom_y	0
W_X	11.4071	W_Y	0.187726	A	3.11088	O_X	11.3825	O_Y	-0.0488111	g_odom_x	0	g_odom_y	0
W_X	11.4263	W_Y	0.194695	A	2.89286	O_X	11.403	O_Y	-0.0476979	g_odom_x	0	g_odom_y	0
W_X	11.4454	W_Y	0.197532	A	2.89286	O_X	11.4224	O_Y	-0.0467171	g_odom_x	0	g_odom_y	0
W_X	11.4647	W_Y	0.199183	A	2.58958	O_X	11.4418	O_Y	-0.0457362	g_odom_x	0	g_odom_y	0
W_X	11.4836	W_Y	0.200688	A	2.32896	O_X	11.4607	O_Y	-0.0448827	g_odom_x	0	g_odom_y	0
W_X	11.5024	W_Y	0.202107	A	2.06833	O_X	11.4795	O_Y	-0.0441149	g_odom_x	0	g_odom_y	0
W_X	11.5401	W_Y	0.204775	A	2.06833	O_X	11.5173	O_Y	-0.0427511	g_odom_x	0	g_odom_y	0
W_X	11.559	W_Y	0.206109	A	1.68592	O_X	11.5362	O_Y	-0.0420692	g_odom_x	0	g_odom_y	0
W_X	11.5778	W_Y	0.207317	A	1.68592	O_X	11.5551	O_Y	-0.0415133	g_odom_x	0	g_odom_y	0
W_X	11.5961	W_Y	0.208491	A	1.68592	O_X	11.5734	O_Y	-0.0409733	g_odom_x	0	g_odom_y	0
W_X	11.6146	W_Y	0.210643	A	1.27919	O_X	11.5918	O_Y	-0.0404333	g_odom_x	0	g_odom_y	0
W_X	11.6333	W_Y	0.213489	A	1.27919	O_X	11.6101	O_Y	-0.0400236	g_odom_x	0	g_odom_y	0
W_X	11.6516	W_Y	0.214517	A	1.27919	O_X	11.6285	O_Y	-0.0396139	g_odom_x	0	g_odom_y	0
W_X	11.6883	W_Y	0.216573	A	0.867475	O_X	11.6652	O_Y	-0.0387944	g_odom_x	0	g_odom_y	0
W_X	11.7061	W_Y	0.217444	A	0.867475	O_X	11.683	O_Y	-0.0385245	g_odom_x	0	g_odom_y	0
W_X	11.7238	W_Y	0.218313	A	0.600922	O_X	11.7008	O_Y	-0.038255	g_odom_x	0	g_odom_y	0
W_X	11.7416	W_Y	0.2191	A	0.425491	O_X	11.7186	O_Y	-0.0380682	g_odom_x	0	g_odom_y	0
W_X	11.7589	W_Y	0.219811	A	0.170932	O_X	11.7359	O_Y	-0.0379399	g_odom_x	0	g_odom_y	0
W_X	11.7762	W_Y	0.220444	A	-0.107976	O_X	11.7531	O_Y	-0.0378883	g_odom_x	0	g_odom_y	0
W_X	11.7934	W_Y	0.220994	A	-0.386884	O_X	11.7704	O_Y	-0.0379209	g_odom_x	0	g_odom_y	0
W_X	11.8279	W_Y	0.225206	A	-1.06642	O_X	11.805	O_Y	-0.0381542	g_odom_x	0	g_odom_y	0
section	ahead	liner											
section	Arc	ahead											
X	11.9215	Y	-0.0412626	A	-1.72326	g_odom_x	0	g_odom_y	0				
X	12.122	Y	-0.0517549	A	-4.61955	g_odom_x	0	g_odom_y	0				
X	12.1823	Y	-0.0569774	A	-5.84462	g_odom_x	0	g_odom_y	0				
X	12.2113	Y	-0.0599025	A	-4.38765	g_odom_x	0	g_odom_y	0				
X	12.2403	Y	-0.0619208	A	-2.50448	g_odom_x	0	g_odom_y	0				
X	12.284	Y	-0.0635646	A	0.0306118	g_odom_x	0	g_odom_y	0				
X	12.3277	Y	-0.0628174	A	3.1079	g_odom_x	0	g_odom_y	0				
X	12.3568	Y	-0.0610228	A	4.91799	g_odom_x	0	g_odom_y	0				
X	12.4148	Y	-0.0550818	A	8.556	g_odom_x	0	g_odom_y	0				
X	12.4436	Y	-0.0505099	A	10.415	g_odom_x	0	g_odom_y	0				
X	12.4717	Y	-0.0451337	A	12.1092	g_odom_x	0	g_odom_y	0				
X	12.5126	Y	-0.0352009	A	15.8509	g_odom_x	0	g_odom_y	0				
X	12.5398	Y	-0.0272626	A	17.7487	g_odom_x	0	g_odom_y	0				
X	12.566	Y	-0.0186257	A	19.5735	g_odom_x	0	g_odom_y	0				
X	12.6185	Y	0.00127468	A	23.3699	g_odom_x	0	g_odom_y	0				
X	12.6569	Y	0.0186271	A	26.2279	g_odom_x	0	g_odom_y	0				
X	12.7067	Y	0.0444748	A	30.1645	g_odom_x	0	g_odom_y	0				
X	12.7418	Y	0.0657609	A	33.3936	g_odom_x	0	g_odom_y	0				
X	12.7753	Y	0.0884434	A	36.8176	g_odom_x	0	g_odom_y	0				
X	12.8072	Y	0.113408	A	40.394	g_odom_x	0	g_odom_y	0				
X	12.8275	Y	0.131089	A	42.5873	g_odom_x	0	g_odom_y	0				
X	12.9315	Y	0.254615	A	58.4085	g_odom_x	0	g_odom_y	0				
X	12.9449	Y	0.276826	A	60.8576	g_odom_x	0	g_odom_y	0				
X	12.9625	Y	0.309625	A	63.4285	g_odom_x	0	g_odom_y	0				
X	12.973	Y	0.332096	A	67.8813	g_odom_x	0	g_odom_y	0				
X	12.9848	Y	0.36343	A	72.888	g_odom_x	0	g_odom_y	0				
X	12.9949	Y	0.399261	A	76.6737	g_odom_x	0	g_odom_y	0				
X	13.0003	Y	0.426255	A	81.7916	g_odom_x	0	g_odom_y	0				
X	13.0061	Y	0.472856	A	84.674	g_odom_x	0	g_odom_y	0				
X	13.0103	Y	0.523416	A	85.4054	g_odom_x	0	g_odom_y	0				
section	amcl_linear_Y_ahead												
W_X	12.9996	W_Y	1.14965	A	86.2609	O_X	13.0151	O_Y	0.590712	g_odom_x	0	g_odom_y	0
W_X	12.9998	W_Y	1.1664	A	86.2609	O_X	13.0271	O_Y	0.774423	g_odom_x	0	g_odom_y	0
W_X	13	W_Y	1.18313	A	86.2609	O_X	13.0282	O_Y	0.791122	g_odom_x	0	g_odom_y	0
W_X	13.0001	W_Y	1.19933	A	86.2609	O_X	13.0293	O_Y	0.807285	g_odom_x	0	g_odom_y	0
W_X	13.0003	W_Y	1.21606	A	86.049	O_X	13.0304	O_Y	0.823981	g_odom_x	0	g_odom_y	0
W_X	13.0001	W_Y	1.2334	A	85.831	O_X	13.0315	O_Y	0.840675	g_odom_x	0	g_odom_y	0
W_X	12.9962	W_Y	1.25665	A	85.613	O_X	13.0328	O_Y	0.857364	g_odom_x	0	g_odom_y	0
W_X	12.9955	W_Y	1.29217	A	86.1143	O_X	13.0353	O_Y	0.890735	g_odom_x	0	g_odom_y	0
W_X	12.9957	W_Y	1.3089	A	85.9267	O_X	13.0364	O_Y	0.90743	g_odom_x	0	g_odom_y	0
W_X	12.9959	W_Y	1.3251	A	85.9267	O_X	13.0376	O_Y	0.923585	g_odom_x	0	g_odom_y	0
W_X	12.9961	W_Y	1.34182	A	85.9267	O_X	13.0388	O_Y	0.940267	g_odom_x	0	g_odom_y	0
W_X	12.9964	W_Y	1.35855	A	85.9267	O_X	13.04	O_Y	0.956957	g_odom_x	0	g_odom_y	0
W_X	12.9966	W_Y	1.37528	A	85.9267	O_X	13.0412	O_Y	0.97365	g_odom_x	0	g_odom_y	0
W_X	12.9968	W_Y	1.39202	A	85.9267	O_X	13.0423	O_Y	0.990343	g_odom_x	0	g_odom_y	0
W_X	12.9973	W_Y	1.42548	A	85.9267	O_X	13.0447	O_Y	1.02373	g_odom_x	0	g_odom_y	0
W_X	12.9975	W_Y	1.44222	A	86.0982	O_X	13.0459	O_Y	1.04042	g_odom_x	0	g_odom_y	0
W_X	12.9977	W_Y	1.45895	A	86.0982	O_X	13.0471	O_Y	1.05712	g_odom_x	0	g_odom_y	0
W_X	12.9935	W_Y	1.48319	A	86.0982	O_X	13.0482	O_Y	1.07381	g_odom_x	0	g_odom_y	0
W_X	12.9915	W_Y	1.50363	A	86.0982	O_X	13.0493	O_Y	1.09051	g_odom_x	0	g_odom_y	0
section	amcl_linear_Y_ahead												
W_X	12.9863	W_Y	1.76952	A	86.0982	O_X	13.0539	O_Y	1.15729	g_odom_x	0	g_odom_y	0
W_X	12.9864	W_Y	1.78625	A	86.0982	O_X	13.0676	O_Y	1.35763	g_odom_x	0	g_odom_y	0
W_X	12.9864	W_Y	1.78625	A	86.0982	O_X	13.0676	O_Y	1.35763	g_odom_x	0	g_odom_y	0
W_X	12.9865	W_Y	1.81971	A	86.0982	O_X	13.0698	O_Y	1.39102	g_odom_x	0	g_odom_y	0
W_X	12.9866	W_Y	1.83591	A	86.0982	O_X	13.0709	O_Y	1.40718	g_odom_x	0	g_odom_y	0
W_X	12.9867	W_Y	1.85211	A	86.0982	O_X	13.072	O_Y	1.42334	g_odom_x	0	g_odom_y	0
W_X	12.9869	W_Y	1.88504	A	86.2039	O_X	13.0743	O_Y	1.45619	g_odom_x	0	g_odom_y	0
W_X	12.987	W_Y	1.90177	A	86.0406	O_X	13.0754	O_Y	1.47289	g_odom_x	0	g_odom_y	0
W_X	12.9854	W_Y	1.92255	A	85.8774	O_X	13.0766	O_Y	1.48958	g_odom_x	0	g_odom_y	0
W_X	12.9854	W_Y	1.92255	A	85.8774	O_X	13.0766	O_Y	1.48958	g_odom_x	0	g_odom_y	0
W_X	12.9819	W_Y	1.98177	A	86.2326	O_X	13.0801	O_Y	1.53966	g_odom_x	0	g_odom_y	0
W_X	12.9819	W_Y	1.99851	A	86.2326	O_X	13.0812	O_Y	1.55636	g_odom_x	0	g_odom_y	0
W_X	12.9819	W_Y	2.01524	A	86.2326	O_X	13.0823	O_Y	1.57306	g_odom_x	0	g_odom_y	0
W_X	12.9819	W_Y	2.03144	A	86.2326	O_X	13.0834	O_Y	1.58922	g_odom_x	0	g_odom_y	0
W_X	12.982	W_Y	2.04817	A	86.0572	O_X	13.0845	O_Y	1.60591	g_odom_x	0	g_odom_y	0
W_X	12.9821	W_Y	2.0649	A	85.8818	O_X	13.0856	O_Y	1.62261	g_odom_x	0	g_odom_y	0
W_X	12.9821	W_Y	2.0649	A	85.8818	O_X	13.0856	O_Y	1.62261	g_odom_x	0	g_odom_y	0
W_X	12.9823	W_Y	2.09837	A	85.8818	O_X	13.088	O_Y	1.65599	g_odom_x	0	g_odom_y	0
W_X	12.9826	W_Y	2.13184	A	85.8818	O_X	13.0904	O_Y	1.68937	g_odom_x	0	g_odom_y	0
W_X	12.981	W_Y	2.15188	A	85.8818	O_X	13.0916	O_Y	1.70605	g_odom_x	0	g_odom_y	0
W_X	12.9758	W_Y	2.17847	A	85.8818	O_X	13.0928	O_Y	1.72274	g_odom_x	0	g_odom_y	0
W_X	12.9753	W_Y	2.19629	A	85.8818	O_X	13.094	O_Y	1.73944	g_odom_x	0	g_odom_y	0
W_X	12.9754	W_Y	2.21302	A	85.8818	O_X	13.0952	O_Y	1.75613	g_odom_x	0	g_odom_y	0
W_X	12.9755	W_Y	2.22977	A	85.8818	O_X	13.0964	O_Y	1.77283	g_odom_x	0	g_odom_y	0
W_X	12.9756	W_Y	2.2465	A	86.1567	O_X	13.0976	O_Y	1.78952	g_odom_x	0	g_odom_y	0
W_X	12.9756	W_Y	2.26324	A	85.8718	O_X	13.0987	O_Y	1.80622	g_odom_x	0	g_odom_y	0
W_X	12.9757	W_Y	2.27997	A	86.165	O_X	13.0999	O_Y	1.8229	g_odom_x	0	g_odom_y	0
W_X	12.9757	W_Y	2.29671	A	86.165	O_X	13.1011	O_Y	1.8396	g_odom_x	0	g_odom_y	0
W_X	12.9757	W_Y	2.31344	A	86.165	O_X	13.1022	O_Y	1.8563	g_odom_x	0	g_odom_y	0
W_X	12.9757	W_Y	2.34691	A	85.7533	O_X	13.1044	O_Y	1.8897	g_odom_x	0	g_odom_y	0
W_X	12.9744	W_Y	2.36559	A	85.7533	O_X	13.1057	O_Y	1.90639	g_odom_x	0	g_odom_y	0
W_X	12.9652	W_Y	2.39521	A	85.7533	O_X	13.1069	O_Y	1.92307	g_odom_x	0	g_odom_y	0
W_X	12.9633	W_Y	2.4145	A	85.7533	O_X	13.1081	O_Y	1.93976	g_odom_x	0	g_odom_y	0
W_X	12.9633	W_Y	2.4307	A	85.7533	O_X	13.1093	O_Y	1.95591	g_odom_x	0	g_odom_y	0
W_X	12.9633	W_Y	2.44691	A	85.7533	O_X	13.1105	O_Y	1.97208	g_odom_x	0	g_odom_y	0
W_X	12.9633	W_Y	2.46312	A	85.7533	O_X	13.1117	O_Y	1.98824	g_odom_x	0	g_odom_y	0
W_X	12.9634	W_Y	2.49656	A	85.3053	O_X	13.1142	O_Y	2.02159	g_odom_x	0	g_odom_y	0
W_X	12.9635	W_Y	2.51329	A	85.3053	O_X	13.1156	O_Y	2.03827	g_odom_x	0	g_odom_y	0
W_X	12.9637	W_Y	2.53002	A	85.3053	O_X	13.117	O_Y	2.05495	g_odom_x	0	g_odom_y	0
W_X	12.9639	W_Y	2.54676	A	85.3053	O_X	13.1183	O_Y	2.07163	g_odom_x	0	g_odom_y	0
W_X	12.964	W_Y	2.56349	A	85.3053	O_X	13.1197	O_Y	2.0883	g_odom_x	0	g_odom_y	0
W_X	12.9641	W_Y	2.58035	A	85.3053	O_X	13.1211	O_Y	2.10498	g_odom_x	0	g_odom_y	0
W_X	12.9624	W_Y	2.60077	A	85.3053	O_X	13.1224	O_Y	2.12166	g_odom_x	0	g_odom_y	0
W_X	12.962	W_Y	2.63543	A	85.3053	O_X	13.1252	O_Y	2.15502	g_odom_x	0	g_odom_y	0
W_X	12.9622	W_Y	2.65217	A	85.3053	O_X	13.1265	O_Y	2.1717	g_odom_x	0	g_odom_y	0
W_X	12.9623	W_Y	2.6689	A	85.5255	O_X	13.1279	O_Y	2.18838	g_odom_x	0	g_odom_y	0
W_X	12.9624	W_Y	2.68564	A	85.3501	O_X	13.1292	O_Y	2.20506	g_odom_x	0	g_odom_y	0
W_X	12.9625	W_Y	2.70237	A	85.3501	O_X	13.1306	O_Y	2.22174	g_odom_x	0	g_odom_y	0
W_X	12.9626	W_Y	2.71911	A	85.3501	O_X	13.1319	O_Y	2.23842	g_odom_x	0	g_odom_y	0
W_X	12.9627	W_Y	2.73584	A	85.3501	O_X	13.1333	O_Y	2.2551	g_odom_x	0	g_odom_y	0
W_X	12.963	W_Y	2.7693	A	85.3501	O_X	13.136	O_Y	2.28845	g_odom_x	0	g_odom_y	0
W_X	12.9631	W_Y	2.78603	A	85.3501	O_X	13.1374	O_Y	2.30513	g_odom_x	0	g_odom_y	0
W_X	12.9632	W_Y	2.80277	A	85.3501	O_X	13.1387	O_Y	2.32181	g_odom_x	0	g_odom_y	0
W_X	12.9573	W_Y	2.82832	A	85.3501	O_X	13.1401	O_Y	2.33849	g_odom_x	0	g_odom_y	0
W_X	12.9549	W_Y	2.84861	A	85.3501	O_X	13.1414	O_Y	2.35517	g_odom_x	0	g_odom_y	0
W_X	12.955	W_Y	2.86534	A	85.3501	O_X	13.1428	O_Y	2.37185	g_odom_x	0	g_odom_y	0
W_X	12.9551	W_Y	2.88154	A	85.3501	O_X	13.1441	O_Y	2.38799	g_odom_x	0	g_odom_y	0
W_X	12.9551	W_Y	2.89828	A	85.3501	O_X	13.1455	O_Y	2.40468	g_odom_x	0	g_odom_y	0
W_X	12.9552	W_Y	2.91501	A	85.3501	O_X	13.1468	O_Y	2.42136	g_odom_x	0	g_odom_y	0
W_X	12.9553	W_Y	2.93174	A	85.3501	O_X	13.1482	O_Y	2.43803	g_odom_x	0	g_odom_y	0
W_X	12.9554	W_Y	2.94848	A	85.3501	O_X	13.1495	O_Y	2.45472	g_odom_x	0	g_odom_y	0
W_X	12.9554	W_Y	2.96521	A	85.3501	O_X	13.1509	O_Y	2.47139	g_odom_x	0	g_odom_y	0
W_X	12.9555	W_Y	2.98194	A	85.3501	O_X	13.1522	O_Y	2.48807	g_odom_x	0	g_odom_y	0
W_X	12.9557	W_Y	3.01541	A	85.3501	O_X	13.155	O_Y	2.52143	g_odom_x	0	g_odom_y	0
section	amcl_linear_Y_ahead												
W_X	12.9597	W_Y	3.06317	A	-97.9811	O_X	13.1577	O_Y	2.5548	g_odom_x	0	g_odom_y	0
section	amcl_linear_Y_ahead												
W_X	12.9495	W_Y	2.94213	A	-97.9811	O_X	13.1543	O_Y	2.53075	g_odom_x	0	g_odom_y	0
section	Arc	ahead											
X	13.1162	Y	2.29415	A	-100.06								
X	13.0927	Y	2.16565	A	-100.56								
X	13.0865	Y	2.13275	A	-100.935								
X	13.0735	Y	2.06709	A	-101.692								
X	13.0667	Y	2.03433	A	-102.159								
X	13.0596	Y	2.00161	A	-102.522								
X	13.0486	Y	1.95263	A	-103.152								
X	13.0409	Y	1.92006	A	-103.758								
X	13.0328	Y	1.88757	A	-104.347								
X	13.0203	Y	1.83897	A	-105.068								
X	13.0115	Y	1.80667	A	-105.522								
X	12.998	Y	1.7583	A	-105.704								
X	12.989	Y	1.72607	A	-105.704								
X	12.9751	Y	1.67775	A	-106.45								
X	12.9656	Y	1.6458	A	-106.891								
X	12.946	Y	1.58183	A	-107.817								
X	12.9357	Y	1.54998	A	-108.356								
X	12.9142	Y	1.48659	A	-109.423								
X	12.903	Y	1.45504	A	-109.969								
X	12.8916	Y	1.42359	A	-110.278								
X	12.88	Y	1.3922	A	-110.278								
X	12.8566	Y	1.32945	A	-110.709								
X	12.8447	Y	1.29817	A	-111.2								
X	12.8205	Y	1.23577	A	-112.099								
X	12.8079	Y	1.20478	A	-112.638								
X	12.7949	Y	1.17394	A	-113.549								
X	12.7814	Y	1.14331	A	-114.399								
X	12.7676	Y	1.11282	A	-114.148								
X	12.7538	Y	1.08231	A	-114.798								
X	12.7398	Y	1.05192	A	-114.798								
X	12.7113	Y	0.991341	A	-116.053								
X	12.6965	Y	0.961311	A	-116.574								
X	12.6815	Y	0.931409	A	-117.059								
X	12.6507	Y	0.871957	A	-118.175								
X	12.6349	Y	0.842474	A	-118.654								
X	12.6028	Y	0.783745	A	-119.406								
X	12.5946	Y	0.769166	A	-119.406								
X	12.5697	Y	0.72558	A	-120.322								
X	12.5612	Y	0.711132	A	-120.601								
X	12.5441	Y	0.682359	A	-121.657								
X	12.5265	Y	0.653911	A	-122.227								
X	12.5086	Y	0.625638	A	-122.876								
X	12.4811	Y	0.5836	A	-123.962								
X	12.4623	Y	0.555898	A	-124.635								
X	12.4433	Y	0.528403	A	-125.193								
X	12.4043	Y	0.473968	A	-125.812								
X	12.3846	Y	0.446899	A	-126.382								
X	12.3647	Y	0.42002	A	-127.025								
X	12.3445	Y	0.39333	A	-127.449								
X	12.3138	Y	0.353618	A	-128.499								
X	12.2929	Y	0.327481	A	-129.05								
X	12.2717	Y	0.30156	A	-129.693								
X	12.2286	Y	0.250353	A	-131.059								
X	12.2066	Y	0.22517	A	-131.677								
X	12.1842	Y	0.200221	A	-132.211								
X	12.1617	Y	0.175512	A	-132.968								
X	12.1273	Y	0.138894	A	-133.738								
X	12.1041	Y	0.114757	A	-134.223								
X	12.0586	Y	0.0686878	A	-135.631								
X	12.0353	Y	0.0461335	A	-136.493								
X	12.0117	Y	0.0239126	A	-137.355								
X	11.9637	Y	-0.0195357	A	-138.97								
X	11.9392	Y	-0.0406981	A	-139.692								
X	11.9144	Y	-0.0615753	A	-140.42								
X	11.8771	Y	-0.0921851	A	-141.487								
X	11.8517	Y	-0.112286	A	-142.451								
X	11.8261	Y	-0.132099	A	-142.779								
X	11.8002	Y	-0.1515	A	-143.999								
X	11.7738	Y	-0.170394	A	-145.032								
X	11.7337	Y	-0.197791	A	-146.769								
X	11.693	Y	-0.224226	A	-147.971								
X	11.6655	Y	-0.241332	A	-148.888								
X	11.6377	Y	-0.258014	A	-149.616								
X	11.6237	Y	-0.266205	A	-150.12								
X	11.5678	Y	-0.297724	A	-151.79								
X	11.5401	Y	-0.312414	A	-152.755								
X	11.5122	Y	-0.326628	A	-153.752								
X	11.4557	Y	-0.353669	A	-155.859								
X	11.4136	Y	-0.371942	A	-157.798								
X	11.3715	Y	-0.388793	A	-159.937								
X	11.3431	Y	-0.398959	A	-161.529								
X	11.3149	Y	-0.408276	A	-162.763								
X	11.287	Y	-0.416707	A	-165.249								
X	11.2456	Y	-0.427015	A	-167.632								
X	11.2197	Y	-0.432443	A	-169.645								
X	11.182	Y	-0.438934	A	-173.462								
section	back	liner											
W_X	10.8857	W_Y	-0.0141051	A	-177.512	OX	11.1228	O_Y	-0.443269				
W_X	10.8523	W_Y	-0.0162875	A	-176.937	OX	10.9222	O_Y	-0.452265				
W_X	10.8523	W_Y	-0.0162875	A	-176.937	OX	10.9222	O_Y	-0.452265				
W_X	10.82	W_Y	-0.0186342	A	-176.937	OX	10.8898	O_Y	-0.453996				
W_X	10.8044	W_Y	-0.019768	A	-176.937	OX	10.8742	O_Y	-0.454833				
W_X	10.7887	W_Y	-0.0209022	A	-176.937	OX	10.8586	O_Y	-0.455669				
W_X	10.7737	W_Y	-0.0219973	A	-176.937	OX	10.8435	O_Y	-0.456477				
W_X	10.7586	W_Y	-0.0230929	A	-176.937	OX	10.8284	O_Y	-0.457285				
W_X	10.7435	W_Y	-0.024188	A	-176.937	OX	10.8133	O_Y	-0.458093				
W_X	10.7271	W_Y	-0.0231236	A	-176.937	OX	10.7982	O_Y	-0.458901				
W_X	10.7107	W_Y	-0.0219573	A	-176.937	OX	10.7831	O_Y	-0.459708				
W_X	10.6956	W_Y	-0.0230306	A	-176.937	OX	10.768	O_Y	-0.460516				
W_X	10.6811	W_Y	-0.0240657	A	-176.937	OX	10.7534	O_Y	-0.461295				
W_X	10.6666	W_Y	-0.0251008	A	-176.937	OX	10.7389	O_Y	-0.462074				
W_X	10.6375	W_Y	-0.0271706	A	-176.937	OX	10.7098	O_Y	-0.463632				
W_X	10.6228	W_Y	-0.0282185	A	-176.937	OX	10.695	O_Y	-0.464421				
W_X	10.6084	W_Y	-0.0292406	A	-176.937	OX	10.6807	O_Y	-0.46519				
W_X	10.5939	W_Y	-0.0302756	A	-176.937	OX	10.6661	O_Y	-0.465969				
W_X	10.5799	W_Y	-0.0312722	A	-176.937	OX	10.6521	O_Y	-0.466719				
W_X	10.5659	W_Y	-0.0322689	A	-176.937	OX	10.6381	O_Y	-0.467469				
W_X	10.5519	W_Y	-0.0332656	A	-176.937	OX	10.6241	O_Y	-0.468219				
W_X	10.5243	W_Y	-0.0349377	A	-176.937	OX	10.596	O_Y	-0.469719				
W_X	10.5121	W_Y	-0.0344771	A	-176.937	OX	10.582	O_Y	-0.470469				
W_X	10.4985	W_Y	-0.0351434	A	-176.937	OX	10.568	O_Y	-0.471219				
W_X	10.4845	W_Y	-0.0361144	A	-176.937	OX	10.554	O_Y	-0.47197				
W_X	10.4705	W_Y	-0.0370844	A	-176.937	OX	10.54	O_Y	-0.47272				
W_X	10.4571	W_Y	-0.0380173	A	-176.937	OX	10.5265	O_Y	-0.473442				
W_X	10.4436	W_Y	-0.0389502	A	-176.937	OX	10.513	O_Y	-0.474163				
W_X	10.4167	W_Y	-0.0408158	A	-176.937	OX	10.4861	O_Y	-0.475605				
W_X	10.4032	W_Y	-0.0417487	A	-176.937	OX	10.4726	O_Y	-0.476327				
W_X	10.3897	W_Y	-0.0426815	A	-177.106	OX	10.4591	O_Y	-0.477048				
W_X	10.3768	W_Y	-0.0435388	A	-177.106	OX	10.4462	O_Y	-0.477702				
W_X	10.3639	W_Y	-0.0443961	A	-177.106	OX	10.4332	O_Y	-0.478356				
W_X	10.351	W_Y	-0.0452536	A	-177.106	OX	10.4203	O_Y	-0.47901				
W_X	10.3366	W_Y	-0.0448965	A	-177.106	OX	10.4073	O_Y	-0.479664				
W_X	10.3093	W_Y	-0.0453833	A	-177.106	OX	10.3815	O_Y	-0.480972				
W_X	10.2963	W_Y	-0.0462111	A	-177.106	OX	10.3685	O_Y	-0.481627				
W_X	10.284	W_Y	-0.0470015	A	-177.106	OX	10.3561	O_Y	-0.482253				
W_X	10.2716	W_Y	-0.0477937	A	-177.106	OX	10.3437	O_Y	-0.48288				
W_X	10.2592	W_Y	-0.0485857	A	-177.106	OX	10.3313	O_Y	-0.483507				
W_X	10.2468	W_Y	-0.0493777	A	-177.106	OX	10.3189	O_Y	-0.484134				
W_X	10.2344	W_Y	-0.0501702	A	-177.106	OX	10.3065	O_Y	-0.484761				
W_X	10.222	W_Y	-0.0509621	A	-177.106	OX	10.2941	O_Y	-0.485388				
W_X	10.2096	W_Y	-0.051754	A	-177.106	OX	10.2817	O_Y	-0.486015				
W_X	10.1977	W_Y	-0.0525115	A	-177.106	OX	10.2699	O_Y	-0.486615				
W_X	10.1859	W_Y	-0.053269	A	-177.106	OX	10.258	O_Y	-0.487214				
W_X	10.174	W_Y	-0.0540267	A	-177.106	OX	10.2461	O_Y	-0.487814				
W_X	10.1622	W_Y	-0.0547844	A	-177.106	OX	10.2343	O_Y	-0.488414				
W_X	10.1394	W_Y	-0.0538213	A	-177.106	OX	10.2106	O_Y	-0.489613				
W_X	10.1281	W_Y	-0.0530268	A	-177.106	OX	10.1987	O_Y	-0.490212				
W_X	10.1168	W_Y	-0.0537031	A	-177.106	OX	10.1874	O_Y	-0.490785				
W_X	10.1054	W_Y	-0.0543814	A	-177.264	OX	10.176	O_Y	-0.49136				
W_X	10.0942	W_Y	-0.0550237	A	-177.264	OX	10.1647	O_Y	-0.491899				
W_X	10.0828	W_Y	-0.0556681	A	-177.457	OX	10.1534	O_Y	-0.49244				
W_X	10.0715	W_Y	-0.0562744	A	-177.651	OX	10.1421	O_Y	-0.492943				
W_X	10.0489	W_Y	-0.0574104	A	-177.651	OX	10.1194	O_Y	-0.493872				
W_X	10.0376	W_Y	-0.0579785	A	-177.839	OX	10.1081	O_Y	-0.494337				
W_X	10.0268	W_Y	-0.0584842	A	-177.839	OX	10.0973	O_Y	-0.494744				
W_X	10.016	W_Y	-0.0589898	A	-178.032	OX	10.0865	O_Y	-0.495151				
W_X	10.0052	W_Y	-0.0594588	A	-178.032	OX	10.0757	O_Y	-0.495522				
W_X	9.99442	W_Y	-0.0599281	A	-178.032	OX	10.0649	O_Y	-0.495892				
section	back	liner											
section	back	liner											
W_X	9.84127	W_Y	-0.0662603	A	-178.329	OX	10.0018	O_Y	-0.498008				
W_X	9.82077	W_Y	-0.0669988	A	-178.329	OX	9.88904	O_Y	-0.501297				
W_X	9.81052	W_Y	-0.067368	A	-178.329	OX	9.87878	O_Y	-0.501596				
W_X	9.79002	W_Y	-0.0681064	A	-178.329	OX	9.85828	O_Y	-0.502194				
W_X	9.76952	W_Y	-0.0688449	A	-178.505	OX	9.83778	O_Y	-0.502792				
W_X	9.74901	W_Y	-0.0695209	A	-178.505	OX	9.81726	O_Y	-0.503328				
W_X	9.72852	W_Y	-0.0701963	A	-179.289	OX	9.79676	O_Y	-0.503863				
W_X	9.70802	W_Y	-0.0705913	A	179.927	OX	9.77626	O_Y	-0.504117				
W_X	9.66699	W_Y	-0.0708204	A	179.927	OX	9.73523	O_Y	-0.504065				
W_X	9.64649	W_Y	-0.0709349	A	-179.615	OX	9.71474	O_Y	-0.504039				
W_X	9.62541	W_Y	-0.070306	A	-179.273	OX	9.69421	O_Y	-0.504177				
W_X	9.60451	W_Y	-0.0700363	A	-179.57	OX	9.6737	O_Y	-0.504438				
W_X	9.584	W_Y	-0.0703028	A	-179.782	OX	9.65318	O_Y	-0.504592				
W_X	9.5635	W_Y	-0.0704932	A	-179.782	OX	9.63269	O_Y	-0.50467				
W_X	9.543	W_Y	-0.0706837	A	-179.782	OX	9.61219	O_Y	-0.504748				
W_X	9.50198	W_Y	-0.0710649	A	-179.782	OX	9.57116	O_Y	-0.504904				
W_X	9.48146	W_Y	-0.0712555	A	-179.782	OX	9.55065	O_Y	-0.504982				
W_X	9.48146	W_Y	-0.0712555	A	-179.782	OX	9.55065	O_Y	-0.504982				
W_X	9.44044	W_Y	-0.0716366	A	-179.782	OX	9.50962	O_Y	-0.505138				
W_X	9.41975	W_Y	-0.0710368	A	-179.782	OX	9.48911	O_Y	-0.505216				
W_X	9.39816	W_Y	-0.0664138	A	179.842	OX	9.4686	O_Y	-0.505294				
W_X	9.37734	W_Y	-0.0650902	A	179.465	OX	9.44808	O_Y	-0.505237				
W_X	9.33632	W_Y	-0.0648172	A	179.784	OX	9.40707	O_Y	-0.504855				
W_X	9.31581	W_Y	-0.0647947	A	179.633	OX	9.38655	O_Y	-0.504777				
W_X	9.29529	W_Y	-0.0647182	A	179.451	OX	9.36604	O_Y	-0.504646				
W_X	9.27478	W_Y	-0.0645767	A	179.451	OX	9.34553	O_Y	-0.504449				
W_X	9.25427	W_Y	-0.0644352	A	179.451	OX	9.32501	O_Y	-0.504253				
W_X	9.23376	W_Y	-0.0642937	A	179.451	OX	9.3045	O_Y	-0.504057				
W_X	9.21323	W_Y	-0.0641521	A	179.451	OX	9.28398	O_Y	-0.50386				
W_X	9.19279	W_Y	-0.0622496	A	179.246	OX	9.26347	O_Y	-0.503664				
W_X	9.17238	W_Y	-0.0585483	A	179.246	OX	9.24296	O_Y	-0.503394				
W_X	9.15187	W_Y	-0.0582671	A	179.088	OX	9.22245	O_Y	-0.503124				
W_X	9.13136	W_Y	-0.0579297	A	179.088	OX	9.20194	O_Y	-0.502797				
W_X	9.11085	W_Y	-0.0575922	A	179.088	OX	9.18142	O_Y	-0.502471				
W_X	9.09034	W_Y	-0.0572548	A	179.088	OX	9.16091	O_Y	-0.502145				
W_X	9.04931	W_Y	-0.0565799	A	179.088	OX	9.11989	O_Y	-0.501492				
W_X	9.0288	W_Y	-0.0562424	A	179.088	OX	9.09938	O_Y	-0.501166				
W_X	9.00829	W_Y	-0.055905	A	179.088	OX	9.07887	O_Y	-0.500839				
W_X	8.98778	W_Y	-0.0555675	A	179.088	OX	9.05836	O_Y	-0.500513				
W_X	8.96517	W_Y	-0.0554274	A	178.913	OX	9.03785	O_Y	-0.500187				
W_X	8.94309	W_Y	-0.0551609	A	178.913	OX	9.01734	O_Y	-0.499798				
W_X	8.92258	W_Y	-0.0547473	A	178.913	OX	8.99683	O_Y	-0.499408				
W_X	8.88156	W_Y	-0.0539199	A	178.913	OX	8.95581	O_Y	-0.49863				
W_X	8.86105	W_Y	-0.0535062	A	178.913	OX	8.9353	O_Y	-0.498241				
W_X	8.84054	W_Y	-0.0530925	A	178.913	OX	8.91479	O_Y	-0.497852				
W_X	8.82003	W_Y	-0.0526788	A	178.713	OX	8.89428	O_Y	-0.497463				
W_X	8.79952	W_Y	-0.0521935	A	178.713	OX	8.87377	O_Y	-0.497002				
W_X	8.77902	W_Y	-0.0517083	A	178.483	OX	8.85327	O_Y	-0.496541				
W_X	8.75844	W_Y	-0.0510223	A	178.253	OX	8.83276	O_Y	-0.495998				
W_X	8.71674	W_Y	-0.0484318	A	178.253	OX	8.79175	O_Y	-0.494748				
W_X	8.69605	W_Y	-0.0474151	A	178.253	OX	8.77125	O_Y	-0.494122				
W_X	8.67555	W_Y	-0.0467287	A	178.253	OX	8.75074	O_Y	-0.493497				
W_X	8.65506	W_Y	-0.0460428	A	178.102	OX	8.73025	O_Y	-0.492872				
W_X	8.63456	W_Y	-0.0453023	A	178.102	OX	8.70975	O_Y	-0.492192				
W_X	8.61406	W_Y	-0.0445618	A	178.102	OX	8.68925	O_Y	-0.491513				
W_X	8.59354	W_Y	-0.0438208	A	178.102	OX	8.66873	O_Y	-0.490833				
W_X	8.57305	W_Y	-0.0430806	A	178.102	OX	8.64824	O_Y	-0.490153				
W_X	8.55255	W_Y	-0.04234	A	178.102	OX	8.62773	O_Y	-0.489474				
W_X	8.53265	W_Y	-0.0407487	A	177.902	OX	8.60723	O_Y	-0.488794				
W_X	8.51359	W_Y	-0.0378697	A	177.902	OX	8.58673	O_Y	-0.488043				
W_X	8.49321	W_Y	-0.0368591	A	177.727	OX	8.56623	O_Y	-0.487292				
W_X	8.47272	W_Y	-0.0359432	A	177.551	OX	8.54573	O_Y	-0.486478				
W_X	8.43174	W_Y	-0.0339857	A	177.551	OX	8.50474	O_Y	-0.484725				
W_X	8.41126	W_Y	-0.0330076	A	177.327	OX	8.48426	O_Y	-0.483849				
W_X	8.39077	W_Y	-0.0319488	A	177.133	OX	8.46377	O_Y	-0.482893				
W_X	8.37029	W_Y	-0.0308207	A	177.133	OX	8.44328	O_Y	-0.481867				
W_X	8.34981	W_Y	-0.0296926	A	177.133	OX	8.4228	O_Y	-0.480841				
W_X	8.32933	W_Y	-0.0285645	A	177.133	OX	8.40231	O_Y	-0.479815				
W_X	8.30885	W_Y	-0.0274365	A	177.133	OX	8.38182	O_Y	-0.478789				
W_X	8.26794	W_Y	-0.0238635	A	177.133	OX	8.34085	O_Y	-0.476737				
W_X	8.24768	W_Y	-0.0171296	A	177.133	OX	8.32036	O_Y	-0.475712				
W_X	8.22722	W_Y	-0.0152782	A	177.133	OX	8.29987	O_Y	-0.474686				
W_X	8.20674	W_Y	-0.0140726	A	177.133	OX	8.27938	O_Y	-0.47366				
W_X	8.18627	W_Y	-0.0128672	A	177.133	OX	8.2589	O_Y	-0.472634				
W_X	8.16579	W_Y	-0.0116617	A	177.133	OX	8.23841	O_Y	-0.471608				
W_X	8.14531	W_Y	-0.0104561	A	177.133	OX	8.21792	O_Y	-0.470582				
W_X	8.10435	W_Y	-0.008045	A	177.133	OX	8.17694	O_Y	-0.46853				
W_X	8.08388	W_Y	-0.00683947	A	177.133	OX	8.15646	O_Y	-0.467504				
W_X	8.0634	W_Y	-0.00563392	A	177.133	OX	8.13597	O_Y	-0.466478				
W_X	8.04174	W_Y	-0.00338893	A	177.133	OX	8.11548	O_Y	-0.465453				
W_X	8.01984	W_Y	-0.000896386	A	177.133	OX	8.09499	O_Y	-0.464427				
W_X	7.99936	W_Y	0.0003468	A	177.133	OX	8.07451	O_Y	-0.463401				
W_X	7.95842	W_Y	0.00283279	A	177.133	OX	8.03354	O_Y	-0.461349				
W_X	7.93794	W_Y	0.00407587	A	177.133	OX	8.01305	O_Y	-0.460324				
W_X	7.91747	W_Y	0.0053191	A	177.133	OX	7.99256	O_Y	-0.459298				
W_X	7.89699	W_Y	0.00656225	A	177.133	OX	7.97208	O_Y	-0.458272				
W_X	7.87652	W_Y	0.00780543	A	177.133	OX	7.95159	O_Y	-0.457246				
W_X	7.85604	W_Y	0.00904861	A	177.133	OX	7.9311	O_Y	-0.45622				
W_X	7.83556	W_Y	0.0102918	A	177.133	OX	7.91061	O_Y	-0.455194				
W_X	7.8174	W_Y	0.0142284	A	177.133	OX	7.89012	O_Y	-0.454168				
W_X	7.79795	W_Y	0.0167064	A	177.133	OX	7.86963	O_Y	-0.453142				
W_X	7.77748	W_Y	0.0179805	A	177.133	OX	7.84914	O_Y	-0.452116				
W_X	7.75701	W_Y	0.0192545	A	177.133	OX	7.82865	O_Y	-0.45109				
W_X	7.73654	W_Y	0.0205282	A	177.133	OX	7.80817	O_Y	-0.450064				
W_X	7.71606	W_Y	0.0218026	A	177.133	OX	7.78768	O_Y	-0.449038				
W_X	7.69558	W_Y	0.0230769	A	177.133	OX	7.76718	O_Y	-0.448012				
W_X	7.65463	W_Y	0.0256249	A	177.133	OX	7.72621	O_Y	-0.44596				
W_X	7.63416	W_Y	0.0268989	A	177.133	OX	7.70572	O_Y	-0.444934				
W_X	7.61378	W_Y	0.0285908	A	177.133	OX	7.68523	O_Y	-0.443908				
W_X	7.59368	W_Y	0.0315258	A	177.133	OX	7.66473	O_Y	-0.442882				
W_X	7.57328	W_Y	0.0331483	A	177.133	OX	7.64425	O_Y	-0.441856				
W_X	7.55281	W_Y	0.0344649	A	177.133	OX	7.62376	O_Y	-0.44083				
W_X	7.53233	W_Y	0.0357814	A	177.133	OX	7.60327	O_Y	-0.439804				
W_X	7.49139	W_Y	0.0384141	A	177.133	OX	7.56229	O_Y	-0.437752				
W_X	7.47092	W_Y	0.0397303	A	177.287	OX	7.5418	O_Y	-0.436726				
W_X	7.45043	W_Y	0.0409927	A	177.287	OX	7.5213	O_Y	-0.435755				
W_X	7.42997	W_Y	0.0422534	A	177.287	OX	7.50082	O_Y	-0.434784				
W_X	7.4095	W_Y	0.043515	A	177.287	OX	7.48033	O_Y	-0.433813				
W_X	7.3886	W_Y	0.047012	A	177.287	OX	7.45984	O_Y	-0.432842				
W_X	7.34685	W_Y	0.0538009	A	177.287	OX	7.41887	O_Y	-0.4309				
W_X	7.32637	W_Y	0.0551188	A	177.727	OX	7.39837	O_Y	-0.429929				
W_X	7.30589	W_Y	0.0562781	A	177.727	OX	7.37787	O_Y	-0.429115				
W_X	7.28538	W_Y	0.0574394	A	177.905	OX	7.35734	O_Y	-0.4283				
W_X	7.26494	W_Y	0.0585326	A	177.905	OX	7.33689	O_Y	-0.427552				
W_X	7.24446	W_Y	0.0596285	A	177.905	OX	7.31639	O_Y	-0.426802				
W_X	7.22397	W_Y	0.0607244	A	177.905	OX	7.29589	O_Y	-0.426052				
W_X	7.20347	W_Y	0.0618209	A	177.905	OX	7.27538	O_Y	-0.425302				
W_X	7.18299	W_Y	0.0629168	A	177.905	OX	7.25488	O_Y	-0.424552				
W_X	7.16349	W_Y	0.0646308	A	178.131	OX	7.23438	O_Y	-0.423802				
W_X	7.14377	W_Y	0.0661842	A	178.131	OX	7.21388	O_Y	-0.423133				
W_X	7.12328	W_Y	0.067252	A	178.406	OX	7.19337	O_Y	-0.422464				
W_X	7.10281	W_Y	0.0682207	A	178.406	OX	7.17288	O_Y	-0.421894				
W_X	7.08233	W_Y	0.0691893	A	178.406	OX	7.15239	O_Y	-0.421324				
W_X	7.04135	W_Y	0.071128	A	178.406	OX	7.11138	O_Y	-0.420183				
W_X	7.02086	W_Y	0.0720973	A	178.406	OX	7.09088	O_Y	-0.419612				
W_X	7.00037	W_Y	0.0730667	A	178.406	OX	7.07037	O_Y	-0.419042				
W_X	6.97988	W_Y	0.074036	A	178.406	OX	7.04987	O_Y	-0.418471				
W_X	6.95933	W_Y	0.0749681	A	178.406	OX	7.02936	O_Y	-0.417901				
W_X	6.93809	W_Y	0.0754879	A	178.406	OX	7.00885	O_Y	-0.41733				
W_X	6.91739	W_Y	0.0763599	A	178.406	OX	6.98835	O_Y	-0.41676				
W_X	6.87642	W_Y	0.0783496	A	178.406	OX	6.94734	O_Y	-0.415619				
W_X	6.85593	W_Y	0.0793445	A	178.406	OX	6.92683	O_Y	-0.415048				
W_X	6.83544	W_Y	0.0803394	A	178.406	OX	6.90633	O_Y	-0.414478				
W_X	6.81495	W_Y	0.0813341	A	178.633	OX	6.88582	O_Y	-0.413907				
W_X	6.79445	W_Y	0.0822481	A	178.804	OX	6.86531	O_Y	-0.413418				
W_X	6.77396	W_Y	0.0831008	A	179.03	OX	6.8448	O_Y	-0.41299				
W_X	6.73297	W_Y	0.0846436	A	179.257	OX	6.80379	O_Y	-0.412296				
W_X	6.71188	W_Y	0.0868697	A	179.746	OX	6.78327	O_Y	-0.41203				
W_X	6.69022	W_Y	0.0904633	A	179.746	OX	6.76276	O_Y	-0.411939				
W_X	6.66971	W_Y	0.0909736	A	-179.949	OX	6.74224	O_Y	-0.411848				
W_X	6.6492	W_Y	0.0913745	A	-179.949	OX	6.72173	O_Y	-0.411866				
W_X	6.62869	W_Y	0.0917753	A	-179.789	OX	6.70122	O_Y	-0.411884				
W_X	6.60818	W_Y	0.0921192	A	-179.63	OX	6.68071	O_Y	-0.41196				
W_X	6.56716	W_Y	0.0926927	A	-179.226	OX	6.63969	O_Y	-0.412225				
W_X	6.54666	W_Y	0.0928349	A	-179.226	OX	6.61918	O_Y	-0.412502				
W_X	6.52583	W_Y	0.0928738	A	-179.061	OX	6.59867	O_Y	-0.412779				
W_X	6.50303	W_Y	0.0922141	A	-179.061	OX	6.57816	O_Y	-0.413115				
W_X	6.48201	W_Y	0.0921337	A	-179.061	OX	6.55764	O_Y	-0.413452				
W_X	6.46149	W_Y	0.0922192	A	-179.061	OX	6.53713	O_Y	-0.413788				
W_X	6.44097	W_Y	0.0923047	A	-179.061	OX	6.51661	O_Y	-0.414124				
W_X	6.42044	W_Y	0.0923902	A	-179.061	OX	6.49608	O_Y	-0.414461				
W_X	6.39992	W_Y	0.0924757	A	-178.798	OX	6.47557	O_Y	-0.414797				
W_X	6.37942	W_Y	0.0924671	A	-178.798	OX	6.45507	O_Y	-0.415228				
W_X	6.3589	W_Y	0.0924584	A	-178.511	OX	6.43456	O_Y	-0.415658				
W_X	6.33839	W_Y	0.092347	A	-178.511	OX	6.41406	O_Y	-0.416191				
W_X	6.31775	W_Y	0.0930324	A	-178.26	OX	6.39355	O_Y	-0.416724				
W_X	6.29697	W_Y	0.0944622	A	-178.009	OX	6.37304	O_Y	-0.417347				
W_X	6.25595	W_Y	0.0939419	A	-178.009	OX	6.33204	O_Y	-0.418772				
W_X	6.23544	W_Y	0.0936817	A	-177.795	OX	6.31154	O_Y	-0.419485				
W_X	6.21493	W_Y	0.0933448	A	-177.795	OX	6.29104	O_Y	-0.420274				
W_X	6.19442	W_Y	0.093008	A	-177.642	OX	6.27054	O_Y	-0.421064				
W_X	6.17391	W_Y	0.0926163	A	-177.483	OX	6.25005	O_Y	-0.421907				
W_X	6.1534	W_Y	0.0921676	A	-177.483	OX	6.22956	O_Y	-0.422808				
W_X	6.1124	W_Y	0.0912703	A	-177.483	OX	6.18858	O_Y	-0.42461				
W_X	6.09188	W_Y	0.0908213	A	-177.483	OX	6.16808	O_Y	-0.425512				
W_X	6.07137	W_Y	0.0903726	A	-177.317	OX	6.14759	O_Y	-0.426413				
W_X	6.0503	W_Y	0.089265	A	-177.317	OX	6.1271	O_Y	-0.427373				
W_X	6.02823	W_Y	0.0870791	A	-177.091	OX	6.10661	O_Y	-0.428333				
W_X	6.00772	W_Y	0.0864729	A	-176.931	OX	6.08612	O_Y	-0.429374				
W_X	5.98722	W_Y	0.085815	A	-176.699	OX	6.06563	O_Y	-0.430472				
W_X	5.94624	W_Y	0.0843334	A	-176.466	OX	6.0247	O_Y	-0.432834				
W_X	5.92573	W_Y	0.0835086	A	-176.466	OX	6.00422	O_Y	-0.434099				
W_X	5.90524	W_Y	0.0826842	A	-176.166	OX	5.98374	O_Y	-0.435363				
W_X	5.88475	W_Y	0.0817527	A	-176.166	OX	5.96327	O_Y	-0.436734				
W_X	5.84375	W_Y	0.0798891	A	-175.824	OX	5.92233	O_Y	-0.439478				
W_X	5.82455	W_Y	0.074213	A	-175.482	OX	5.90189	O_Y	-0.44097				
W_X	5.80532	W_Y	0.0683937	A	-175.482	OX	5.88143	O_Y	-0.442587				
W_X	5.80532	W_Y	0.0683937	A	-175.482	OX	5.88143	O_Y	-0.442587				
W_X	5.78476	W_Y	0.0671734	A	-175.31	OX	5.8609	O_Y	-0.44421				
W_X	5.76435	W_Y	0.0659009	A	-175.157	OX	5.84052	O_Y	-0.445882				
W_X	5.72342	W_Y	0.0632386	A	-175.157	OX	5.79964	O_Y	-0.449345				
W_X	5.72342	W_Y	0.0632386	A	-175.157	OX	5.79964	O_Y	-0.449345				
W_X	5.70295	W_Y	0.0619075	A	-175.157	OX	5.77921	O_Y	-0.451077				
W_X	5.68248	W_Y	0.0605763	A	-175.157	OX	5.75877	O_Y	-0.452808				
W_X	5.64154	W_Y	0.0579137	A	-174.85	OX	5.71789	O_Y	-0.456272				
W_X	5.59845	W_Y	0.0516514	A	-174.85	OX	5.67703	O_Y	-0.459954				
W_X	5.57734	W_Y	0.0492101	A	-174.85	OX	5.6566	O_Y	-0.461796				
W_X	5.57734	W_Y	0.0492101	A	-174.85	OX	5.6566	O_Y	-0.461796				
W_X	5.57734	W_Y	0.0492101	A	-174.85	OX	5.6566	O_Y	-0.461796				
W_X	5.57734	W_Y	0.0492101	A	-174.85	OX	5.6566	O_Y	-0.461796				
W_X	5.49552	W_Y	0.0431995	A	-174.624	OX	5.5749	O_Y	-0.469402				
W_X	5.45461	W_Y	0.0399563	A	-174.074	OX	5.53406	O_Y	-0.473443				
W_X	5.43417	W_Y	0.0382368	A	-174.074	OX	5.51366	O_Y	-0.475561				
W_X	5.43417	W_Y	0.0382368	A	-174.074	OX	5.51366	O_Y	-0.475561				
W_X	5.41373	W_Y	0.0365176	A	-174.074	OX	5.49326	O_Y	-0.477679				
W_X	5.3698	W_Y	0.0324933	A	-174.074	OX	5.45245	O_Y	-0.481913				
W_X	5.32882	W_Y	0.029035	A	-174.583	OX	5.41165	O_Y	-0.486149				
W_X	5.3084	W_Y	0.027499	A	-174.911	OX	5.39126	O_Y	-0.488083				
W_X	5.28792	W_Y	0.0260765	A	-175.196	OX	5.37081	O_Y	-0.489904				
W_X	5.26743	W_Y	0.024756	A	-175.438	OX	5.35035	O_Y	-0.491623				
W_X	5.24698	W_Y	0.0235244	A	-175.438	OX	5.32993	O_Y	-0.493253				
W_X	5.2265	W_Y	0.0222914	A	-175.693	OX	5.30948	O_Y	-0.494884				
W_X	5.20602	W_Y	0.0211494	A	-175.947	OX	5.28902	O_Y	-0.496425				
W_X	5.16505	W_Y	0.0190477	A	-175.947	OX	5.2481	O_Y	-0.499324				
W_X	5.14527	W_Y	0.0164913	A	-176.214	OX	5.22765	O_Y	-0.500773				
W_X	5.12565	W_Y	0.013662	A	-176.408	OX	5.20718	O_Y	-0.502128				
W_X	5.10515	W_Y	0.0127989	A	-176.644	OX	5.1867	O_Y	-0.503413				
W_X	5.08466	W_Y	0.0120204	A	-176.807	OX	5.16623	O_Y	-0.504614				
W_X	5.06416	W_Y	0.0113004	A	-176.807	OX	5.14575	O_Y	-0.505756				
W_X	5.04366	W_Y	0.0105805	A	-176.807	OX	5.12527	O_Y	-0.506898				
W_X	5.02315	W_Y	0.00985988	A	-176.807	OX	5.10477	O_Y	-0.508041				
W_X	5.00265	W_Y	0.00913979	A	-176.807	OX	5.08429	O_Y	-0.509184				
W_X	4.98273	W_Y	0.0055155	A	-176.807	OX	5.06381	O_Y	-0.510326				
W_X	4.96381	W_Y	-0.00325042	A	-176.807	OX	5.04333	O_Y	-0.511469				
W_X	4.94343	W_Y	-0.00465321	A	-176.807	OX	5.02285	O_Y	-0.512611				
W_X	4.92294	W_Y	-0.00544391	A	-176.807	OX	5.00237	O_Y	-0.513753				
W_X	4.90244	W_Y	-0.0062346	A	-176.807	OX	4.98188	O_Y	-0.514896				
W_X	4.86144	W_Y	-0.00781593	A	-176.807	OX	4.94092	O_Y	-0.517181				
W_X	4.84094	W_Y	-0.00860659	A	-176.807	OX	4.92044	O_Y	-0.518323				
W_X	4.82045	W_Y	-0.00939721	A	-176.807	OX	4.89996	O_Y	-0.519466				
W_X	4.79995	W_Y	-0.0101879	A	-176.807	OX	4.87948	O_Y	-0.520608				
W_X	4.77945	W_Y	-0.0109786	A	-176.807	OX	4.859	O_Y	-0.52175				
W_X	4.75895	W_Y	-0.0117692	A	-176.807	OX	4.83851	O_Y	-0.522893				
W_X	4.71794	W_Y	-0.0149352	A	-176.807	OX	4.79756	O_Y	-0.525177				
W_X	4.69733	W_Y	-0.0224436	A	-176.807	OX	4.77707	O_Y	-0.52632				
W_X	4.67682	W_Y	-0.0240976	A	-176.807	OX	4.75659	O_Y	-0.527463				
W_X	4.65633	W_Y	-0.0249248	A	-176.807	OX	4.73611	O_Y	-0.528605				
W_X	4.63582	W_Y	-0.0257526	A	-176.807	OX	4.71561	O_Y	-0.529748				
W_X	4.61532	W_Y	-0.02658	A	-176.807	OX	4.69513	O_Y	-0.530891				
W_X	4.59482	W_Y	-0.0274073	A	-176.807	OX	4.67464	O_Y	-0.532033				
W_X	4.55382	W_Y	-0.0290618	A	-176.807	OX	4.63368	O_Y	-0.534318				
W_X	4.53333	W_Y	-0.0298889	A	-176.807	OX	4.6132	O_Y	-0.53546				
W_X	4.51283	W_Y	-0.0307162	A	-176.807	OX	4.59272	O_Y	-0.536603				
W_X	4.4913	W_Y	-0.0359325	A	-176.807	OX	4.57224	O_Y	-0.537745				
W_X	4.46935	W_Y	-0.0429738	A	-176.807	OX	4.55177	O_Y	-0.538887				
W_X	4.44886	W_Y	-0.0438605	A	-176.807	OX	4.53129	O_Y	-0.540029				
W_X	4.42837	W_Y	-0.044747	A	-176.807	OX	4.51081	O_Y	-0.541172				
W_X	4.4078	W_Y	-0.0456368	A	-176.807	OX	4.49025	O_Y	-0.542318				
W_X	4.38737	W_Y	-0.0465209	A	-176.807	OX	4.46983	O_Y	-0.543457				
W_X	4.36687	W_Y	-0.0474078	A	-176.807	OX	4.44935	O_Y	-0.5446				
W_X	4.34638	W_Y	-0.0482942	A	-176.807	OX	4.42887	O_Y	-0.545742				
W_X	4.32588	W_Y	-0.0491809	A	-176.807	OX	4.40839	O_Y	-0.546885				
W_X	4.30539	W_Y	-0.0500677	A	-176.807	OX	4.3879	O_Y	-0.548027				
W_X	4.26337	W_Y	-0.0581731	A	-176.807	OX	4.34695	O_Y	-0.550311				
W_X	4.24217	W_Y	-0.0632676	A	-176.807	OX	4.32646	O_Y	-0.551454				
W_X	4.22168	W_Y	-0.0642094	A	-176.959	OX	4.30597	O_Y	-0.552597				
W_X	4.20119	W_Y	-0.0650966	A	-176.959	OX	4.28549	O_Y	-0.553685				
W_X	4.18069	W_Y	-0.0659841	A	-177.195	OX	4.26501	O_Y	-0.554774				
W_X	4.1602	W_Y	-0.066787	A	-177.195	OX	4.24452	O_Y	-0.555777				
W_X	4.1397	W_Y	-0.0675899	A	-177.195	OX	4.22403	O_Y	-0.556781				
W_X	4.09871	W_Y	-0.0691958	A	-177.195	OX	4.18306	O_Y	-0.558789				
W_X	4.07821	W_Y	-0.0699988	A	-177.195	OX	4.16257	O_Y	-0.559793				
W_X	4.05793	W_Y	-0.0712057	A	-177.042	OX	4.14208	O_Y	-0.560797				
W_X	4.03903	W_Y	-0.0749517	A	-177.042	OX	4.12159	O_Y	-0.561856				
W_X	4.0189	W_Y	-0.0764906	A	-177.042	OX	4.10111	O_Y	-0.562914				
W_X	3.99841	W_Y	-0.0773785	A	-177.042	OX	4.08062	O_Y	-0.563973				
W_X	3.97791	W_Y	-0.0782665	A	-177.042	OX	4.06014	O_Y	-0.565032				
W_X	3.93693	W_Y	-0.0800425	A	-177.429	OX	4.01917	O_Y	-0.567149				
W_X	3.91643	W_Y	-0.0807918	A	-177.429	OX	3.99867	O_Y	-0.568069				
W_X	3.89593	W_Y	-0.0815413	A	-177.641	OX	3.97818	O_Y	-0.568989				
W_X	3.87542	W_Y	-0.0822149	A	-177.641	OX	3.95768	O_Y	-0.569834				
W_X	3.85492	W_Y	-0.0828884	A	-177.804	OX	3.93719	O_Y	-0.570678				
W_X	3.83355	W_Y	-0.0868871	A	-177.992	OX	3.91669	O_Y	-0.571464				
W_X	3.81138	W_Y	-0.0939421	A	-178.179	OX	3.89619	O_Y	-0.572183				
W_X	3.77037	W_Y	-0.095002	A	-178.688	OX	3.85519	O_Y	-0.573486				
W_X	3.74988	W_Y	-0.0953493	A	-178.688	OX	3.8347	O_Y	-0.573955				
W_X	3.72937	W_Y	-0.095697	A	-178.876	OX	3.8142	O_Y	-0.574425				
W_X	3.70886	W_Y	-0.0959775	A	-178.876	OX	3.79369	O_Y	-0.574827				
W_X	3.68835	W_Y	-0.0962581	A	-179.076	OX	3.77318	O_Y	-0.57523				
W_X	3.66784	W_Y	-0.0964671	A	-179.076	OX	3.75267	O_Y	-0.575561				
W_X	3.64733	W_Y	-0.0966761	A	-179.076	OX	3.73216	O_Y	-0.575891				
W_X	3.62681	W_Y	-0.0968852	A	-179.548	OX	3.71164	O_Y	-0.576222				
W_X	3.60478	W_Y	-0.0979463	A	-179.548	OX	3.69112	O_Y	-0.576384				
W_X	3.58315	W_Y	-0.0987361	A	-179.815	OX	3.67061	O_Y	-0.576546				
W_X	3.56264	W_Y	-0.0986805	A	-179.815	OX	3.6501	O_Y	-0.576612				
W_X	3.54212	W_Y	-0.0986248	A	-179.815	OX	3.62958	O_Y	-0.576678				
W_X	3.5216	W_Y	-0.0985691	A	-179.99	OX	3.60906	O_Y	-0.576744				
W_X	3.48058	W_Y	-0.0983323	A	179.834	OX	3.56804	O_Y	-0.576751				
W_X	3.46007	W_Y	-0.0981511	A	179.834	OX	3.54753	O_Y	-0.576692				
W_X	3.43954	W_Y	-0.0979697	A	179.568	OX	3.527	O_Y	-0.576633				
W_X	3.41903	W_Y	-0.097693	A	179.398	OX	3.50649	O_Y	-0.576478				
W_X	3.39841	W_Y	-0.0981551	A	179.113	OX	3.48597	O_Y	-0.576262				
W_X	3.37723	W_Y	-0.102572	A	179.113	OX	3.46546	O_Y	-0.575945				
W_X	3.35659	W_Y	-0.103112	A	179.113	OX	3.44495	O_Y	-0.575627				
W_X	3.31557	W_Y	-0.102319	A	178.75	OX	3.40393	O_Y	-0.574992				
W_X	3.29506	W_Y	-0.101792	A	178.75	OX	3.38342	O_Y	-0.574545				
W_X	3.27456	W_Y	-0.101266	A	178.75	OX	3.36292	O_Y	-0.574097				
W_X	3.25405	W_Y	-0.100739	A	178.75	OX	3.34241	O_Y	-0.57365				
W_X	3.23354	W_Y	-0.100213	A	178.52	OX	3.3219	O_Y	-0.573203				
W_X	3.21304	W_Y	-0.099604	A	178.363	OX	3.30139	O_Y	-0.572673				
W_X	3.19254	W_Y	-0.0989389	A	178.206	OX	3.28089	O_Y	-0.572087				
W_X	3.15065	W_Y	-0.0963696	A	178.206	OX	3.23988	O_Y	-0.570802				
W_X	3.12818	W_Y	-0.0931332	A	177.994	OX	3.21938	O_Y	-0.57016				
W_X	3.10768	W_Y	-0.0923205	A	177.994	OX	3.19888	O_Y	-0.569442				
W_X	3.0872	W_Y	-0.0915084	A	177.764	OX	3.17839	O_Y	-0.568724				
W_X	3.06672	W_Y	-0.0906138	A	177.764	OX	3.1579	O_Y	-0.567924				
W_X	3.04622	W_Y	-0.0897186	A	177.472	OX	3.1374	O_Y	-0.567123				
W_X	3.02573	W_Y	-0.0887197	A	177.181	OX	3.11691	O_Y	-0.566219				
W_X	3.00524	W_Y	-0.0876161	A	176.794	OX	3.09641	O_Y	-0.565209				
W_X	2.98476	W_Y	-0.0863745	A	176.594	OX	3.07593	O_Y	-0.564062				
W_X	2.96429	W_Y	-0.0850614	A	176.594	OX	3.05545	O_Y	-0.562844				
W_X	2.94255	W_Y	-0.0832268	A	176.425	OX	3.03498	O_Y	-0.561625				
W_X	2.92104	W_Y	-0.0814203	A	176.425	OX	3.0145	O_Y	-0.560346				
W_X	2.90057	W_Y	-0.0800419	A	176.219	OX	2.99403	O_Y	-0.559067				
W_X	2.85966	W_Y	-0.0771392	A	176.013	OX	2.9531	O_Y	-0.556362				
W_X	2.83919	W_Y	-0.0756134	A	176.013	OX	2.93263	O_Y	-0.554935				
W_X	2.81874	W_Y	-0.0740881	A	175.619	OX	2.91216	O_Y	-0.553509				
W_X	2.79828	W_Y	-0.0724214	A	175.619	OX	2.8917	O_Y	-0.551941				
W_X	2.77785	W_Y	-0.070756	A	175.34	OX	2.87126	O_Y	-0.550375				
W_X	2.75741	W_Y	-0.0689906	A	175.34	OX	2.85081	O_Y	-0.548708				
W_X	2.73697	W_Y	-0.0672251	A	175.34	OX	2.83037	O_Y	-0.547042				
W_X	2.6961	W_Y	-0.0636941	A	175.34	OX	2.78948	O_Y	-0.543708				
W_X	2.67626	W_Y	-0.0622189	A	175.34	OX	2.76903	O_Y	-0.542042				
W_X	2.65635	W_Y	-0.0607146	A	175.34	OX	2.74859	O_Y	-0.540376				
W_X	2.65635	W_Y	-0.0607146	A	175.34	OX	2.74859	O_Y	-0.540376				
W_X	2.61548	W_Y	-0.0571188	A	175.152	OX	2.7077	O_Y	-0.536975				
W_X	2.59505	W_Y	-0.0552877	A	175.152	OX	2.68727	O_Y	-0.535242				
W_X	2.57462	W_Y	-0.0534566	A	175.152	OX	2.66683	O_Y	-0.533509				
W_X	2.53376	W_Y	-0.049794	A	175.152	OX	2.62595	O_Y	-0.530042				
W_X	2.51334	W_Y	-0.0479633	A	175.152	OX	2.60552	O_Y	-0.528309				
W_X	2.49284	W_Y	-0.0441199	A	175.152	OX	2.58507	O_Y	-0.526575				
W_X	2.47226	W_Y	-0.0376514	A	175.152	OX	2.56464	O_Y	-0.524842				
W_X	2.45184	W_Y	-0.0357561	A	175.152	OX	2.5442	O_Y	-0.523108				
W_X	2.43141	W_Y	-0.0338608	A	175.152	OX	2.52376	O_Y	-0.521375				
W_X	2.41099	W_Y	-0.0319655	A	175.152	OX	2.50332	O_Y	-0.519641				
W_X	2.37014	W_Y	-0.0281748	A	175.152	OX	2.46244	O_Y	-0.516174				
W_X	2.34972	W_Y	-0.0262803	A	175.152	OX	2.44201	O_Y	-0.514441				
W_X	2.32929	W_Y	-0.0243841	A	175.476	OX	2.42156	O_Y	-0.512707				
W_X	2.30885	W_Y	-0.0226042	A	175.709	OX	2.40111	O_Y	-0.511089				
W_X	2.28841	W_Y	-0.0209073	A	175.862	OX	2.38065	O_Y	-0.509554				
W_X	2.26732	W_Y	-0.0177602	A	176.015	OX	2.36019	O_Y	-0.508074				
W_X	2.2463	W_Y	-0.0148051	A	176.334	OX	2.33972	O_Y	-0.506648				
W_X	2.22583	W_Y	-0.0132999	A	176.487	OX	2.31924	O_Y	-0.505335				
W_X	2.20537	W_Y	-0.0118505	A	176.768	OX	2.29877	O_Y	-0.504079				
W_X	2.1849	W_Y	-0.0105012	A	176.988	OX	2.27829	O_Y	-0.502922				
W_X	2.16443	W_Y	-0.0092306	A	177.196	OX	2.2578	O_Y	-0.501845				
W_X	2.14395	W_Y	-0.00803437	A	177.196	OX	2.23731	O_Y	-0.500841				
W_X	2.12347	W_Y	-0.00683814	A	177.196	OX	2.21682	O_Y	-0.499838				
W_X	2.08251	W_Y	-0.00444571	A	177.196	OX	2.17585	O_Y	-0.497831				
W_X	2.06203	W_Y	-0.0032492	A	177.196	OX	2.15535	O_Y	-0.496828				
W_X	2.03681	W_Y	-0.000674352	A	177.196	OX	2.13487	O_Y	-0.495824				
W_X	2.01427	W_Y	0.00116111	A	177.196	OX	2.11439	O_Y	-0.494822				
W_X	1.99378	W_Y	0.00239435	A	177.196	OX	2.09389	O_Y	-0.493818				
W_X	1.9733	W_Y	0.00362665	A	177.196	OX	2.0734	O_Y	-0.492814				
W_X	1.95283	W_Y	0.00485896	A	177.196	OX	2.05291	O_Y	-0.491811				
W_X	1.91187	W_Y	0.00732354	A	177.196	OX	2.01193	O_Y	-0.489804				
W_X	1.8914	W_Y	0.00855579	A	177.196	OX	1.99145	O_Y	-0.488801				
W_X	1.87093	W_Y	0.0097879	A	177.196	OX	1.97096	O_Y	-0.487798				
W_X	1.85045	W_Y	0.0110202	A	177.196	OX	1.95047	O_Y	-0.486794				
W_X	1.82934	W_Y	0.0144368	A	177.196	OX	1.92998	O_Y	-0.485791				
W_X	1.80703	W_Y	0.0220419	A	177.196	OX	1.90949	O_Y	-0.484788				
W_X	1.78637	W_Y	0.0239828	A	177.196	OX	1.889	O_Y	-0.483784				
W_X	1.74544	W_Y	0.0265587	A	177.196	OX	1.84804	O_Y	-0.481778				
W_X	1.72496	W_Y	0.0278469	A	177.196	OX	1.82755	O_Y	-0.480775				
W_X	1.70449	W_Y	0.0291353	A	177.196	OX	1.80706	O_Y	-0.479772				
W_X	1.68402	W_Y	0.0304236	A	177.38	OX	1.78658	O_Y	-0.478768				
W_X	1.66355	W_Y	0.0316458	A	177.199	OX	1.76609	O_Y	-0.477831				
W_X	1.64308	W_Y	0.0329333	A	177.364	OX	1.7456	O_Y	-0.476828				
W_X	1.6226	W_Y	0.0341619	A	177.529	OX	1.72511	O_Y	-0.475885				
W_X	1.6024	W_Y	0.0377217	A	177.529	OX	1.70461	O_Y	-0.475				
W_X	1.58226	W_Y	0.0416941	A	177.529	OX	1.68411	O_Y	-0.474116				
W_X	1.56178	W_Y	0.0428765	A	177.529	OX	1.66362	O_Y	-0.473232				
W_X	1.5413	W_Y	0.0440587	A	177.529	OX	1.64313	O_Y	-0.472348				
W_X	1.52082	W_Y	0.0452411	A	177.529	OX	1.62263	O_Y	-0.471463				
W_X	1.50034	W_Y	0.0464234	A	177.529	OX	1.60214	O_Y	-0.470579				
W_X	1.45938	W_Y	0.0487881	A	177.529	OX	1.56115	O_Y	-0.468811				
section	back	liner											
section	back	liner											
W_X	1.1126	W_Y	0.0662261	A	177.982	OX	1.45867	O_Y	-0.464683				
W_X	1.09211	W_Y	0.0669855	A	178.717	OX	1.19209	O_Y	-0.457127				
W_X	1.07161	W_Y	0.0677455	A	178.717	OX	1.17159	O_Y	-0.456668				
W_X	1.05111	W_Y	0.0685055	A	178.717	OX	1.15108	O_Y	-0.456208				
W_X	1.03062	W_Y	0.0692654	A	178.717	OX	1.13057	O_Y	-0.455749				
W_X	1.01012	W_Y	0.0700253	A	178.717	OX	1.11007	O_Y	-0.45529				
W_X	0.969121	W_Y	0.0715452	A	179.218	OX	1.06905	O_Y	-0.454371				
W_X	0.948625	W_Y	0.0721256	A	179.218	OX	1.04855	O_Y	-0.454092				
W_X	0.927613	W_Y	0.0718738	A	179.433	OX	1.02803	O_Y	-0.453812				
W_X	0.906341	W_Y	0.0710944	A	179.433	OX	1.00752	O_Y	-0.453609				
W_X	0.885832	W_Y	0.0715701	A	179.433	OX	0.987009	O_Y	-0.453406				
W_X	0.865325	W_Y	0.0720459	A	179.433	OX	0.966498	O_Y	-0.453202				
W_X	0.844808	W_Y	0.0725219	A	179.433	OX	0.945976	O_Y	-0.452999				
W_X	0.824301	W_Y	0.0729976	A	179.433	OX	0.925464	O_Y	-0.452796				
W_X	0.803793	W_Y	0.0734734	A	179.433	OX	0.904952	O_Y	-0.452593				
W_X	0.783286	W_Y	0.0739491	A	179.433	OX	0.88444	O_Y	-0.45239				
W_X	0.762778	W_Y	0.0744249	A	179.433	OX	0.863928	O_Y	-0.452186				
W_X	0.74227	W_Y	0.0749007	A	179.433	OX	0.843416	O_Y	-0.451983				
W_X	0.722118	W_Y	0.0729237	A	179.433	OX	0.822903	O_Y	-0.45178				
W_X	0.681272	W_Y	0.0726477	A	179.433	OX	0.781879	O_Y	-0.451374				
W_X	0.660765	W_Y	0.0731006	A	179.433	OX	0.761367	O_Y	-0.451171				
W_X	0.640256	W_Y	0.0735535	A	179.433	OX	0.740854	O_Y	-0.450967				
W_X	0.619748	W_Y	0.0740064	A	179.61	OX	0.720342	O_Y	-0.450764				
W_X	0.599238	W_Y	0.0743958	A	179.61	OX	0.699829	O_Y	-0.450625				
W_X	0.578729	W_Y	0.0747851	A	179.61	OX	0.679317	O_Y	-0.450485				
W_X	0.55822	W_Y	0.0751744	A	179.61	OX	0.658805	O_Y	-0.450345				
W_X	0.517201	W_Y	0.075953	A	179.61	OX	0.617779	O_Y	-0.450066				
W_X	0.496698	W_Y	0.0752298	A	179.61	OX	0.597266	O_Y	-0.449927				
W_X	0.476215	W_Y	0.0708092	A	179.61	OX	0.576753	O_Y	-0.449787				
W_X	0.455708	W_Y	0.0705506	A	179.61	OX	0.55624	O_Y	-0.449648				
W_X	0.435199	W_Y	0.0708874	A	179.867	OX	0.535728	O_Y	-0.449508				
W_X	0.414686	W_Y	0.0711323	A	179.867	OX	0.515214	O_Y	-0.44946				
W_X	0.394173	W_Y	0.0713772	A	179.867	OX	0.494699	O_Y	-0.449413				
W_X	0.353149	W_Y	0.071867	A	179.867	OX	0.453673	O_Y	-0.449317				
W_X	0.332638	W_Y	0.0721119	A	179.867	OX	0.43316	O_Y	-0.44927				
W_X	0.312124	W_Y	0.0723568	A	179.867	OX	0.412645	O_Y	-0.449222				
W_X	0.293195	W_Y	0.070929	A	-179.98	OX	0.392132	O_Y	-0.449174				
W_X	0.273476	W_Y	0.0702605	A	-179.98	OX	0.371629	O_Y	-0.449181				
W_X	0.252962	W_Y	0.0704198	A	-179.98	OX	0.351114	O_Y	-0.449189				
W_X	0.232441	W_Y	0.0705792	A	-179.637	OX	0.330592	O_Y	-0.449196				
W_X	0.211929	W_Y	0.0706158	A	-179.637	OX	0.310081	O_Y	-0.449326				
W_X	0.191416	W_Y	0.0706523	A	-179.435	OX	0.289568	O_Y	-0.449456				
W_X	0.170903	W_Y	0.0706165	A	-179.435	OX	0.269056	O_Y	-0.449658				
W_X	0.150398	W_Y	0.0705808	A	-179.178	OX	0.248552	O_Y	-0.44986				
W_X	0.129877	W_Y	0.070453	A	-179.178	OX	0.228033	O_Y	-0.450155				
W_X	0.109285	W_Y	0.0693726	A	-179.178	OX	0.207513	O_Y	-0.450449				
W_X	0.0679589	W_Y	0.0650579	A	-179.178	OX	0.166491	O_Y	-0.451037				
W_X	0.0473925	W_Y	0.0644086	A	-179.178	OX	0.145964	O_Y	-0.451332				
W_X	0.0268932	W_Y	0.0642771	A	-179.178	OX	0.125467	O_Y	-0.451626				
W_X	0.00636778	W_Y	0.0641455	A	-179.178	OX	0.104943	O_Y	-0.45192				
W_X	-0.0141442	W_Y	0.064014	A	-179.178	OX	0.0844328	O_Y	-0.452214				
section	back	liner											
