W_X	0.0242429	W_Y	0.00663075	A	0	O_X	0	O_Y	0	g_odom_x	0	g_odom_y	0
W_X	0.0242429	W_Y	0.00663075	A	0	O_X	0	O_Y	0	g_odom_x	0	g_odom_y	0
W_X	0.0242429	W_Y	0.00663075	A	0	O_X	0	O_Y	0	g_odom_x	0	g_odom_y	0
W_X	0.0345011	W_Y	0.00670143	A	0	O_X	0.0102584	O_Y	0	g_odom_x	0	g_odom_y	0
W_X	0.0452965	W_Y	0.00677581	A	0.528235	O_X	0.0210541	O_Y	0	g_odom_x	0	g_odom_y	0
W_X	0.0560907	W_Y	0.00694971	A	0.697385	O_X	0.0318492	O_Y	0.000099528	g_odom_x	0	g_odom_y	0
W_X	0.0668844	W_Y	0.00715547	A	-0.381483	O_X	0.042644	O_Y	0.000230925	g_odom_x	0	g_odom_y	0
W_X	0.0895508	W_Y	0.00716072	A	-1.46035	O_X	0.06531	O_Y	8.00104E-05	g_odom_x	0	g_odom_y	0
W_X	0.100891	W_Y	0.00694978	A	-0.574292	O_X	0.0766487	O_Y	-0.000209054	g_odom_x	0	g_odom_y	0
W_X	0.112768	W_Y	0.00691256	A	0.00270231	O_X	0.0885253	O_Y	-0.0003281	g_odom_x	0	g_odom_y	0
W_X	0.124643	W_Y	0.00699494	A	-0.260303	O_X	0.1004	O_Y	-0.00032754	g_odom_x	0	g_odom_y	0
W_X	0.136526	W_Y	0.00702282	A	-0.486934	O_X	0.112283	O_Y	-0.000381527	g_odom_x	0	g_odom_y	0
W_X	0.148936	W_Y	0.00700286	A	-0.486934	O_X	0.124693	O_Y	-0.000486989	g_odom_x	0	g_odom_y	0
W_X	0.161343	W_Y	0.00698289	A	-0.486934	O_X	0.137099	O_Y	-0.000592431	g_odom_x	0	g_odom_y	0
W_X	0.174308	W_Y	0.00696203	A	-0.0877567	O_X	0.150063	O_Y	-0.00070261	g_odom_x	0	g_odom_y	0
W_X	0.187272	W_Y	0.0070315	A	-0.0877567	O_X	0.163028	O_Y	-0.000722467	g_odom_x	0	g_odom_y	0
W_X	0.213175	W_Y	0.00717029	A	-0.0877567	O_X	0.188931	O_Y	-0.000762142	g_odom_x	0	g_odom_y	0
W_X	0.226669	W_Y	0.00724259	A	-0.0877567	O_X	0.202425	O_Y	-0.00078281	g_odom_x	0	g_odom_y	0
W_X	0.240165	W_Y	0.0073149	A	-0.0877567	O_X	0.215921	O_Y	-0.000803481	g_odom_x	0	g_odom_y	0
W_X	0.25366	W_Y	0.00738721	A	-0.0877567	O_X	0.229417	O_Y	-0.000824151	g_odom_x	0	g_odom_y	0
W_X	0.267152	W_Y	0.0074595	A	-0.0877567	O_X	0.242909	O_Y	-0.000844817	g_odom_x	0	g_odom_y	0
W_X	0.281191	W_Y	0.00753472	A	-0.0877567	O_X	0.256948	O_Y	-0.00086632	g_odom_x	0	g_odom_y	0
W_X	0.281191	W_Y	0.00753472	A	-0.0877567	O_X	0.256948	O_Y	-0.00086632	g_odom_x	0	g_odom_y	0
W_X	0.295766	W_Y	0.00761282	A	-0.0877567	O_X	0.271524	O_Y	-0.000888644	g_odom_x	0	g_odom_y	0
W_X	0.295766	W_Y	0.00761282	A	-0.0877567	O_X	0.271524	O_Y	-0.000888644	g_odom_x	0	g_odom_y	0
W_X	0.295766	W_Y	0.00761282	A	-0.0877567	O_X	0.271524	O_Y	-0.000888644	g_odom_x	0	g_odom_y	0
W_X	0.356379	W_Y	0.00795105	A	-0.0877567	O_X	0.331983	O_Y	-0.000981247	g_odom_x	0	g_odom_y	0
W_X	0.38959	W_Y	0.00963695	A	-0.0877567	O_X	0.347637	O_Y	-0.00100522	g_odom_x	0	g_odom_y	0
W_X	0.42859	W_Y	0.0104224	A	-0.0877567	O_X	0.378947	O_Y	-0.00105318	g_odom_x	0	g_odom_y	0
W_X	0.42859	W_Y	0.0104224	A	-0.0877567	O_X	0.378947	O_Y	-0.00105318	g_odom_x	0	g_odom_y	0
W_X	0.444783	W_Y	0.0104656	A	-0.0877567	O_X	0.395139	O_Y	-0.00107798	g_odom_x	0	g_odom_y	0
W_X	0.477172	W_Y	0.0105521	A	-0.0877567	O_X	0.427529	O_Y	-0.00112759	g_odom_x	0	g_odom_y	0
W_X	0.477172	W_Y	0.0105521	A	-0.0877567	O_X	0.427529	O_Y	-0.00112759	g_odom_x	0	g_odom_y	0
W_X	0.493367	W_Y	0.0105953	A	-0.0877567	O_X	0.443723	O_Y	-0.00115239	g_odom_x	0	g_odom_y	0
W_X	0.541944	W_Y	0.0107249	A	-0.0877567	O_X	0.459918	O_Y	-0.0011772	g_odom_x	0	g_odom_y	0
W_X	0.559225	W_Y	0.0107711	A	-0.0877567	O_X	0.509582	O_Y	-0.00125327	g_odom_x	0	g_odom_y	0
W_X	0.5765	W_Y	0.0108172	A	-0.0877567	O_X	0.526857	O_Y	-0.00127972	g_odom_x	0	g_odom_y	0
W_X	0.594314	W_Y	0.0108647	A	-0.0877567	O_X	0.544671	O_Y	-0.00130701	g_odom_x	0	g_odom_y	0
W_X	0.612129	W_Y	0.0109123	A	-0.0877567	O_X	0.562485	O_Y	-0.00133429	g_odom_x	0	g_odom_y	0
W_X	0.63049	W_Y	0.0109613	A	-0.0877567	O_X	0.580846	O_Y	-0.00136242	g_odom_x	0	g_odom_y	0
W_X	0.653518	W_Y	0.00395536	A	-0.0877567	O_X	0.599207	O_Y	-0.00139054	g_odom_x	0	g_odom_y	0
W_X	0.706347	W_Y	-0.0213409	A	-0.0877567	O_X	0.6359	O_Y	-0.00144674	g_odom_x	0	g_odom_y	0
W_X	0.725797	W_Y	-0.0234354	A	-0.0877567	O_X	0.654264	O_Y	-0.00147487	g_odom_x	0	g_odom_y	0
W_X	0.744686	W_Y	-0.0238282	A	-0.0877567	O_X	0.673158	O_Y	-0.0015038	g_odom_x	0	g_odom_y	0
W_X	0.744686	W_Y	-0.0238282	A	-0.0877567	O_X	0.673158	O_Y	-0.0015038	g_odom_x	0	g_odom_y	0
W_X	0.783004	W_Y	-0.0246251	A	-0.0877567	O_X	0.711484	O_Y	-0.00156251	g_odom_x	0	g_odom_y	0
W_X	0.802435	W_Y	-0.0250292	A	-0.0877567	O_X	0.730919	O_Y	-0.00159227	g_odom_x	0	g_odom_y	0
W_X	0.821865	W_Y	-0.0254334	A	-0.0877567	O_X	0.750354	O_Y	-0.00162204	g_odom_x	0	g_odom_y	0
W_X	0.860724	W_Y	-0.0262415	A	0.226209	O_X	0.789221	O_Y	-0.00168157	g_odom_x	0	g_odom_y	0
W_X	0.880695	W_Y	-0.0265474	A	0.226209	O_X	0.809194	O_Y	-0.00160272	g_odom_x	0	g_odom_y	0
W_X	0.901204	W_Y	-0.0268615	A	0.226209	O_X	0.829705	O_Y	-0.00152174	g_odom_x	0	g_odom_y	0
W_X	0.925287	W_Y	-0.0312422	A	0.226209	O_X	0.85022	O_Y	-0.00144074	g_odom_x	0	g_odom_y	0
W_X	0.959789	W_Y	-0.047932	A	0.226209	O_X	0.870734	O_Y	-0.00135975	g_odom_x	0	g_odom_y	0
W_X	0.981742	W_Y	-0.0503039	A	0.0666683	O_X	0.891247	O_Y	-0.00127876	g_odom_x	0	g_odom_y	0
W_X	1.00224	W_Y	-0.0510334	A	-0.092872	O_X	0.911761	O_Y	-0.00125489	g_odom_x	0	g_odom_y	0
section	ahead	liner											
W_X	1.39048	W_Y	-0.0474599	A	0.155403	O_X	1.05536	O_Y	-0.00139875	g_odom_x	0	g_odom_y	0
W_X	1.41076	W_Y	-0.0476069	A	0.469358	O_X	1.30152	O_Y	0.000280602	g_odom_x	0	g_odom_y	0
W_X	1.42723	W_Y	-0.0364661	A	0.656814	O_X	1.32203	O_Y	0.000448663	g_odom_x	0	g_odom_y	0
W_X	1.44617	W_Y	-0.0324858	A	0.85626	O_X	1.34252	O_Y	0.000683561	g_odom_x	0	g_odom_y	0
W_X	1.44617	W_Y	-0.0324858	A	0.85626	O_X	1.34252	O_Y	0.000683561	g_odom_x	0	g_odom_y	0
W_X	1.48717	W_Y	-0.0334321	A	1.2067	O_X	1.38353	O_Y	0.00135919	g_odom_x	0	g_odom_y	0
W_X	1.50769	W_Y	-0.0338115	A	1.6424	O_X	1.40405	O_Y	0.00179135	g_odom_x	0	g_odom_y	0
W_X	1.5282	W_Y	-0.0340348	A	1.6424	O_X	1.42456	O_Y	0.00237937	g_odom_x	0	g_odom_y	0
W_X	1.54871	W_Y	-0.034258	A	1.6424	O_X	1.44506	O_Y	0.00296727	g_odom_x	0	g_odom_y	0
W_X	1.56922	W_Y	-0.0344812	A	1.6424	O_X	1.46557	O_Y	0.00355518	g_odom_x	0	g_odom_y	0
W_X	1.56922	W_Y	-0.0344812	A	1.6424	O_X	1.46557	O_Y	0.00355518	g_odom_x	0	g_odom_y	0
W_X	1.56922	W_Y	-0.0344812	A	1.6424	O_X	1.46557	O_Y	0.00355518	g_odom_x	0	g_odom_y	0
W_X	1.64374	W_Y	-0.0371909	A	1.6424	O_X	1.54758	O_Y	0.00590686	g_odom_x	0	g_odom_y	0
W_X	1.64374	W_Y	-0.0371909	A	1.6424	O_X	1.54758	O_Y	0.00590686	g_odom_x	0	g_odom_y	0
W_X	1.66426	W_Y	-0.0375305	A	1.95633	O_X	1.56809	O_Y	0.00649498	g_odom_x	0	g_odom_y	0
W_X	1.70528	W_Y	-0.0379849	A	1.77241	O_X	1.6091	O_Y	0.00789569	g_odom_x	0	g_odom_y	0
W_X	1.72579	W_Y	-0.0382778	A	1.77241	O_X	1.6296	O_Y	0.00852994	g_odom_x	0	g_odom_y	0
W_X	1.7463	W_Y	-0.0385708	A	1.77241	O_X	1.6501	O_Y	0.00916442	g_odom_x	0	g_odom_y	0
W_X	1.76681	W_Y	-0.0388637	A	1.77241	O_X	1.6706	O_Y	0.00979887	g_odom_x	0	g_odom_y	0
W_X	1.78474	W_Y	-0.0375011	A	1.77241	O_X	1.69111	O_Y	0.0104333	g_odom_x	0	g_odom_y	0
W_X	1.80561	W_Y	-0.0250177	A	2.23247	O_X	1.73211	O_Y	0.0117023	g_odom_x	0	g_odom_y	0
W_X	1.82139	W_Y	-0.0220013	A	2.52336	O_X	1.75261	O_Y	0.0125013	g_odom_x	0	g_odom_y	0
W_X	1.8419	W_Y	-0.0219442	A	2.75336	O_X	1.7731	O_Y	0.0134044	g_odom_x	0	g_odom_y	0
W_X	1.86242	W_Y	-0.0218047	A	2.75336	O_X	1.7936	O_Y	0.01439	g_odom_x	0	g_odom_y	0
W_X	1.88293	W_Y	-0.0216653	A	2.75336	O_X	1.81409	O_Y	0.0153753	g_odom_x	0	g_odom_y	0
W_X	1.90344	W_Y	-0.0215258	A	2.75336	O_X	1.83458	O_Y	0.0163607	g_odom_x	0	g_odom_y	0
W_X	1.94446	W_Y	-0.021247	A	2.75336	O_X	1.87554	O_Y	0.018331	g_odom_x	0	g_odom_y	0
W_X	1.96498	W_Y	-0.0211075	A	2.75336	O_X	1.89604	O_Y	0.0193168	g_odom_x	0	g_odom_y	0
W_X	1.98549	W_Y	-0.0209681	A	2.75336	O_X	1.91653	O_Y	0.0203022	g_odom_x	0	g_odom_y	0
W_X	1.98549	W_Y	-0.0209681	A	2.75336	O_X	1.91653	O_Y	0.0203022	g_odom_x	0	g_odom_y	0
W_X	2.00325	W_Y	-0.0119485	A	2.75336	O_X	1.95751	O_Y	0.022273	g_odom_x	0	g_odom_y	0
W_X	2.02376	W_Y	-0.0117639	A	2.54514	O_X	1.978	O_Y	0.0232584	g_odom_x	0	g_odom_y	0
W_X	2.04427	W_Y	-0.0116539	A	2.54514	O_X	1.99849	O_Y	0.0241691	g_odom_x	0	g_odom_y	0
W_X	2.06478	W_Y	-0.0115439	A	2.54514	O_X	2.01898	O_Y	0.0250798	g_odom_x	0	g_odom_y	0
W_X	2.1058	W_Y	-0.0113238	A	2.23824	O_X	2.05996	O_Y	0.0269017	g_odom_x	0	g_odom_y	0
W_X	2.12632	W_Y	-0.0113237	A	2.23824	O_X	2.08046	O_Y	0.0277028	g_odom_x	0	g_odom_y	0
W_X	2.14683	W_Y	-0.0113235	A	2.23824	O_X	2.10096	O_Y	0.0285039	g_odom_x	0	g_odom_y	0
W_X	2.16734	W_Y	-0.0113233	A	2.23824	O_X	2.12146	O_Y	0.0293051	g_odom_x	0	g_odom_y	0
W_X	2.18786	W_Y	-0.0113232	A	2.23824	O_X	2.14195	O_Y	0.0301062	g_odom_x	0	g_odom_y	0
W_X	2.20943	W_Y	0.00420438	A	2.23824	O_X	2.16245	O_Y	0.0309074	g_odom_x	0	g_odom_y	0
W_X	2.25102	W_Y	0.013127	A	2.23824	O_X	2.20345	O_Y	0.0325096	g_odom_x	0	g_odom_y	0
W_X	2.27158	W_Y	0.013283	A	2.23824	O_X	2.22399	O_Y	0.0333125	g_odom_x	0	g_odom_y	0
W_X	2.29205	W_Y	0.0134383	A	2.23824	O_X	2.24444	O_Y	0.0341119	g_odom_x	0	g_odom_y	0
W_X	2.29205	W_Y	0.0134383	A	2.23824	O_X	2.24444	O_Y	0.0341119	g_odom_x	0	g_odom_y	0
W_X	2.29205	W_Y	0.0134383	A	2.23824	O_X	2.24444	O_Y	0.0341119	g_odom_x	0	g_odom_y	0
W_X	2.35358	W_Y	0.0139052	A	2.23824	O_X	2.30593	O_Y	0.0365152	g_odom_x	0	g_odom_y	0
W_X	2.3741	W_Y	0.0140608	A	2.23824	O_X	2.32643	O_Y	0.0373164	g_odom_x	0	g_odom_y	0
W_X	2.41512	W_Y	0.0143721	A	2.23824	O_X	2.36742	O_Y	0.0389185	g_odom_x	0	g_odom_y	0
W_X	2.43246	W_Y	0.0197137	A	2.23824	O_X	2.38793	O_Y	0.03972	g_odom_x	0	g_odom_y	0
W_X	2.44024	W_Y	0.0406704	A	2.23824	O_X	2.40842	O_Y	0.040521	g_odom_x	0	g_odom_y	0
W_X	2.45926	W_Y	0.0434316	A	2.04828	O_X	2.42892	O_Y	0.0413221	g_odom_x	0	g_odom_y	0
W_X	2.47978	W_Y	0.0436978	A	2.04828	O_X	2.44943	O_Y	0.0420558	g_odom_x	0	g_odom_y	0
W_X	2.5003	W_Y	0.0439639	A	2.04828	O_X	2.46993	O_Y	0.042789	g_odom_x	0	g_odom_y	0
W_X	2.52081	W_Y	0.0442299	A	2.04828	O_X	2.49044	O_Y	0.0435222	g_odom_x	0	g_odom_y	0
W_X	2.56183	W_Y	0.044762	A	2.04828	O_X	2.53144	O_Y	0.0449886	g_odom_x	0	g_odom_y	0
W_X	2.58235	W_Y	0.0450281	A	2.04828	O_X	2.55194	O_Y	0.0457218	g_odom_x	0	g_odom_y	0
W_X	2.60282	W_Y	0.0453399	A	2.04828	O_X	2.57244	O_Y	0.0464549	g_odom_x	0	g_odom_y	0
W_X	2.61821	W_Y	0.0530724	A	2.04828	O_X	2.59293	O_Y	0.047188	g_odom_x	0	g_odom_y	0
W_X	2.63692	W_Y	0.0560824	A	2.04828	O_X	2.61344	O_Y	0.0479213	g_odom_x	0	g_odom_y	0
W_X	2.65741	W_Y	0.0564861	A	2.04828	O_X	2.63392	O_Y	0.0486538	g_odom_x	0	g_odom_y	0
W_X	2.67791	W_Y	0.0568898	A	2.04828	O_X	2.6544	O_Y	0.0493864	g_odom_x	0	g_odom_y	0
W_X	2.71893	W_Y	0.057698	A	2.04828	O_X	2.6954	O_Y	0.0508527	g_odom_x	0	g_odom_y	0
W_X	2.73943	W_Y	0.058102	A	2.04828	O_X	2.7159	O_Y	0.0515858	g_odom_x	0	g_odom_y	0
W_X	2.75994	W_Y	0.058506	A	2.04828	O_X	2.7364	O_Y	0.052319	g_odom_x	0	g_odom_y	0
W_X	2.78045	W_Y	0.0589101	A	2.04828	O_X	2.7569	O_Y	0.0530522	g_odom_x	0	g_odom_y	0
W_X	2.80096	W_Y	0.0593142	A	1.71832	O_X	2.7774	O_Y	0.0537853	g_odom_x	0	g_odom_y	0
W_X	2.82026	W_Y	0.0614293	A	1.38835	O_X	2.7979	O_Y	0.0544002	g_odom_x	0	g_odom_y	0
W_X	2.83734	W_Y	0.0668841	A	1.38835	O_X	2.81841	O_Y	0.0548974	g_odom_x	0	g_odom_y	0
W_X	2.85785	W_Y	0.0671368	A	1.18002	O_X	2.83893	O_Y	0.0553946	g_odom_x	0	g_odom_y	0
W_X	2.87835	W_Y	0.0673025	A	1.18002	O_X	2.85943	O_Y	0.0558169	g_odom_x	0	g_odom_y	0
W_X	2.89886	W_Y	0.0674683	A	1.18002	O_X	2.87993	O_Y	0.0562393	g_odom_x	0	g_odom_y	0
W_X	2.91938	W_Y	0.0676341	A	1.18002	O_X	2.90044	O_Y	0.0566617	g_odom_x	0	g_odom_y	0
W_X	2.93989	W_Y	0.0677999	A	1.18002	O_X	2.92095	O_Y	0.0570842	g_odom_x	0	g_odom_y	0
W_X	2.98091	W_Y	0.0681315	A	1.18002	O_X	2.96196	O_Y	0.057929	g_odom_x	0	g_odom_y	0
W_X	3.00143	W_Y	0.0682974	A	0.763561	O_X	2.98248	O_Y	0.0583516	g_odom_x	0	g_odom_y	0
W_X	3.02194	W_Y	0.0683141	A	0.763561	O_X	3.00299	O_Y	0.0586249	g_odom_x	0	g_odom_y	0
W_X	3.04265	W_Y	0.074107	A	0.579653	O_X	3.02351	O_Y	0.0588983	g_odom_x	0	g_odom_y	0
W_X	3.06329	W_Y	0.0781134	A	0.579653	O_X	3.04402	O_Y	0.0591058	g_odom_x	0	g_odom_y	0
W_X	3.0838	W_Y	0.0781465	A	0.579653	O_X	3.06453	O_Y	0.0593134	g_odom_x	0	g_odom_y	0
W_X	3.10432	W_Y	0.0781795	A	0.579653	O_X	3.08504	O_Y	0.0595209	g_odom_x	0	g_odom_y	0
W_X	3.12483	W_Y	0.0782126	A	0.579653	O_X	3.10555	O_Y	0.0597284	g_odom_x	0	g_odom_y	0
W_X	3.16585	W_Y	0.0782788	A	0.260574	O_X	3.14657	O_Y	0.0601434	g_odom_x	0	g_odom_y	0
W_X	3.18636	W_Y	0.0781976	A	-0.0328452	O_X	3.16709	O_Y	0.0602367	g_odom_x	0	g_odom_y	0
W_X	3.20687	W_Y	0.0780114	A	-0.186289	O_X	3.1876	O_Y	0.060225	g_odom_x	0	g_odom_y	0
W_X	3.22739	W_Y	0.0777703	A	-0.339748	O_X	3.20811	O_Y	0.0601583	g_odom_x	0	g_odom_y	0
W_X	3.24754	W_Y	0.0791385	A	-0.499291	O_X	3.22863	O_Y	0.0600366	g_odom_x	0	g_odom_y	0
W_X	3.26626	W_Y	0.087098	A	-0.683171	O_X	3.24914	O_Y	0.0598579	g_odom_x	0	g_odom_y	0
W_X	3.2865	W_Y	0.0879939	A	-0.86705	O_X	3.26965	O_Y	0.0596133	g_odom_x	0	g_odom_y	0
W_X	3.32751	W_Y	0.0871024	A	-0.86705	O_X	3.31067	O_Y	0.0589925	g_odom_x	0	g_odom_y	0
W_X	3.34802	W_Y	0.0866567	A	-0.86705	O_X	3.33118	O_Y	0.0586821	g_odom_x	0	g_odom_y	0
W_X	3.36853	W_Y	0.086211	A	-0.86705	O_X	3.35169	O_Y	0.0583717	g_odom_x	0	g_odom_y	0
W_X	3.38904	W_Y	0.0857652	A	-1.06312	O_X	3.3722	O_Y	0.0580612	g_odom_x	0	g_odom_y	0
W_X	3.40954	W_Y	0.0852493	A	-1.06312	O_X	3.39271	O_Y	0.0576807	g_odom_x	0	g_odom_y	0
W_X	3.43005	W_Y	0.0847334	A	-1.24094	O_X	3.41322	O_Y	0.0573	g_odom_x	0	g_odom_y	0
W_X	3.45056	W_Y	0.0841537	A	-1.41877	O_X	3.43373	O_Y	0.0568557	g_odom_x	0	g_odom_y	0
W_X	3.49076	W_Y	0.0852716	A	-1.41877	O_X	3.47475	O_Y	0.0558399	g_odom_x	0	g_odom_y	0
W_X	3.50998	W_Y	0.0884215	A	-1.41877	O_X	3.49525	O_Y	0.0553321	g_odom_x	0	g_odom_y	0
W_X	3.53048	W_Y	0.0877452	A	-1.41877	O_X	3.51576	O_Y	0.0548242	g_odom_x	0	g_odom_y	0
W_X	3.55099	W_Y	0.0870689	A	-1.65135	O_X	3.53626	O_Y	0.0543163	g_odom_x	0	g_odom_y	0
W_X	3.57149	W_Y	0.0863093	A	-2.02394	O_X	3.55677	O_Y	0.0537252	g_odom_x	0	g_odom_y	0
W_X	3.59198	W_Y	0.0854165	A	-2.02394	O_X	3.57727	O_Y	0.0530008	g_odom_x	0	g_odom_y	0
W_X	3.61247	W_Y	0.0845237	A	-2.02394	O_X	3.59777	O_Y	0.0522764	g_odom_x	0	g_odom_y	0
W_X	3.65346	W_Y	0.0827381	A	-2.39171	O_X	3.63877	O_Y	0.0508274	g_odom_x	0	g_odom_y	0
W_X	3.67394	W_Y	0.0817138	A	-2.58778	O_X	3.65926	O_Y	0.0499715	g_odom_x	0	g_odom_y	0
W_X	3.69443	W_Y	0.080619	A	-2.58778	O_X	3.67976	O_Y	0.049045	g_odom_x	0	g_odom_y	0
W_X	3.71505	W_Y	0.0822885	A	-2.58778	O_X	3.70025	O_Y	0.0481191	g_odom_x	0	g_odom_y	0
W_X	3.7356	W_Y	0.0824889	A	-2.58778	O_X	3.72074	O_Y	0.0471929	g_odom_x	0	g_odom_y	0
W_X	3.75608	W_Y	0.0813852	A	-2.58778	O_X	3.74123	O_Y	0.0462668	g_odom_x	0	g_odom_y	0
W_X	3.79703	W_Y	0.0791789	A	-2.58778	O_X	3.78219	O_Y	0.0444155	g_odom_x	0	g_odom_y	0
W_X	3.81752	W_Y	0.0780745	A	-2.58778	O_X	3.80269	O_Y	0.0434888	g_odom_x	0	g_odom_y	0
W_X	3.83801	W_Y	0.0769708	A	-2.85688	O_X	3.82319	O_Y	0.0425627	g_odom_x	0	g_odom_y	0
W_X	3.83801	W_Y	0.0769708	A	-2.85688	O_X	3.82319	O_Y	0.0425627	g_odom_x	0	g_odom_y	0
W_X	3.87896	W_Y	0.0745708	A	-3.07729	O_X	3.86416	O_Y	0.0405178	g_odom_x	0	g_odom_y	0
W_X	3.89944	W_Y	0.0732921	A	-3.07729	O_X	3.88465	O_Y	0.0394167	g_odom_x	0	g_odom_y	0
W_X	3.92049	W_Y	0.0729518	A	-3.07729	O_X	3.90513	O_Y	0.0383155	g_odom_x	0	g_odom_y	0
W_X	3.96352	W_Y	0.0738038	A	-3.70072	O_X	3.9461	O_Y	0.0361131	g_odom_x	0	g_odom_y	0
W_X	3.98417	W_Y	0.0726213	A	-3.70072	O_X	3.96657	O_Y	0.0347891	g_odom_x	0	g_odom_y	0
W_X	4.00463	W_Y	0.0711279	A	-3.86025	O_X	3.98703	O_Y	0.0334651	g_odom_x	0	g_odom_y	0
W_X	4.02508	W_Y	0.0695774	A	-3.86025	O_X	4.0075	O_Y	0.0320841	g_odom_x	0	g_odom_y	0
W_X	4.04554	W_Y	0.0680268	A	-4.03196	O_X	4.02797	O_Y	0.030703	g_odom_x	0	g_odom_y	0
W_X	4.04554	W_Y	0.0680268	A	-4.03196	O_X	4.02797	O_Y	0.030703	g_odom_x	0	g_odom_y	0
W_X	4.08644	W_Y	0.0648034	A	-4.03196	O_X	4.06889	O_Y	0.0278184	g_odom_x	0	g_odom_y	0
W_X	4.12734	W_Y	0.0615799	A	-4.03196	O_X	4.10982	O_Y	0.0249337	g_odom_x	0	g_odom_y	0
W_X	4.14779	W_Y	0.0599681	A	-4.03196	O_X	4.13028	O_Y	0.0234913	g_odom_x	0	g_odom_y	0
W_X	4.16842	W_Y	0.0588271	A	-4.03196	O_X	4.15075	O_Y	0.0220486	g_odom_x	0	g_odom_y	0
W_X	4.18902	W_Y	0.0575912	A	-4.03196	O_X	4.17121	O_Y	0.0206067	g_odom_x	0	g_odom_y	0
W_X	4.20947	W_Y	0.0559448	A	-4.03196	O_X	4.19167	O_Y	0.0191643	g_odom_x	0	g_odom_y	0
W_X	4.22991	W_Y	0.0542993	A	-4.03196	O_X	4.21212	O_Y	0.0177226	g_odom_x	0	g_odom_y	0
W_X	4.25036	W_Y	0.0526528	A	-4.03196	O_X	4.23259	O_Y	0.0162801	g_odom_x	0	g_odom_y	0
W_X	4.27081	W_Y	0.0510057	A	-4.03196	O_X	4.25306	O_Y	0.0148371	g_odom_x	0	g_odom_y	0
W_X	4.29126	W_Y	0.0493594	A	-4.03196	O_X	4.27352	O_Y	0.0133948	g_odom_x	0	g_odom_y	0
W_X	4.31171	W_Y	0.047713	A	-4.03196	O_X	4.29398	O_Y	0.0119523	g_odom_x	0	g_odom_y	0
W_X	4.33215	W_Y	0.0460669	A	-4.1854	O_X	4.31444	O_Y	0.0105101	g_odom_x	0	g_odom_y	0
W_X	4.35256	W_Y	0.0444209	A	-4.35712	O_X	4.3349	O_Y	0.00901289	g_odom_x	0	g_odom_y	0
W_X	4.37217	W_Y	0.0440352	A	-4.35712	O_X	4.35536	O_Y	0.00745432	g_odom_x	0	g_odom_y	0
W_X	4.41277	W_Y	0.0409728	A	-4.35712	O_X	4.39626	O_Y	0.0043383	g_odom_x	0	g_odom_y	0
W_X	4.45365	W_Y	0.0373462	A	-4.70055	O_X	4.43717	O_Y	0.0010978	g_odom_x	0	g_odom_y	0
W_X	4.47408	W_Y	0.0354725	A	-4.70055	O_X	4.45761	O_Y	-0.000583001	g_odom_x	0	g_odom_y	0
W_X	4.47408	W_Y	0.0354725	A	-4.70055	O_X	4.45761	O_Y	-0.000583001	g_odom_x	0	g_odom_y	0
W_X	4.49451	W_Y	0.0335981	A	-4.70055	O_X	4.47806	O_Y	-0.00226439	g_odom_x	0	g_odom_y	0
W_X	4.51493	W_Y	0.0317244	A	-4.70055	O_X	4.4985	O_Y	-0.00394518	g_odom_x	0	g_odom_y	0
W_X	4.53536	W_Y	0.0298507	A	-4.70055	O_X	4.51894	O_Y	-0.00562598	g_odom_x	0	g_odom_y	0
W_X	4.57621	W_Y	0.0261027	A	-4.70055	O_X	4.55983	O_Y	-0.00898803	g_odom_x	0	g_odom_y	0
W_X	4.61726	W_Y	0.0226899	A	-4.53141	O_X	4.60072	O_Y	-0.0122896	g_odom_x	0	g_odom_y	0
W_X	4.64014	W_Y	0.0243857	A	-4.31356	O_X	4.62117	O_Y	-0.0139102	g_odom_x	0	g_odom_y	0
W_X	4.64014	W_Y	0.0243857	A	-4.31356	O_X	4.62117	O_Y	-0.0139102	g_odom_x	0	g_odom_y	0
W_X	4.66128	W_Y	0.0236646	A	-4.31356	O_X	4.64163	O_Y	-0.0154534	g_odom_x	0	g_odom_y	0
W_X	4.68172	W_Y	0.0219429	A	-4.09575	O_X	4.66208	O_Y	-0.0169958	g_odom_x	0	g_odom_y	0
W_X	4.74306	W_Y	0.0171654	A	-3.87794	O_X	4.72347	O_Y	-0.0212351	g_odom_x	0	g_odom_y	0
W_X	4.74306	W_Y	0.0171654	A	-3.87794	O_X	4.72347	O_Y	-0.0212351	g_odom_x	0	g_odom_y	0
W_X	4.784	W_Y	0.014084	A	-3.72706	O_X	4.76443	O_Y	-0.0239575	g_odom_x	0	g_odom_y	0
W_X	4.80445	W_Y	0.0125718	A	-3.72706	O_X	4.78489	O_Y	-0.0252903	g_odom_x	0	g_odom_y	0
W_X	4.8249	W_Y	0.0110591	A	-3.72706	O_X	4.80535	O_Y	-0.0266236	g_odom_x	0	g_odom_y	0
W_X	4.84478	W_Y	0.0126351	A	-3.72706	O_X	4.82583	O_Y	-0.0279573	g_odom_x	0	g_odom_y	0
W_X	4.86417	W_Y	0.0168136	A	-3.72706	O_X	4.8463	O_Y	-0.029291	g_odom_x	0	g_odom_y	0
W_X	4.90508	W_Y	0.0138706	A	-3.72706	O_X	4.88724	O_Y	-0.0319576	g_odom_x	0	g_odom_y	0
W_X	4.92553	W_Y	0.0123998	A	-3.72706	O_X	4.9077	O_Y	-0.0332903	g_odom_x	0	g_odom_y	0
W_X	4.94601	W_Y	0.0109269	A	-3.72706	O_X	4.92818	O_Y	-0.0346249	g_odom_x	0	g_odom_y	0
W_X	4.96647	W_Y	0.00945519	A	-3.72706	O_X	4.94865	O_Y	-0.0359584	g_odom_x	0	g_odom_y	0
W_X	4.98692	W_Y	0.00798422	A	-3.72706	O_X	4.96911	O_Y	-0.0372912	g_odom_x	0	g_odom_y	0
W_X	5.00739	W_Y	0.00651226	A	-3.72706	O_X	4.98959	O_Y	-0.0386249	g_odom_x	0	g_odom_y	0
W_X	5.02785	W_Y	0.0050403	A	-3.72706	O_X	5.01006	O_Y	-0.0399586	g_odom_x	0	g_odom_y	0
W_X	5.06877	W_Y	0.00209699	A	-3.72706	O_X	5.051	O_Y	-0.0426255	g_odom_x	0	g_odom_y	0
W_X	5.0898	W_Y	0.00129326	A	-3.72706	O_X	5.07146	O_Y	-0.043958	g_odom_x	0	g_odom_y	0
W_X	5.11073	W_Y	0.000375577	A	-3.72706	O_X	5.09192	O_Y	-0.0452907	g_odom_x	0	g_odom_y	0
W_X	5.1312	W_Y	-0.00108559	A	-3.72706	O_X	5.1124	O_Y	-0.046625	g_odom_x	0	g_odom_y	0
W_X	5.15169	W_Y	-0.00254796	A	-3.72706	O_X	5.1329	O_Y	-0.0479604	g_odom_x	0	g_odom_y	0
W_X	5.17212	W_Y	-0.00400581	A	-3.72706	O_X	5.15334	O_Y	-0.0492917	g_odom_x	0	g_odom_y	0
W_X	5.19255	W_Y	-0.00546366	A	-3.72706	O_X	5.17377	O_Y	-0.0506229	g_odom_x	0	g_odom_y	0
W_X	5.23347	W_Y	-0.00838413	A	-3.72706	O_X	5.21471	O_Y	-0.0532898	g_odom_x	0	g_odom_y	0
W_X	5.25392	W_Y	-0.00984343	A	-3.72706	O_X	5.23517	O_Y	-0.0546224	g_odom_x	0	g_odom_y	0
W_X	5.27658	W_Y	-0.006846	A	-3.72706	O_X	5.25564	O_Y	-0.0559559	g_odom_x	0	g_odom_y	0
W_X	5.30022	W_Y	-0.00187642	A	-3.72706	O_X	5.27611	O_Y	-0.0572893	g_odom_x	0	g_odom_y	0
W_X	5.32068	W_Y	-0.00332596	A	-3.51524	O_X	5.29659	O_Y	-0.0586231	g_odom_x	0	g_odom_y	0
W_X	5.34119	W_Y	-0.00470229	A	-3.51524	O_X	5.3171	O_Y	-0.0598834	g_odom_x	0	g_odom_y	0
W_X	5.3617	W_Y	-0.00607861	A	-3.51524	O_X	5.33762	O_Y	-0.0611438	g_odom_x	0	g_odom_y	0
W_X	5.40259	W_Y	-0.0088224	A	-3.51524	O_X	5.37852	O_Y	-0.0636564	g_odom_x	0	g_odom_y	0
W_X	5.42305	W_Y	-0.0101958	A	-3.51524	O_X	5.39899	O_Y	-0.064914	g_odom_x	0	g_odom_y	0
W_X	5.44352	W_Y	-0.0115694	A	-3.51524	O_X	5.41947	O_Y	-0.0661719	g_odom_x	0	g_odom_y	0
W_X	5.46399	W_Y	-0.0129428	A	-3.51524	O_X	5.43994	O_Y	-0.0674295	g_odom_x	0	g_odom_y	0
W_X	5.48446	W_Y	-0.0143163	A	-3.51524	O_X	5.46042	O_Y	-0.0686873	g_odom_x	0	g_odom_y	0
W_X	5.50222	W_Y	-0.0107968	A	-3.51524	O_X	5.48089	O_Y	-0.069945	g_odom_x	0	g_odom_y	0
W_X	5.54178	W_Y	-0.0111008	A	-3.51524	O_X	5.52184	O_Y	-0.0724605	g_odom_x	0	g_odom_y	0
W_X	5.56223	W_Y	-0.0124878	A	-3.51524	O_X	5.5423	O_Y	-0.0737174	g_odom_x	0	g_odom_y	0
W_X	5.58272	W_Y	-0.013877	A	-3.51524	O_X	5.5628	O_Y	-0.0749762	g_odom_x	0	g_odom_y	0
W_X	5.60318	W_Y	-0.0152646	A	-3.51524	O_X	5.58326	O_Y	-0.0762336	g_odom_x	0	g_odom_y	0
W_X	5.62364	W_Y	-0.0166525	A	-3.51524	O_X	5.60374	O_Y	-0.0774913	g_odom_x	0	g_odom_y	0
W_X	5.6441	W_Y	-0.0180394	A	-3.51524	O_X	5.6242	O_Y	-0.0787481	g_odom_x	0	g_odom_y	0
W_X	5.66457	W_Y	-0.0194276	A	-3.51524	O_X	5.64467	O_Y	-0.0800061	g_odom_x	0	g_odom_y	0
W_X	5.68505	W_Y	-0.0208168	A	-3.51524	O_X	5.66517	O_Y	-0.0812649	g_odom_x	0	g_odom_y	0
W_X	5.70572	W_Y	-0.0208602	A	-3.51524	O_X	5.68564	O_Y	-0.0825223	g_odom_x	0	g_odom_y	0
W_X	5.72692	W_Y	-0.0174724	A	-3.51524	O_X	5.70611	O_Y	-0.0837801	g_odom_x	0	g_odom_y	0
W_X	5.74742	W_Y	-0.0185789	A	-3.51524	O_X	5.72659	O_Y	-0.0850379	g_odom_x	0	g_odom_y	0
W_X	5.76789	W_Y	-0.0199563	A	-3.51524	O_X	5.74706	O_Y	-0.0862958	g_odom_x	0	g_odom_y	0
W_X	5.78836	W_Y	-0.0213334	A	-3.51524	O_X	5.76754	O_Y	-0.0875534	g_odom_x	0	g_odom_y	0
W_X	5.80882	W_Y	-0.0227105	A	-3.51524	O_X	5.78801	O_Y	-0.0888111	g_odom_x	0	g_odom_y	0
W_X	5.84976	W_Y	-0.025465	A	-3.51524	O_X	5.82896	O_Y	-0.0913266	g_odom_x	0	g_odom_y	0
W_X	5.87023	W_Y	-0.0268425	A	-3.51524	O_X	5.84944	O_Y	-0.0925846	g_odom_x	0	g_odom_y	0
W_X	5.8907	W_Y	-0.0282196	A	-3.51524	O_X	5.86991	O_Y	-0.0938423	g_odom_x	0	g_odom_y	0
W_X	5.91116	W_Y	-0.0295969	A	-3.51524	O_X	5.89039	O_Y	-0.0951001	g_odom_x	0	g_odom_y	0
W_X	5.93204	W_Y	-0.0325725	A	-3.51524	O_X	5.91086	O_Y	-0.0963576	g_odom_x	0	g_odom_y	0
W_X	5.95288	W_Y	-0.0354529	A	-3.51524	O_X	5.93134	O_Y	-0.0976157	g_odom_x	0	g_odom_y	0
W_X	5.97335	W_Y	-0.0368626	A	-3.51524	O_X	5.95182	O_Y	-0.0988738	g_odom_x	0	g_odom_y	0
W_X	6.01428	W_Y	-0.0396813	A	-3.51524	O_X	5.99277	O_Y	-0.101389	g_odom_x	0	g_odom_y	0
W_X	6.03474	W_Y	-0.0410903	A	-3.51524	O_X	6.01324	O_Y	-0.102647	g_odom_x	0	g_odom_y	0
W_X	6.05521	W_Y	-0.0425003	A	-3.19986	O_X	6.03372	O_Y	-0.103905	g_odom_x	0	g_odom_y	0
W_X	6.07568	W_Y	-0.0437964	A	-3.19986	O_X	6.05419	O_Y	-0.10505	g_odom_x	0	g_odom_y	0
W_X	6.09618	W_Y	-0.045095	A	-2.94519	O_X	6.07471	O_Y	-0.106196	g_odom_x	0	g_odom_y	0
W_X	6.11669	W_Y	-0.0463025	A	-2.94519	O_X	6.09522	O_Y	-0.107252	g_odom_x	0	g_odom_y	0
W_X	6.15784	W_Y	-0.0487719	A	-2.94519	O_X	6.13615	O_Y	-0.109357	g_odom_x	0	g_odom_y	0
W_X	6.18143	W_Y	-0.0507618	A	-2.94519	O_X	6.15665	O_Y	-0.110412	g_odom_x	0	g_odom_y	0
W_X	6.20267	W_Y	-0.0521748	A	-2.94519	O_X	6.17713	O_Y	-0.111466	g_odom_x	0	g_odom_y	0
W_X	6.22316	W_Y	-0.0533948	A	-2.94519	O_X	6.19762	O_Y	-0.11252	g_odom_x	0	g_odom_y	0
W_X	6.24363	W_Y	-0.0546146	A	-2.94519	O_X	6.21811	O_Y	-0.113574	g_odom_x	0	g_odom_y	0
W_X	6.26411	W_Y	-0.0558342	A	-2.94519	O_X	6.2386	O_Y	-0.114628	g_odom_x	0	g_odom_y	0
W_X	6.28459	W_Y	-0.0570538	A	-2.94519	O_X	6.25908	O_Y	-0.115682	g_odom_x	0	g_odom_y	0
W_X	6.32554	W_Y	-0.059493	A	-2.94519	O_X	6.30005	O_Y	-0.11779	g_odom_x	0	g_odom_y	0
W_X	6.34602	W_Y	-0.0607127	A	-2.94519	O_X	6.32054	O_Y	-0.118844	g_odom_x	0	g_odom_y	0
W_X	6.36648	W_Y	-0.0619316	A	-2.94519	O_X	6.34101	O_Y	-0.119897	g_odom_x	0	g_odom_y	0
W_X	6.38944	W_Y	-0.0647374	A	-2.94519	O_X	6.36149	O_Y	-0.120951	g_odom_x	0	g_odom_y	0
W_X	6.41407	W_Y	-0.0686752	A	-2.94519	O_X	6.38198	O_Y	-0.122005	g_odom_x	0	g_odom_y	0
W_X	6.4346	W_Y	-0.0699508	A	-2.94519	O_X	6.40253	O_Y	-0.123062	g_odom_x	0	g_odom_y	0
W_X	6.45501	W_Y	-0.0712184	A	-2.94519	O_X	6.42295	O_Y	-0.124113	g_odom_x	0	g_odom_y	0
W_X	6.4755	W_Y	-0.0724915	A	-2.94519	O_X	6.44345	O_Y	-0.125168	g_odom_x	0	g_odom_y	0
W_X	6.49598	W_Y	-0.0737635	A	-2.66644	O_X	6.46394	O_Y	-0.126222	g_odom_x	0	g_odom_y	0
W_X	6.51646	W_Y	-0.0749359	A	-2.66644	O_X	6.48444	O_Y	-0.127176	g_odom_x	0	g_odom_y	0
W_X	6.53694	W_Y	-0.076108	A	-2.66644	O_X	6.50493	O_Y	-0.128131	g_odom_x	0	g_odom_y	0
W_X	6.55742	W_Y	-0.0772801	A	-2.66644	O_X	6.52542	O_Y	-0.129085	g_odom_x	0	g_odom_y	0
W_X	6.57789	W_Y	-0.078452	A	-2.66644	O_X	6.5459	O_Y	-0.130039	g_odom_x	0	g_odom_y	0
W_X	6.59814	W_Y	-0.081199	A	-2.66644	O_X	6.56639	O_Y	-0.130993	g_odom_x	0	g_odom_y	0
W_X	6.63898	W_Y	-0.0843649	A	-2.66644	O_X	6.60737	O_Y	-0.132902	g_odom_x	0	g_odom_y	0
W_X	6.65946	W_Y	-0.0855492	A	-2.66644	O_X	6.62786	O_Y	-0.133856	g_odom_x	0	g_odom_y	0
W_X	6.67994	W_Y	-0.0867336	A	-2.4851	O_X	6.64835	O_Y	-0.13481	g_odom_x	0	g_odom_y	0
W_X	6.70043	W_Y	-0.087853	A	-2.4851	O_X	6.66885	O_Y	-0.1357	g_odom_x	0	g_odom_y	0
W_X	6.72091	W_Y	-0.0889728	A	-2.28547	O_X	6.68935	O_Y	-0.136589	g_odom_x	0	g_odom_y	0
W_X	6.7414	W_Y	-0.0900211	A	-2.28547	O_X	6.70985	O_Y	-0.137408	g_odom_x	0	g_odom_y	0
W_X	6.78236	W_Y	-0.0921165	A	-2.28547	O_X	6.75082	O_Y	-0.139043	g_odom_x	0	g_odom_y	0
W_X	6.80286	W_Y	-0.0931652	A	-2.28547	O_X	6.77133	O_Y	-0.139862	g_odom_x	0	g_odom_y	0
W_X	6.82314	W_Y	-0.0916481	A	-2.01283	O_X	6.79183	O_Y	-0.14068	g_odom_x	0	g_odom_y	0
W_X	6.84295	W_Y	-0.0838948	A	-1.84974	O_X	6.81233	O_Y	-0.1414	g_odom_x	0	g_odom_y	0
W_X	6.86333	W_Y	-0.0834136	A	-1.63192	O_X	6.83283	O_Y	-0.142062	g_odom_x	0	g_odom_y	0
W_X	6.88384	W_Y	-0.0842005	A	-1.63192	O_X	6.85334	O_Y	-0.142647	g_odom_x	0	g_odom_y	0
W_X	6.90434	W_Y	-0.0849875	A	-1.63192	O_X	6.87385	O_Y	-0.143231	g_odom_x	0	g_odom_y	0
W_X	6.94533	W_Y	-0.0865611	A	-1.63192	O_X	6.91485	O_Y	-0.144399	g_odom_x	0	g_odom_y	0
W_X	6.96583	W_Y	-0.0873481	A	-1.63192	O_X	6.93536	O_Y	-0.144983	g_odom_x	0	g_odom_y	0
W_X	6.98632	W_Y	-0.0881349	A	-1.63192	O_X	6.95586	O_Y	-0.145567	g_odom_x	0	g_odom_y	0
W_X	7.00689	W_Y	-0.0884202	A	-1.47492	O_X	6.97637	O_Y	-0.146152	g_odom_x	0	g_odom_y	0
W_X	7.02836	W_Y	-0.0810901	A	-1.47492	O_X	6.99688	O_Y	-0.14668	g_odom_x	0	g_odom_y	0
W_X	7.04914	W_Y	-0.0793164	A	-1.47492	O_X	7.01737	O_Y	-0.147207	g_odom_x	0	g_odom_y	0
W_X	7.06963	W_Y	-0.0799972	A	-1.47492	O_X	7.03787	O_Y	-0.147735	g_odom_x	0	g_odom_y	0
W_X	7.09015	W_Y	-0.0806789	A	-1.47492	O_X	7.0584	O_Y	-0.148264	g_odom_x	0	g_odom_y	0
W_X	7.11066	W_Y	-0.0813599	A	-1.26314	O_X	7.0789	O_Y	-0.148792	g_odom_x	0	g_odom_y	0
W_X	7.13116	W_Y	-0.0819651	A	-1.11225	O_X	7.09941	O_Y	-0.149244	g_odom_x	0	g_odom_y	0
W_X	7.15167	W_Y	-0.0825164	A	-1.11225	O_X	7.11992	O_Y	-0.149642	g_odom_x	0	g_odom_y	0
W_X	7.17217	W_Y	-0.0830676	A	-0.857882	O_X	7.14043	O_Y	-0.15004	g_odom_x	0	g_odom_y	0
W_X	7.19268	W_Y	-0.0835277	A	-0.857882	O_X	7.16094	O_Y	-0.150347	g_odom_x	0	g_odom_y	0
W_X	7.2126	W_Y	-0.0796935	A	-0.857882	O_X	7.18145	O_Y	-0.150654	g_odom_x	0	g_odom_y	0
W_X	7.25233	W_Y	-0.071079	A	-0.251743	O_X	7.22247	O_Y	-0.151269	g_odom_x	0	g_odom_y	0
W_X	7.27284	W_Y	-0.0712819	A	-0.00338336	O_X	7.24299	O_Y	-0.151359	g_odom_x	0	g_odom_y	0
W_X	7.29334	W_Y	-0.0713957	A	-0.00338336	O_X	7.26348	O_Y	-0.15136	g_odom_x	0	g_odom_y	0
W_X	7.31386	W_Y	-0.0715097	A	0.263267	O_X	7.28401	O_Y	-0.151361	g_odom_x	0	g_odom_y	0
W_X	7.33438	W_Y	-0.0715282	A	0.263267	O_X	7.30452	O_Y	-0.151267	g_odom_x	0	g_odom_y	0
W_X	7.35489	W_Y	-0.0715467	A	0.481113	O_X	7.32503	O_Y	-0.151173	g_odom_x	0	g_odom_y	0
W_X	7.3959	W_Y	-0.0714277	A	0.69896	O_X	7.36604	O_Y	-0.150828	g_odom_x	0	g_odom_y	0
W_X	7.41643	W_Y	-0.0712901	A	0.69896	O_X	7.38657	O_Y	-0.150578	g_odom_x	0	g_odom_y	0
W_X	7.43694	W_Y	-0.0711526	A	0.69896	O_X	7.40708	O_Y	-0.150328	g_odom_x	0	g_odom_y	0
W_X	7.45587	W_Y	-0.0624493	A	0.545516	O_X	7.42759	O_Y	-0.150077	g_odom_x	0	g_odom_y	0
W_X	7.47518	W_Y	-0.0559458	A	0.696417	O_X	7.44811	O_Y	-0.149882	g_odom_x	0	g_odom_y	0
W_X	7.4957	W_Y	-0.0557106	A	0.696417	O_X	7.46862	O_Y	-0.149633	g_odom_x	0	g_odom_y	0
W_X	7.51621	W_Y	-0.0554755	A	0.696417	O_X	7.48914	O_Y	-0.149383	g_odom_x	0	g_odom_y	0
W_X	7.55722	W_Y	-0.0550056	A	0.696417	O_X	7.53015	O_Y	-0.148885	g_odom_x	0	g_odom_y	0
W_X	7.57774	W_Y	-0.0547704	A	0.696417	O_X	7.55067	O_Y	-0.148635	g_odom_x	0	g_odom_y	0
W_X	7.59824	W_Y	-0.0545355	A	0.853638	O_X	7.57117	O_Y	-0.148386	g_odom_x	0	g_odom_y	0
W_X	7.61877	W_Y	-0.0542439	A	1.00432	O_X	7.59169	O_Y	-0.14808	g_odom_x	0	g_odom_y	0
W_X	7.63929	W_Y	-0.0538985	A	1.00432	O_X	7.61221	O_Y	-0.147721	g_odom_x	0	g_odom_y	0
W_X	7.65847	W_Y	-0.0511785	A	1.22217	O_X	7.63272	O_Y	-0.147361	g_odom_x	0	g_odom_y	0
W_X	7.67145	W_Y	-0.0372165	A	1.44003	O_X	7.65322	O_Y	-0.146924	g_odom_x	0	g_odom_y	0
W_X	7.71116	W_Y	-0.0337413	A	1.44003	O_X	7.69423	O_Y	-0.145893	g_odom_x	0	g_odom_y	0
W_X	7.73166	W_Y	-0.0331633	A	1.44003	O_X	7.71473	O_Y	-0.145378	g_odom_x	0	g_odom_y	0
W_X	7.75215	W_Y	-0.0325851	A	1.59097	O_X	7.73523	O_Y	-0.144862	g_odom_x	0	g_odom_y	0
W_X	7.77266	W_Y	-0.0319527	A	1.59097	O_X	7.75573	O_Y	-0.144293	g_odom_x	0	g_odom_y	0
W_X	7.79316	W_Y	-0.0313202	A	1.59097	O_X	7.77624	O_Y	-0.143723	g_odom_x	0	g_odom_y	0
W_X	7.81366	W_Y	-0.0306879	A	1.59097	O_X	7.79674	O_Y	-0.143154	g_odom_x	0	g_odom_y	0
W_X	7.83417	W_Y	-0.0300553	A	1.59097	O_X	7.81725	O_Y	-0.142584	g_odom_x	0	g_odom_y	0
W_X	7.85468	W_Y	-0.0294225	A	1.59097	O_X	7.83776	O_Y	-0.142014	g_odom_x	0	g_odom_y	0
W_X	7.87528	W_Y	-0.0222374	A	1.59097	O_X	7.85826	O_Y	-0.141445	g_odom_x	0	g_odom_y	0
W_X	7.89587	W_Y	-0.0128106	A	1.59097	O_X	7.87877	O_Y	-0.140876	g_odom_x	0	g_odom_y	0
W_X	7.91637	W_Y	-0.0120851	A	1.59097	O_X	7.89928	O_Y	-0.140306	g_odom_x	0	g_odom_y	0
W_X	7.93687	W_Y	-0.0113597	A	1.59097	O_X	7.91978	O_Y	-0.139736	g_odom_x	0	g_odom_y	0
W_X	7.95737	W_Y	-0.0106343	A	1.59097	O_X	7.94029	O_Y	-0.139167	g_odom_x	0	g_odom_y	0
W_X	7.99837	W_Y	-0.00918375	A	1.59097	O_X	7.98129	O_Y	-0.138028	g_odom_x	0	g_odom_y	0
W_X	8.01887	W_Y	-0.00845805	A	1.59097	O_X	8.0018	O_Y	-0.137458	g_odom_x	0	g_odom_y	0
W_X	8.03937	W_Y	-0.00773264	A	1.75403	O_X	8.02231	O_Y	-0.136889	g_odom_x	0	g_odom_y	0
W_X	8.05987	W_Y	-0.00694882	A	1.75403	O_X	8.04281	O_Y	-0.136261	g_odom_x	0	g_odom_y	0
W_X	8.08038	W_Y	-0.00589186	A	1.75403	O_X	8.06331	O_Y	-0.135633	g_odom_x	0	g_odom_y	0
W_X	8.10135	W_Y	0.00421233	A	1.75403	O_X	8.08382	O_Y	-0.135005	g_odom_x	0	g_odom_y	0
W_X	8.12199	W_Y	0.00814188	A	1.95374	O_X	8.10432	O_Y	-0.134377	g_odom_x	0	g_odom_y	0
W_X	8.16297	W_Y	0.00996067	A	2.15344	O_X	8.14532	O_Y	-0.132979	g_odom_x	0	g_odom_y	0
W_X	8.18347	W_Y	0.0109421	A	1.84664	O_X	8.16582	O_Y	-0.132208	g_odom_x	0	g_odom_y	0
W_X	8.20396	W_Y	0.0118134	A	1.84664	O_X	8.18633	O_Y	-0.131547	g_odom_x	0	g_odom_y	0
W_X	8.22447	W_Y	0.0126854	A	1.84664	O_X	8.20685	O_Y	-0.130885	g_odom_x	0	g_odom_y	0
W_X	8.24497	W_Y	0.0135566	A	1.69318	O_X	8.22735	O_Y	-0.130224	g_odom_x	0	g_odom_y	0
W_X	8.26546	W_Y	0.014373	A	1.69318	O_X	8.24785	O_Y	-0.129618	g_odom_x	0	g_odom_y	0
W_X	8.28596	W_Y	0.0151893	A	1.69318	O_X	8.26835	O_Y	-0.129012	g_odom_x	0	g_odom_y	0
W_X	8.32648	W_Y	0.0226913	A	1.69318	O_X	8.30936	O_Y	-0.1278	g_odom_x	0	g_odom_y	0
W_X	8.34587	W_Y	0.036229	A	1.69318	O_X	8.32987	O_Y	-0.127194	g_odom_x	0	g_odom_y	0
W_X	8.36636	W_Y	0.0371472	A	1.69318	O_X	8.35037	O_Y	-0.126587	g_odom_x	0	g_odom_y	0
W_X	8.38686	W_Y	0.0380655	A	1.69318	O_X	8.37088	O_Y	-0.125981	g_odom_x	0	g_odom_y	0
W_X	8.40735	W_Y	0.0389837	A	1.69318	O_X	8.39138	O_Y	-0.125375	g_odom_x	0	g_odom_y	0
W_X	8.42783	W_Y	0.0399015	A	1.69318	O_X	8.41187	O_Y	-0.124769	g_odom_x	0	g_odom_y	0
W_X	8.44834	W_Y	0.0408203	A	1.69318	O_X	8.43239	O_Y	-0.124163	g_odom_x	0	g_odom_y	0
W_X	8.46883	W_Y	0.0417385	A	1.69318	O_X	8.45289	O_Y	-0.123557	g_odom_x	0	g_odom_y	0
W_X	8.48932	W_Y	0.0426568	A	1.69318	O_X	8.4734	O_Y	-0.122951	g_odom_x	0	g_odom_y	0
W_X	8.50981	W_Y	0.043575	A	1.69318	O_X	8.4939	O_Y	-0.122345	g_odom_x	0	g_odom_y	0
W_X	8.52939	W_Y	0.0515105	A	1.49713	O_X	8.5144	O_Y	-0.121739	g_odom_x	0	g_odom_y	0
W_X	8.54908	W_Y	0.0583586	A	1.49713	O_X	8.53491	O_Y	-0.121203	g_odom_x	0	g_odom_y	0
W_X	8.56957	W_Y	0.0592798	A	1.18535	O_X	8.55542	O_Y	-0.120667	g_odom_x	0	g_odom_y	0
W_X	8.61056	W_Y	0.0608989	A	0.873566	O_X	8.59642	O_Y	-0.119818	g_odom_x	0	g_odom_y	0
W_X	8.63109	W_Y	0.061598	A	0.566662	O_X	8.61696	O_Y	-0.119505	g_odom_x	0	g_odom_y	0
W_X	8.65158	W_Y	0.0621861	A	0.566662	O_X	8.63746	O_Y	-0.119302	g_odom_x	0	g_odom_y	0
W_X	8.67208	W_Y	0.0627745	A	0.566662	O_X	8.65797	O_Y	-0.119099	g_odom_x	0	g_odom_y	0
W_X	8.69259	W_Y	0.0633627	A	0.566662	O_X	8.67848	O_Y	-0.118897	g_odom_x	0	g_odom_y	0
W_X	8.7131	W_Y	0.0639513	A	0.566662	O_X	8.699	O_Y	-0.118694	g_odom_x	0	g_odom_y	0
W_X	8.73361	W_Y	0.0645398	A	0.566662	O_X	8.71952	O_Y	-0.118491	g_odom_x	0	g_odom_y	0
W_X	8.77462	W_Y	0.0657165	A	0.566662	O_X	8.76054	O_Y	-0.118085	g_odom_x	0	g_odom_y	0
W_X	8.77462	W_Y	0.0657165	A	0.566662	O_X	8.76054	O_Y	-0.118085	g_odom_x	0	g_odom_y	0
W_X	8.81866	W_Y	0.0757672	A	0.566662	O_X	8.80154	O_Y	-0.11768	g_odom_x	0	g_odom_y	0
W_X	8.83917	W_Y	0.0763968	A	0.566662	O_X	8.82206	O_Y	-0.117477	g_odom_x	0	g_odom_y	0
W_X	8.85967	W_Y	0.0770264	A	0.566662	O_X	8.84257	O_Y	-0.117274	g_odom_x	0	g_odom_y	0
W_X	8.88017	W_Y	0.0776559	A	0.566662	O_X	8.86308	O_Y	-0.117071	g_odom_x	0	g_odom_y	0
W_X	8.90068	W_Y	0.0782854	A	0.566662	O_X	8.88359	O_Y	-0.116868	g_odom_x	0	g_odom_y	0
W_X	8.94168	W_Y	0.0795444	A	0.566662	O_X	8.92462	O_Y	-0.116462	g_odom_x	0	g_odom_y	0
W_X	8.96219	W_Y	0.080174	A	0.566662	O_X	8.94513	O_Y	-0.116259	g_odom_x	0	g_odom_y	0
W_X	8.98598	W_Y	0.0868078	A	0.273211	O_X	8.96564	O_Y	-0.116056	g_odom_x	0	g_odom_y	0
W_X	9.01203	W_Y	0.0975769	A	0.107583	O_X	8.98616	O_Y	-0.115959	g_odom_x	0	g_odom_y	0
W_X	9.03254	W_Y	0.0981128	A	0.107583	O_X	9.00667	O_Y	-0.11592	g_odom_x	0	g_odom_y	0
W_X	9.05304	W_Y	0.0986487	A	-0.0519548	O_X	9.02718	O_Y	-0.115882	g_odom_x	0	g_odom_y	0
W_X	9.07355	W_Y	0.0991275	A	-0.211493	O_X	9.0477	O_Y	-0.1159	g_odom_x	0	g_odom_y	0
W_X	9.11457	W_Y	0.0999708	A	-0.211493	O_X	9.08872	O_Y	-0.116052	g_odom_x	0	g_odom_y	0
W_X	9.13506	W_Y	0.100392	A	-0.211493	O_X	9.10922	O_Y	-0.116127	g_odom_x	0	g_odom_y	0
W_X	9.15556	W_Y	0.100814	A	-0.211493	O_X	9.12973	O_Y	-0.116203	g_odom_x	0	g_odom_y	0
W_X	9.17607	W_Y	0.101235	A	-0.211493	O_X	9.15024	O_Y	-0.116279	g_odom_x	0	g_odom_y	0
W_X	9.19658	W_Y	0.101657	A	-0.211493	O_X	9.17075	O_Y	-0.116354	g_odom_x	0	g_odom_y	0
W_X	9.21864	W_Y	0.111451	A	-0.389225	O_X	9.19126	O_Y	-0.11643	g_odom_x	0	g_odom_y	0
W_X	9.23982	W_Y	0.115866	A	-0.566956	O_X	9.21178	O_Y	-0.11657	g_odom_x	0	g_odom_y	0
W_X	9.26034	W_Y	0.116205	A	-0.566956	O_X	9.2323	O_Y	-0.116773	g_odom_x	0	g_odom_y	0
W_X	9.28085	W_Y	0.116544	A	-0.732576	O_X	9.25281	O_Y	-0.116976	g_odom_x	0	g_odom_y	0
W_X	9.30136	W_Y	0.116823	A	-0.732576	O_X	9.27333	O_Y	-0.117238	g_odom_x	0	g_odom_y	0
W_X	9.32187	W_Y	0.117102	A	-1.00161	O_X	9.29384	O_Y	-0.1175	g_odom_x	0	g_odom_y	0
W_X	9.34238	W_Y	0.117285	A	-1.24028	O_X	9.31435	O_Y	-0.117859	g_odom_x	0	g_odom_y	0
W_X	9.3629	W_Y	0.117383	A	-1.47895	O_X	9.33486	O_Y	-0.118303	g_odom_x	0	g_odom_y	0
W_X	9.40392	W_Y	0.117407	A	-1.88325	O_X	9.37587	O_Y	-0.119362	g_odom_x	0	g_odom_y	0
W_X	9.42499	W_Y	0.118664	A	-1.88325	O_X	9.39637	O_Y	-0.120036	g_odom_x	0	g_odom_y	0
W_X	9.44708	W_Y	0.122495	A	-2.04887	O_X	9.41688	O_Y	-0.12071	g_odom_x	0	g_odom_y	0
W_X	9.46762	W_Y	0.122363	A	-2.23885	O_X	9.43738	O_Y	-0.121443	g_odom_x	0	g_odom_y	0
W_X	9.48812	W_Y	0.122096	A	-2.23885	O_X	9.45786	O_Y	-0.122244	g_odom_x	0	g_odom_y	0
W_X	9.50863	W_Y	0.121829	A	-2.23885	O_X	9.47836	O_Y	-0.123046	g_odom_x	0	g_odom_y	0
W_X	9.52914	W_Y	0.121561	A	-2.23885	O_X	9.49885	O_Y	-0.123847	g_odom_x	0	g_odom_y	0
W_X	9.57016	W_Y	0.121026	A	-2.23885	O_X	9.53985	O_Y	-0.12545	g_odom_x	0	g_odom_y	0
W_X	9.5907	W_Y	0.120759	A	-2.23885	O_X	9.56037	O_Y	-0.126252	g_odom_x	0	g_odom_y	0
W_X	9.61119	W_Y	0.120492	A	-2.4286	O_X	9.58084	O_Y	-0.127052	g_odom_x	0	g_odom_y	0
W_X	9.63169	W_Y	0.120156	A	-2.4286	O_X	9.60133	O_Y	-0.127921	g_odom_x	0	g_odom_y	0
W_X	9.66915	W_Y	0.133302	A	-2.4286	O_X	9.62183	O_Y	-0.128791	g_odom_x	0	g_odom_y	0
W_X	9.68966	W_Y	0.132955	A	-2.7355	O_X	9.66281	O_Y	-0.130584	g_odom_x	0	g_odom_y	0
W_X	9.68966	W_Y	0.132955	A	-2.7355	O_X	9.66281	O_Y	-0.130584	g_odom_x	0	g_odom_y	0
W_X	9.73068	W_Y	0.13215	A	-3.06675	O_X	9.70379	O_Y	-0.132542	g_odom_x	0	g_odom_y	0
W_X	9.75118	W_Y	0.131629	A	-3.35408	O_X	9.72428	O_Y	-0.133639	g_odom_x	0	g_odom_y	0
W_X	9.77169	W_Y	0.131006	A	-3.59275	O_X	9.74476	O_Y	-0.134839	g_odom_x	0	g_odom_y	0
W_X	9.79218	W_Y	0.130297	A	-3.84359	O_X	9.76523	O_Y	-0.136125	g_odom_x	0	g_odom_y	0
W_X	9.83317	W_Y	0.1287	A	-4.03361	O_X	9.80615	O_Y	-0.138874	g_odom_x	0	g_odom_y	0
W_X	9.83317	W_Y	0.1287	A	-4.03361	O_X	9.80615	O_Y	-0.138874	g_odom_x	0	g_odom_y	0
W_X	9.87119	W_Y	0.128556	A	-4.22363	O_X	9.84708	O_Y	-0.141829	g_odom_x	0	g_odom_y	0
W_X	9.87119	W_Y	0.128556	A	-4.22363	O_X	9.84708	O_Y	-0.141829	g_odom_x	0	g_odom_y	0
W_X	9.91143	W_Y	0.127082	A	-4.42577	O_X	9.888	O_Y	-0.14485	g_odom_x	0	g_odom_y	0
W_X	9.91143	W_Y	0.127082	A	-4.42577	O_X	9.888	O_Y	-0.14485	g_odom_x	0	g_odom_y	0
W_X	9.93192	W_Y	0.126065	A	-4.42577	O_X	9.90845	O_Y	-0.146433	g_odom_x	0	g_odom_y	0
W_X	9.9524	W_Y	0.125048	A	-4.62791	O_X	9.9289	O_Y	-0.148016	g_odom_x	0	g_odom_y	0
W_X	10.0138	W_Y	0.121635	A	-5.22217	O_X	9.99023	O_Y	-0.153126	g_odom_x	0	g_odom_y	0
W_X	10.0138	W_Y	0.121635	A	-5.22217	O_X	9.99023	O_Y	-0.153126	g_odom_x	0	g_odom_y	0
W_X	10.0548	W_Y	0.119031	A	-5.22217	O_X	10.0311	O_Y	-0.15686	g_odom_x	0	g_odom_y	0
W_X	10.0747	W_Y	0.117372	A	-5.44865	O_X	10.0515	O_Y	-0.158727	g_odom_x	0	g_odom_y	0
W_X	10.094	W_Y	0.115286	A	-5.44865	O_X	10.0719	O_Y	-0.160675	g_odom_x	0	g_odom_y	0
W_X	10.1145	W_Y	0.113877	A	-5.68734	O_X	10.0924	O_Y	-0.162623	g_odom_x	0	g_odom_y	0
W_X	10.1349	W_Y	0.112383	A	-5.92603	O_X	10.1128	O_Y	-0.164656	g_odom_x	0	g_odom_y	0
W_X	10.1758	W_Y	0.109225	A	-6.67116	O_X	10.1536	O_Y	-0.168891	g_odom_x	0	g_odom_y	0
W_X	10.1963	W_Y	0.10738	A	-6.67116	O_X	10.174	O_Y	-0.171275	g_odom_x	0	g_odom_y	0
W_X	10.2167	W_Y	0.105536	A	-6.67116	O_X	10.1943	O_Y	-0.173658	g_odom_x	0	g_odom_y	0
W_X	10.2371	W_Y	0.103691	A	-6.67116	O_X	10.2147	O_Y	-0.176041	g_odom_x	0	g_odom_y	0
W_X	10.2575	W_Y	0.101846	A	-6.67116	O_X	10.2351	O_Y	-0.178424	g_odom_x	0	g_odom_y	0
W_X	10.278	W_Y	0.100001	A	-6.85505	O_X	10.2554	O_Y	-0.180807	g_odom_x	0	g_odom_y	0
W_X	10.2978	W_Y	0.102305	A	-7.03893	O_X	10.2758	O_Y	-0.183255	g_odom_x	0	g_odom_y	0
W_X	10.3383	W_Y	0.10075	A	-7.03893	O_X	10.3165	O_Y	-0.188283	g_odom_x	0	g_odom_y	0
W_X	10.3587	W_Y	0.0987736	A	-7.21672	O_X	10.3369	O_Y	-0.190796	g_odom_x	0	g_odom_y	0
W_X	10.3791	W_Y	0.0967332	A	-7.21672	O_X	10.3572	O_Y	-0.193373	g_odom_x	0	g_odom_y	0
W_X	10.3995	W_Y	0.0946928	A	-7.43713	O_X	10.3776	O_Y	-0.19595	g_odom_x	0	g_odom_y	0
W_X	10.4199	W_Y	0.0925742	A	-7.43713	O_X	10.3979	O_Y	-0.198605	g_odom_x	0	g_odom_y	0
W_X	10.4199	W_Y	0.0925742	A	-7.43713	O_X	10.3979	O_Y	-0.198605	g_odom_x	0	g_odom_y	0
W_X	10.4199	W_Y	0.0925742	A	-7.43713	O_X	10.3979	O_Y	-0.198605	g_odom_x	0	g_odom_y	0
W_X	10.4199	W_Y	0.0925742	A	-7.43713	O_X	10.3979	O_Y	-0.198605	g_odom_x	0	g_odom_y	0
W_X	10.5216	W_Y	0.0830489	A	-8.00713	O_X	10.4996	O_Y	-0.21237	g_odom_x	0	g_odom_y	0
section	ahead	liner											
W_X	10.8264	W_Y	0.0558223	A	-8.27014	O_X	10.6011	O_Y	-0.226938	g_odom_x	0	g_odom_y	0
W_X	10.8467	W_Y	0.0531827	A	-9.06015	O_X	10.8243	O_Y	-0.260289	g_odom_x	0	g_odom_y	0
W_X	10.867	W_Y	0.0504622	A	-9.2136	O_X	10.8445	O_Y	-0.263519	g_odom_x	0	g_odom_y	0
W_X	10.8858	W_Y	0.0479062	A	-9.2136	O_X	10.8632	O_Y	-0.266545	g_odom_x	0	g_odom_y	0
W_X	10.9045	W_Y	0.0453503	A	-9.2136	O_X	10.8818	O_Y	-0.26957	g_odom_x	0	g_odom_y	0
W_X	10.9409	W_Y	0.0403167	A	-9.2136	O_X	10.9181	O_Y	-0.275447	g_odom_x	0	g_odom_y	0
W_X	10.9592	W_Y	0.033555	A	-9.2136	O_X	10.9356	O_Y	-0.278299	g_odom_x	0	g_odom_y	0
W_X	10.9771	W_Y	0.0292238	A	-9.2136	O_X	10.9532	O_Y	-0.281151	g_odom_x	0	g_odom_y	0
W_X	10.9948	W_Y	0.0267437	A	-9.01398	O_X	10.9709	O_Y	-0.284019	g_odom_x	0	g_odom_y	0
W_X	11.0119	W_Y	0.0244233	A	-9.01398	O_X	10.9879	O_Y	-0.286711	g_odom_x	0	g_odom_y	0
section	ahead	liner											
section	Arc	ahead											
X	11.321	Y	-0.327793	A	-4.75488	g_odom_x	0	g_odom_y	0				
X	11.37	Y	-0.331602	A	-3.91267	g_odom_x	0	g_odom_y	0				
X	11.6128	Y	-0.335169	A	2.70545	g_odom_x	0	g_odom_y	0				
X	11.6772	Y	-0.33154	A	4.39733	g_odom_x	0	g_odom_y	0				
X	11.7256	Y	-0.327469	A	5.74491	g_odom_x	0	g_odom_y	0				
X	11.774	Y	-0.322302	A	7.51697	g_odom_x	0	g_odom_y	0				
X	11.806	Y	-0.317914	A	8.67704	g_odom_x	0	g_odom_y	0				
X	11.8381	Y	-0.31293	A	9.6423	g_odom_x	0	g_odom_y	0				
X	11.9018	Y	-0.301516	A	11.3293	g_odom_x	0	g_odom_y	0				
X	11.9483	Y	-0.291808	A	12.7255	g_odom_x	0	g_odom_y	0				
X	12.0244	Y	-0.27343	A	15.0077	g_odom_x	0	g_odom_y	0				
X	12.0546	Y	-0.265183	A	15.9971	g_odom_x	0	g_odom_y	0				
X	12.0996	Y	-0.251813	A	17.661	g_odom_x	0	g_odom_y	0				
X	12.1443	Y	-0.237259	A	19.258	g_odom_x	0	g_odom_y	0				
X	12.1738	Y	-0.226792	A	20.2659	g_odom_x	0	g_odom_y	0				
X	12.2176	Y	-0.210097	A	21.8934	g_odom_x	0	g_odom_y	0				
X	12.2466	Y	-0.198134	A	23.6487	g_odom_x	0	g_odom_y	0				
X	12.3036	Y	-0.172265	A	25.6581	g_odom_x	0	g_odom_y	0				
X	12.3458	Y	-0.151815	A	27.0723	g_odom_x	0	g_odom_y	0				
X	12.3875	Y	-0.130046	A	28.6634	g_odom_x	0	g_odom_y	0				
X	12.4554	Y	-0.0911928	A	31.6818	g_odom_x	0	g_odom_y	0				
X	12.482	Y	-0.0746157	A	32.8053	g_odom_x	0	g_odom_y	0				
X	12.534	Y	-0.0398547	A	35.2591	g_odom_x	0	g_odom_y	0				
X	12.5847	Y	-0.00307048	A	37.5488	g_odom_x	0	g_odom_y	0				
X	12.6324	Y	0.0349806	A	40.3799	g_odom_x	0	g_odom_y	0				
X	12.6779	Y	0.0747475	A	42.9741	g_odom_x	0	g_odom_y	0				
X	12.6999	Y	0.0954871	A	44.2985	g_odom_x	0	g_odom_y	0				
X	12.7214	Y	0.116724	A	46.2667	g_odom_x	0	g_odom_y	0				
X	12.7524	Y	0.149858	A	48.3813	g_odom_x	0	g_odom_y	0				
X	12.782	Y	0.184127	A	50.6416	g_odom_x	0	g_odom_y	0				
X	12.8197	Y	0.231431	A	53.4243	g_odom_x	0	g_odom_y	0				
X	12.8375	Y	0.255827	A	54.913	g_odom_x	0	g_odom_y	0				
X	12.8547	Y	0.280682	A	56.4567	g_odom_x	0	g_odom_y	0				
X	12.8935	Y	0.342368	A	60.5833	g_odom_x	0	g_odom_y	0				
X	12.9076	Y	0.367866	A	62.3826	g_odom_x	0	g_odom_y	0				
X	12.9329	Y	0.418604	A	66.1148	g_odom_x	0	g_odom_y	0				
X	12.9438	Y	0.443874	A	68.1339	g_odom_x	0	g_odom_y	0				
X	12.9537	Y	0.46899	A	69.9812	g_odom_x	0	g_odom_y	0				
X	12.9693	Y	0.518956	A	75.9216	g_odom_x	0	g_odom_y	0				
X	12.981	Y	0.571085	A	79.895	g_odom_x	0	g_odom_y	0				
X	12.9856	Y	0.60096	A	83.1344	g_odom_x	0	g_odom_y	0				
X	12.9976	Y	0.73212	A	85.9729	g_odom_x	0	g_odom_y	0				
section	amcl_linear_Y_ahead												
W_X	13.0181	W_Y	1.3527	A	86.6874	O_X	13.0048	O_Y	0.849026	g_odom_x	0	g_odom_y	0
W_X	13.0188	W_Y	1.36942	A	86.8382	O_X	13.015	O_Y	1.03283	g_odom_x	0	g_odom_y	0
W_X	13.0195	W_Y	1.38614	A	86.8382	O_X	13.0159	O_Y	1.04954	g_odom_x	0	g_odom_y	0
W_X	13.0202	W_Y	1.40232	A	86.8382	O_X	13.0168	O_Y	1.0657	g_odom_x	0	g_odom_y	0
W_X	13.0209	W_Y	1.41851	A	86.8382	O_X	13.0177	O_Y	1.08189	g_odom_x	0	g_odom_y	0
W_X	13.0216	W_Y	1.43523	A	86.8382	O_X	13.0186	O_Y	1.0986	g_odom_x	0	g_odom_y	0
W_X	13.0219	W_Y	1.45378	A	87.0865	O_X	13.0196	O_Y	1.11531	g_odom_x	0	g_odom_y	0
W_X	13.022	W_Y	1.47253	A	87.0865	O_X	13.0204	O_Y	1.13202	g_odom_x	0	g_odom_y	0
W_X	13.0226	W_Y	1.48925	A	87.0865	O_X	13.0213	O_Y	1.14873	g_odom_x	0	g_odom_y	0
W_X	13.0233	W_Y	1.50598	A	87.0865	O_X	13.0221	O_Y	1.16544	g_odom_x	0	g_odom_y	0
section	amcl_linear_Y_ahead												
W_X	13.0311	W_Y	1.82718	A	86.9147	O_X	13.03	O_Y	1.31585	g_odom_x	0	g_odom_y	0
W_X	13.0311	W_Y	1.82718	A	86.9147	O_X	13.039	O_Y	1.48294	g_odom_x	0	g_odom_y	0
W_X	13.0324	W_Y	1.86062	A	86.9147	O_X	13.0408	O_Y	1.51636	g_odom_x	0	g_odom_y	0
W_X	13.033	W_Y	1.87681	A	86.9147	O_X	13.0417	O_Y	1.53253	g_odom_x	0	g_odom_y	0
W_X	13.0337	W_Y	1.89498	A	86.9147	O_X	13.0425	O_Y	1.5487	g_odom_x	0	g_odom_y	0
W_X	13.0346	W_Y	1.91739	A	86.9147	O_X	13.0434	O_Y	1.56486	g_odom_x	0	g_odom_y	0
W_X	13.0353	W_Y	1.9338	A	86.9147	O_X	13.0443	O_Y	1.58104	g_odom_x	0	g_odom_y	0
W_X	13.0353	W_Y	1.9338	A	86.9147	O_X	13.0443	O_Y	1.58104	g_odom_x	0	g_odom_y	0
W_X	13.0367	W_Y	1.96724	A	86.6395	O_X	13.0461	O_Y	1.61446	g_odom_x	0	g_odom_y	0
W_X	13.0367	W_Y	1.96724	A	86.6395	O_X	13.0461	O_Y	1.61446	g_odom_x	0	g_odom_y	0
W_X	13.0383	W_Y	2.00067	A	86.6395	O_X	13.0481	O_Y	1.64787	g_odom_x	0	g_odom_y	0
W_X	13.0398	W_Y	2.0341	A	86.6395	O_X	13.0501	O_Y	1.68127	g_odom_x	0	g_odom_y	0
W_X	13.0406	W_Y	2.05082	A	86.6395	O_X	13.0511	O_Y	1.69798	g_odom_x	0	g_odom_y	0
W_X	13.0413	W_Y	2.06754	A	86.6395	O_X	13.052	O_Y	1.71469	g_odom_x	0	g_odom_y	0
W_X	13.0421	W_Y	2.08426	A	86.6395	O_X	13.053	O_Y	1.7314	g_odom_x	0	g_odom_y	0
W_X	13.0428	W_Y	2.10098	A	86.6395	O_X	13.054	O_Y	1.74811	g_odom_x	0	g_odom_y	0
W_X	13.0436	W_Y	2.11791	A	86.6395	O_X	13.055	O_Y	1.76481	g_odom_x	0	g_odom_y	0
W_X	13.0434	W_Y	2.13844	A	86.6395	O_X	13.056	O_Y	1.78152	g_odom_x	0	g_odom_y	0
W_X	13.0439	W_Y	2.1564	A	86.6395	O_X	13.0569	O_Y	1.79826	g_odom_x	0	g_odom_y	0
W_X	13.0446	W_Y	2.17315	A	86.6395	O_X	13.0579	O_Y	1.815	g_odom_x	0	g_odom_y	0
W_X	13.0461	W_Y	2.20655	A	86.6395	O_X	13.0599	O_Y	1.84838	g_odom_x	0	g_odom_y	0
W_X	13.0469	W_Y	2.22327	A	86.6395	O_X	13.0609	O_Y	1.86508	g_odom_x	0	g_odom_y	0
W_X	13.0477	W_Y	2.23998	A	86.6395	O_X	13.0618	O_Y	1.88179	g_odom_x	0	g_odom_y	0
W_X	13.0484	W_Y	2.2567	A	86.6395	O_X	13.0628	O_Y	1.89849	g_odom_x	0	g_odom_y	0
W_X	13.0492	W_Y	2.27342	A	86.6395	O_X	13.0638	O_Y	1.9152	g_odom_x	0	g_odom_y	0
W_X	13.0499	W_Y	2.29015	A	86.6395	O_X	13.0648	O_Y	1.93192	g_odom_x	0	g_odom_y	0
W_X	13.0507	W_Y	2.30687	A	86.6395	O_X	13.0658	O_Y	1.94863	g_odom_x	0	g_odom_y	0
W_X	13.052	W_Y	2.3407	A	87.0022	O_X	13.0677	O_Y	1.98203	g_odom_x	0	g_odom_y	0
W_X	13.0498	W_Y	2.362	A	86.8244	O_X	13.0686	O_Y	1.99874	g_odom_x	0	g_odom_y	0
W_X	13.0494	W_Y	2.3803	A	87.0482	O_X	13.0695	O_Y	2.01545	g_odom_x	0	g_odom_y	0
W_X	13.0501	W_Y	2.39703	A	87.0482	O_X	13.0704	O_Y	2.03216	g_odom_x	0	g_odom_y	0
W_X	13.0507	W_Y	2.41321	A	87.0482	O_X	13.0712	O_Y	2.04834	g_odom_x	0	g_odom_y	0
W_X	13.0513	W_Y	2.42993	A	87.0482	O_X	13.0721	O_Y	2.06505	g_odom_x	0	g_odom_y	0
W_X	13.0519	W_Y	2.44666	A	87.0482	O_X	13.073	O_Y	2.08176	g_odom_x	0	g_odom_y	0
W_X	13.0531	W_Y	2.4801	A	87.0482	O_X	13.0747	O_Y	2.11519	g_odom_x	0	g_odom_y	0
W_X	13.0537	W_Y	2.49683	A	87.0482	O_X	13.0755	O_Y	2.1319	g_odom_x	0	g_odom_y	0
W_X	13.0543	W_Y	2.51354	A	87.0482	O_X	13.0764	O_Y	2.14861	g_odom_x	0	g_odom_y	0
W_X	13.0549	W_Y	2.53027	A	87.0482	O_X	13.0773	O_Y	2.16532	g_odom_x	0	g_odom_y	0
W_X	13.0554	W_Y	2.54737	A	87.0482	O_X	13.0781	O_Y	2.18203	g_odom_x	0	g_odom_y	0
W_X	13.0531	W_Y	2.57105	A	87.0482	O_X	13.079	O_Y	2.19875	g_odom_x	0	g_odom_y	0
W_X	13.0528	W_Y	2.58997	A	87.0482	O_X	13.0798	O_Y	2.21546	g_odom_x	0	g_odom_y	0
W_X	13.0534	W_Y	2.6067	A	87.0482	O_X	13.0807	O_Y	2.23219	g_odom_x	0	g_odom_y	0
W_X	13.0541	W_Y	2.62343	A	87.0482	O_X	13.0816	O_Y	2.2489	g_odom_x	0	g_odom_y	0
W_X	13.0547	W_Y	2.64015	A	87.0482	O_X	13.0824	O_Y	2.26561	g_odom_x	0	g_odom_y	0
W_X	13.0553	W_Y	2.65687	A	87.0482	O_X	13.0833	O_Y	2.28232	g_odom_x	0	g_odom_y	0
W_X	13.056	W_Y	2.67359	A	87.0482	O_X	13.0842	O_Y	2.29903	g_odom_x	0	g_odom_y	0
W_X	13.0566	W_Y	2.69031	A	87.0482	O_X	13.085	O_Y	2.31575	g_odom_x	0	g_odom_y	0
W_X	13.0578	W_Y	2.72376	A	87.0482	O_X	13.0867	O_Y	2.34917	g_odom_x	0	g_odom_y	0
W_X	13.0585	W_Y	2.74048	A	87.0482	O_X	13.0876	O_Y	2.36588	g_odom_x	0	g_odom_y	0
W_X	13.0591	W_Y	2.75721	A	87.0482	O_X	13.0885	O_Y	2.3826	g_odom_x	0	g_odom_y	0
W_X	13.0597	W_Y	2.77393	A	87.0482	O_X	13.0893	O_Y	2.39931	g_odom_x	0	g_odom_y	0
W_X	13.057	W_Y	2.79561	A	87.0482	O_X	13.0902	O_Y	2.41602	g_odom_x	0	g_odom_y	0
W_X	13.0545	W_Y	2.81691	A	87.0482	O_X	13.091	O_Y	2.43273	g_odom_x	0	g_odom_y	0
W_X	13.0552	W_Y	2.83363	A	87.0482	O_X	13.0919	O_Y	2.44945	g_odom_x	0	g_odom_y	0
W_X	13.0563	W_Y	2.866	A	87.0482	O_X	13.0936	O_Y	2.48179	g_odom_x	0	g_odom_y	0
W_X	13.057	W_Y	2.88271	A	87.0482	O_X	13.0944	O_Y	2.49849	g_odom_x	0	g_odom_y	0
W_X	13.0576	W_Y	2.89943	A	87.0482	O_X	13.0953	O_Y	2.5152	g_odom_x	0	g_odom_y	0
W_X	13.0582	W_Y	2.91615	A	87.0482	O_X	13.0962	O_Y	2.53191	g_odom_x	0	g_odom_y	0
W_X	13.0588	W_Y	2.93287	A	87.0482	O_X	13.097	O_Y	2.54863	g_odom_x	0	g_odom_y	0
W_X	13.0594	W_Y	2.9496	A	87.0482	O_X	13.0979	O_Y	2.56534	g_odom_x	0	g_odom_y	0
W_X	13.06	W_Y	2.96632	A	87.0482	O_X	13.0987	O_Y	2.58205	g_odom_x	0	g_odom_y	0
W_X	13.0613	W_Y	2.99977	A	87.0482	O_X	13.1005	O_Y	2.61547	g_odom_x	0	g_odom_y	0
W_X	13.0626	W_Y	3.01911	A	87.0482	O_X	13.1013	O_Y	2.63218	g_odom_x	0	g_odom_y	0
section	amcl_linear_Y_ahead												
section	Arc	BACK											
X	13.1031	Y	2.66561	A	-99.8								
X	13.0972	Y	2.63156	A	-99.8								
X	13.0861	Y	2.56339	A	-99.2257								
X	13.0782	Y	2.51217	A	-100.257								
X	13.0653	Y	2.44427	A	-100.914								
X	13.0554	Y	2.39344	A	-101.11								
X	13.0454	Y	2.34258	A	-101.11								
X	13.0352	Y	2.29178	A	-101.764								
X	13.0171	Y	2.20732	A	-102.475								
X	13.0097	Y	2.17358	A	-102.64								
X	12.9985	Y	2.12407	A	-103.093								
X	12.9871	Y	2.07517	A	-103.557								
X	12.9753	Y	2.02637	A	-104.017								
X	12.9586	Y	1.96156	A	-104.954								
X	12.9409	Y	1.89704	A	-105.895								
X	12.9269	Y	1.84882	A	-106.789								
X	12.9123	Y	1.80077	A	-107.169								
X	12.8926	Y	1.73684	A	-107.853								
X	12.8823	Y	1.70498	A	-108.165								
X	12.8666	Y	1.6573	A	-108.642								
X	12.8504	Y	1.60978	A	-109.334								
X	12.8336	Y	1.56249	A	-110.171								
X	12.8161	Y	1.51542	A	-110.784								
X	12.7921	Y	1.45296	A	-111.629								
X	12.7734	Y	1.40635	A	-111.904								
X	12.7609	Y	1.37534	A	-112.571								
X	12.7414	Y	1.32905	A	-113.269								
X	12.7077	Y	1.25249	A	-114.785								
X	12.6864	Y	1.20701	A	-115.483								
X	12.6574	Y	1.14673	A	-115.899								
X	12.6354	Y	1.10157	A	-116.205								
X	12.6206	Y	1.07156	A	-116.585								
X	12.5904	Y	1.01183	A	-117.43								
X	12.5671	Y	0.967361	A	-118.122								
X	12.5432	Y	0.92323	A	-119.186								
X	12.5103	Y	0.864933	A	-119.841								
X	12.4853	Y	0.82138	A	-120.404								
X	12.4683	Y	0.792534	A	-120.784								
X	12.4424	Y	0.749497	A	-121.396								
X	12.4162	Y	0.706694	A	-121.942								
X	12.3984	Y	0.678326	A	-122.413								
X	12.3713	Y	0.636117	A	-123.573								
X	12.3338	Y	0.580677	A	-124.966								
X	12.3048	Y	0.539672	A	-125.81								
X	12.2852	Y	0.51258	A	-126.238								
X	12.2453	Y	0.458835	A	-127.37								
X	12.2042	Y	0.405912	A	-128.825								
X	12.1832	Y	0.37989	A	-129.369								
X	12.1512	Y	0.341251	A	-130.292								
X	12.1075	Y	0.290516	A	-131.673								
X	12.0513	Y	0.228565	A	-132.975								
X	12.0055	Y	0.179769	A	-133.917								
X	11.9822	Y	0.155657	A	-134.295								
X	11.9352	Y	0.108074	A	-135.506								
X	11.8999	Y	0.0738505	A	-136.489								
X	11.8764	Y	0.051635	A	-137.259								
X	11.8524	Y	0.0298481	A	-138.523								
X	11.8036	Y	-0.0126966	A	-139.641								
X	11.7664	Y	-0.0439616	A	-141.131								
X	11.7411	Y	-0.0642309	A	-141.785								
X	11.7027	Y	-0.094044	A	-142.835								
X	11.6639	Y	-0.123285	A	-144.051								
X	11.6377	Y	-0.142208	A	-144.911								
X	11.5977	Y	-0.169835	A	-146.212								
X	11.5572	Y	-0.196759	A	-147.293								
X	11.5161	Y	-0.222817	A	-148.23								
X	11.4331	Y	-0.272884	A	-150.39								
X	11.3907	Y	-0.296654	A	-151.49								
X	11.3622	Y	-0.312002	A	-152.863								
X	11.3188	Y	-0.33376	A	-154.43								
X	11.2895	Y	-0.347631	A	-155.261								
X	11.2304	Y	-0.374157	A	-157.08								
X	11.2005	Y	-0.386667	A	-157.904								
X	11.1554	Y	-0.40459	A	-159.149								
X	11.1099	Y	-0.421618	A	-160.584								
X	11.0639	Y	-0.437408	A	-161.902								
X	11.0022	Y	-0.457026	A	-163.66								
X	10.9716	Y	-0.465842	A	-164.552								
X	10.9262	Y	-0.477902	A	-166.074								
X	10.8957	Y	-0.485128	A	-168.239								
X	10.8344	Y	-0.497896	A	-169.113								
X	10.7882	Y	-0.506315	A	-171.248								
section	back	liner											
W_X	10.3708	W_Y	-0.00155993	A	-172.641	OX	10.7064	O_Y	-0.517463				
W_X	10.3507	W_Y	0.00304502	A	-172.641	OX	10.5072	O_Y	-0.543184				
W_X	10.3335	W_Y	0.00255458	A	-172.641	OX	10.4906	O_Y	-0.545327				
W_X	10.3184	W_Y	0.00132858	A	-172.641	OX	10.4756	O_Y	-0.547263				
W_X	10.3039	W_Y	0.000146622	A	-172.641	OX	10.4612	O_Y	-0.549129				
W_X	10.2894	W_Y	-0.00103533	A	-172.641	OX	10.4467	O_Y	-0.550995				
W_X	10.2604	W_Y	-0.00340025	A	-173.569	OX	10.4178	O_Y	-0.554728				
W_X	10.2458	W_Y	-0.00434744	A	-173.569	OX	10.4033	O_Y	-0.556361				
W_X	10.2313	W_Y	-0.00529452	A	-173.82	OX	10.3889	O_Y	-0.557993				
W_X	10.2167	W_Y	-0.00617763	A	-174.058	OX	10.3744	O_Y	-0.559562				
W_X	10.2027	W_Y	-0.00696997	A	-174.058	OX	10.3604	O_Y	-0.561015				
W_X	10.1875	W_Y	-0.00594924	A	-174.058	OX	10.3465	O_Y	-0.562468				
W_X	10.1688	W_Y	0.000560129	A	-174.058	OX	10.3325	O_Y	-0.563921				
W_X	10.1542	W_Y	0.000754057	A	-174.058	OX	10.3185	O_Y	-0.565374				
W_X	10.1408	W_Y	7.08956E-05	A	-174.058	OX	10.3051	O_Y	-0.566771				
W_X	10.1273	W_Y	-0.000612289	A	-174.058	OX	10.2917	O_Y	-0.568168				
W_X	10.1138	W_Y	-0.00129547	A	-174.058	OX	10.2783	O_Y	-0.569565				
W_X	10.1003	W_Y	-0.00197863	A	-174.413	OX	10.2648	O_Y	-0.570962				
W_X	10.0874	W_Y	-0.00255441	A	-174.676	OX	10.2519	O_Y	-0.572223				
W_X	10.0744	W_Y	-0.00307078	A	-174.939	OX	10.239	O_Y	-0.573425				
W_X	10.0485	W_Y	-0.00398474	A	-175.404	OX	10.2132	O_Y	-0.575711				
W_X	10.0356	W_Y	-0.00433661	A	-175.404	OX	10.2003	O_Y	-0.576749				
W_X	10.0232	W_Y	-0.00467378	A	-175.247	OX	10.1879	O_Y	-0.577744				
W_X	10.0108	W_Y	-0.00504498	A	-175.247	OX	10.1756	O_Y	-0.578773				
W_X	9.99835	W_Y	-0.00541617	A	-175.247	OX	10.1632	O_Y	-0.579802				
section	back	liner											
section	back	liner											
W_X	9.78763	W_Y	0.00896676	A	-175.247	OX	10.0916	O_Y	-0.585751				
W_X	9.77223	W_Y	0.0177548	A	-175.247	OX	9.95082	O_Y	-0.59746				
W_X	9.75302	W_Y	0.0332605	A	-175.247	OX	9.94017	O_Y	-0.598346				
W_X	9.71201	W_Y	0.0328274	A	-175.247	OX	9.8993	O_Y	-0.601744				
W_X	9.6915	W_Y	0.0326107	A	-175.247	OX	9.87886	O_Y	-0.603444				
W_X	9.67099	W_Y	0.0323941	A	-175.863	OX	9.85842	O_Y	-0.605143				
W_X	9.65048	W_Y	0.032398	A	-177.094	OX	9.83796	O_Y	-0.606623				
W_X	9.62997	W_Y	0.0328426	A	-178.325	OX	9.81747	O_Y	-0.607663				
W_X	9.60947	W_Y	0.0337279	A	-177.634	OX	9.79696	O_Y	-0.608263				
W_X	9.58896	W_Y	0.0343659	A	-177.026	OX	9.77646	O_Y	-0.60911				
W_X	9.56844	W_Y	0.0347863	A	-177.496	OX	9.75597	O_Y	-0.610175				
W_X	9.54794	W_Y	0.0353747	A	-177.242	OX	9.73548	O_Y	-0.611071				
W_X	9.52743	W_Y	0.0358723	A	-176.957	OX	9.71499	O_Y	-0.612058				
W_X	9.50692	W_Y	0.0362679	A	-176.957	OX	9.6945	O_Y	-0.613147				
W_X	9.46592	W_Y	0.0370588	A	-176.957	OX	9.65355	O_Y	-0.615324				
W_X	9.44009	W_Y	0.0517163	A	-176.327	OX	9.63305	O_Y	-0.616414				
W_X	9.41539	W_Y	0.0629037	A	-176.327	OX	9.61258	O_Y	-0.617728				
W_X	9.39487	W_Y	0.0632659	A	-176.072	OX	9.59211	O_Y	-0.619042				
W_X	9.37436	W_Y	0.0635371	A	-176.072	OX	9.57164	O_Y	-0.620447				
W_X	9.35385	W_Y	0.0638083	A	-176.072	OX	9.55118	O_Y	-0.621852				
W_X	9.33334	W_Y	0.0640794	A	-176.072	OX	9.53071	O_Y	-0.623257				
W_X	9.29232	W_Y	0.0646218	A	-176.072	OX	9.48978	O_Y	-0.626068				
W_X	9.27182	W_Y	0.0648928	A	-175.867	OX	9.46932	O_Y	-0.627472				
W_X	9.2513	W_Y	0.0650904	A	-175.867	OX	9.44886	O_Y	-0.628951				
W_X	9.22956	W_Y	0.0688809	A	-175.612	OX	9.42841	O_Y	-0.630429				
W_X	9.20095	W_Y	0.0917706	A	-175.612	OX	9.40793	O_Y	-0.632				
W_X	9.1789	W_Y	0.0963201	A	-175.612	OX	9.3875	O_Y	-0.633568				
W_X	9.15841	W_Y	0.0966453	A	-175.612	OX	9.36706	O_Y	-0.635136				
W_X	9.15841	W_Y	0.0966453	A	-175.612	OX	9.36706	O_Y	-0.635136				
W_X	9.09689	W_Y	0.0976214	A	-175.612	OX	9.30572	O_Y	-0.639843				
W_X	9.07638	W_Y	0.0979468	A	-175.407	OX	9.28527	O_Y	-0.641413				
W_X	9.05587	W_Y	0.0981986	A	-175.213	OX	9.26483	O_Y	-0.643055				
W_X	9.03536	W_Y	0.0983811	A	-175.026	OX	9.24438	O_Y	-0.644767				
W_X	9.01482	W_Y	0.0984966	A	-174.814	OX	9.22392	O_Y	-0.646547				
W_X	8.99069	W_Y	0.112216	A	-174.602	OX	9.20352	O_Y	-0.648399				
W_X	8.96483	W_Y	0.131398	A	-174.602	OX	9.18309	O_Y	-0.65033				
W_X	8.94432	W_Y	0.131579	A	-174.602	OX	9.16267	O_Y	-0.65226				
W_X	8.92379	W_Y	0.13176	A	-174.602	OX	9.14222	O_Y	-0.654192				
W_X	8.90329	W_Y	0.13194	A	-174.602	OX	9.12182	O_Y	-0.65612				
W_X	8.88278	W_Y	0.132121	A	-174.414	OX	9.1014	O_Y	-0.65805				
W_X	8.86227	W_Y	0.132234	A	-174.087	OX	9.08099	O_Y	-0.660046				
W_X	8.82125	W_Y	0.132227	A	-173.759	OX	9.04018	O_Y	-0.664272				
W_X	8.80073	W_Y	0.132106	A	-173.759	OX	9.01978	O_Y	-0.666503				
W_X	8.78016	W_Y	0.13226	A	-173.759	OX	8.99939	O_Y	-0.668733				
W_X	8.75399	W_Y	0.156841	A	-173.517	OX	8.979	O_Y	-0.670963				
W_X	8.73142	W_Y	0.165364	A	-173.517	OX	8.95862	O_Y	-0.673279				
W_X	8.7109	W_Y	0.165366	A	-173.269	OX	8.93824	O_Y	-0.675595				
W_X	8.69039	W_Y	0.16528	A	-173.087	OX	8.91787	O_Y	-0.677999				
W_X	8.64937	W_Y	0.164977	A	-172.905	OX	8.87714	O_Y	-0.682937				
W_X	8.62884	W_Y	0.164761	A	-172.905	OX	8.85677	O_Y	-0.685472				
W_X	8.60833	W_Y	0.164544	A	-172.584	OX	8.83641	O_Y	-0.688006				
W_X	8.58782	W_Y	0.164213	A	-172.584	OX	8.81607	O_Y	-0.690654				
W_X	8.5673	W_Y	0.163881	A	-172.293	OX	8.79572	O_Y	-0.693302				
W_X	8.54386	W_Y	0.170894	A	-172.293	OX	8.7754	O_Y	-0.696053				
W_X	8.51659	W_Y	0.187421	A	-172.293	OX	8.75507	O_Y	-0.698803				
W_X	8.47557	W_Y	0.186808	A	-171.845	OX	8.71441	O_Y	-0.704305				
W_X	8.45505	W_Y	0.186341	A	-171.845	OX	8.6941	O_Y	-0.707216				
W_X	8.43455	W_Y	0.185874	A	-171.524	OX	8.6738	O_Y	-0.710125				
W_X	8.41405	W_Y	0.185292	A	-171.233	OX	8.65351	O_Y	-0.713149				
W_X	8.39355	W_Y	0.184606	A	-171.233	OX	8.63324	O_Y	-0.716275				
W_X	8.37305	W_Y	0.183921	A	-170.881	OX	8.61297	O_Y	-0.719401				
W_X	8.35255	W_Y	0.183109	A	-170.53	OX	8.59271	O_Y	-0.722652				
W_X	8.31158	W_Y	0.181234	A	-170.53	OX	8.55225	O_Y	-0.729401				
W_X	8.28718	W_Y	0.193973	A	-170.294	OX	8.53202	O_Y	-0.732776				
W_X	8.26391	W_Y	0.202551	A	-169.893	OX	8.5118	O_Y	-0.736234				
W_X	8.24342	W_Y	0.201515	A	-169.73	OX	8.49161	O_Y	-0.739835				
W_X	8.22294	W_Y	0.200421	A	-169.433	OX	8.47142	O_Y	-0.743492				
W_X	8.20246	W_Y	0.19922	A	-169.246	OX	8.45126	O_Y	-0.747253				
W_X	8.18198	W_Y	0.197953	A	-169.058	OX	8.43111	O_Y	-0.751081				
W_X	8.1615	W_Y	0.196617	A	-168.61	OX	8.41095	O_Y	-0.754977				
W_X	8.14104	W_Y	0.195123	A	-168.277	OX	8.39084	O_Y	-0.759028				
W_X	8.11922	W_Y	0.19764	A	-168.277	OX	8.37076	O_Y	-0.763196				
W_X	8.09705	W_Y	0.201168	A	-167.98	OX	8.35067	O_Y	-0.767364				
W_X	8.07661	W_Y	0.199504	A	-167.98	OX	8.33061	O_Y	-0.771636				
W_X	8.05616	W_Y	0.197839	A	-167.98	OX	8.31054	O_Y	-0.775908				
W_X	8.01528	W_Y	0.194513	A	-167.581	OX	8.27043	O_Y	-0.784449				
W_X	7.99485	W_Y	0.192706	A	-167.363	OX	8.2504	O_Y	-0.788861				
W_X	7.97442	W_Y	0.190822	A	-167.182	OX	8.23038	O_Y	-0.793349				
W_X	7.954	W_Y	0.188874	A	-166.897	OX	8.21038	O_Y	-0.797899				
W_X	7.93359	W_Y	0.186824	A	-166.703	OX	8.1904	O_Y	-0.80255				
W_X	7.91319	W_Y	0.184705	A	-166.443	OX	8.17044	O_Y	-0.807268				
W_X	7.89279	W_Y	0.182493	A	-166.183	OX	8.15049	O_Y	-0.812076				
W_X	7.85152	W_Y	0.180413	A	-165.479	OX	8.11066	O_Y	-0.821875				
W_X	7.8306	W_Y	0.180677	A	-165.479	OX	8.0908	O_Y	-0.827018				
W_X	7.81024	W_Y	0.178143	A	-165.194	OX	8.07094	O_Y	-0.832161				
W_X	7.7899	W_Y	0.175509	A	-165.194	OX	8.05111	O_Y	-0.837403				
W_X	7.76956	W_Y	0.172874	A	-164.915	OX	8.03128	O_Y	-0.842645				
W_X	7.74923	W_Y	0.17014	A	-164.765	OX	8.01147	O_Y	-0.847984				
W_X	7.7289	W_Y	0.167353	A	-164.614	OX	7.99168	O_Y	-0.853374				
W_X	7.68827	W_Y	0.161672	A	-164.044	OX	7.95212	O_Y	-0.86426				
W_X	7.66798	W_Y	0.15863	A	-163.893	OX	7.9324	O_Y	-0.869899				
W_X	7.6476	W_Y	0.155598	A	-163.893	OX	7.91269	O_Y	-0.87559				
W_X	7.62632	W_Y	0.153127	A	-163.712	OX	7.89299	O_Y	-0.881278				
W_X	7.60578	W_Y	0.150136	A	-163.512	OX	7.8733	O_Y	-0.887032				
W_X	7.58552	W_Y	0.146909	A	-163.282	OX	7.85363	O_Y	-0.892853				
W_X	7.56528	W_Y	0.143601	A	-163.052	OX	7.83398	O_Y	-0.898755				
W_X	7.54504	W_Y	0.14021	A	-162.41	OX	7.81435	O_Y	-0.904737				
W_X	7.52484	W_Y	0.136594	A	-162.113	OX	7.7948	O_Y	-0.910936				
W_X	7.50466	W_Y	0.13287	A	-161.87	OX	7.77526	O_Y	-0.917241				
W_X	7.4845	W_Y	0.129064	A	-161.61	OX	7.75577	O_Y	-0.923624				
W_X	7.46436	W_Y	0.125166	A	-161.392	OX	7.7363	O_Y	-0.930096				
W_X	7.44386	W_Y	0.121932	A	-161.174	OX	7.71686	O_Y	-0.936642				
W_X	7.40302	W_Y	0.115074	A	-161.174	OX	7.67803	O_Y	-0.949881				
W_X	7.38291	W_Y	0.11101	A	-160.993	OX	7.65861	O_Y	-0.956502				
W_X	7.36282	W_Y	0.106883	A	-160.993	OX	7.63922	O_Y	-0.963182				
W_X	7.34274	W_Y	0.102758	A	-160.799	OX	7.61983	O_Y	-0.969858				
W_X	7.32266	W_Y	0.098563	A	-160.648	OX	7.60046	O_Y	-0.976605				
W_X	7.30259	W_Y	0.0943152	A	-160.648	OX	7.58111	O_Y	-0.983402				
W_X	7.28252	W_Y	0.0900673	A	-160.648	OX	7.56176	O_Y	-0.990199				
W_X	7.24239	W_Y	0.0815713	A	-160.648	OX	7.52305	O_Y	-1.00379				
W_X	7.22232	W_Y	0.0773233	A	-160.648	OX	7.50369	O_Y	-1.01059				
W_X	7.20225	W_Y	0.0730754	A	-160.491	OX	7.48434	O_Y	-1.01739				
W_X	7.18274	W_Y	0.0668076	A	-160.274	OX	7.465	O_Y	-1.02424				
W_X	7.16368	W_Y	0.0588636	A	-160.08	OX	7.44569	O_Y	-1.03116				
W_X	7.14364	W_Y	0.0543834	A	-159.905	OX	7.4264	O_Y	-1.03816				
W_X	7.12363	W_Y	0.0498419	A	-159.729	OX	7.40712	O_Y	-1.04521				
W_X	7.08366	W_Y	0.0406442	A	-159.729	OX	7.36864	O_Y	-1.05942				
W_X	7.06367	W_Y	0.0360442	A	-159.729	OX	7.3494	O_Y	-1.06652				
W_X	7.04368	W_Y	0.031444	A	-159.729	OX	7.33016	O_Y	-1.07363				
W_X	7.02369	W_Y	0.0268442	A	-159.572	OX	7.31092	O_Y	-1.08074				
W_X	7.00371	W_Y	0.0221891	A	-159.572	OX	7.29169	O_Y	-1.0879				
W_X	6.98373	W_Y	0.0175347	A	-159.572	OX	7.27247	O_Y	-1.09506				
W_X	6.96409	W_Y	0.00815386	A	-159.572	OX	7.25325	O_Y	-1.10222				
W_X	6.92431	W_Y	-0.00337322	A	-160.378	OX	7.21481	O_Y	-1.11653				
W_X	6.90427	W_Y	-0.00777975	A	-160.775	OX	7.19549	O_Y	-1.12342				
W_X	6.88421	W_Y	-0.0120471	A	-161.13	OX	7.17612	O_Y	-1.13018				
W_X	6.86412	W_Y	-0.0161905	A	-161.35	OX	7.15671	O_Y	-1.13681				
W_X	6.84402	W_Y	-0.0202567	A	-161.516	OX	7.13727	O_Y	-1.14337				
W_X	6.8239	W_Y	-0.0242653	A	-161.516	OX	7.11781	O_Y	-1.14987				
W_X	6.80378	W_Y	-0.0282731	A	-161.516	OX	7.09836	O_Y	-1.15638				
W_X	6.78365	W_Y	-0.0322828	A	-161.516	OX	7.0789	O_Y	-1.16288				
W_X	6.76368	W_Y	-0.0401728	A	-161.516	OX	7.05943	O_Y	-1.16939				
W_X	6.74404	W_Y	-0.0559712	A	-161.516	OX	7.03999	O_Y	-1.17589				
W_X	6.72387	W_Y	-0.0604748	A	-161.516	OX	7.02045	O_Y	-1.18242				
W_X	6.70385	W_Y	-0.0645523	A	-161.687	OX	7.00108	O_Y	-1.1889				
W_X	6.68382	W_Y	-0.0685701	A	-161.858	OX	6.98168	O_Y	-1.19532				
W_X	6.64357	W_Y	-0.0765172	A	-161.858	OX	6.94269	O_Y	-1.20809				
W_X	6.62344	W_Y	-0.0804908	A	-161.858	OX	6.9232	O_Y	-1.21448				
W_X	6.60332	W_Y	-0.0844644	A	-161.858	OX	6.90371	O_Y	-1.22087				
W_X	6.58319	W_Y	-0.0884382	A	-161.858	OX	6.88421	O_Y	-1.22726				
W_X	6.56307	W_Y	-0.0924116	A	-161.858	OX	6.86472	O_Y	-1.23364				
W_X	6.54396	W_Y	-0.101177	A	-162.194	OX	6.84523	O_Y	-1.24003				
W_X	6.52467	W_Y	-0.109148	A	-162.53	OX	6.8257	O_Y	-1.2463				
W_X	6.48435	W_Y	-0.116707	A	-162.53	OX	6.78656	O_Y	-1.25862				
W_X	6.46419	W_Y	-0.120486	A	-162.799	OX	6.76699	O_Y	-1.26478				
W_X	6.44401	W_Y	-0.124171	A	-162.799	OX	6.7474	O_Y	-1.27084				
W_X	6.42383	W_Y	-0.127855	A	-162.799	OX	6.7278	O_Y	-1.27691				
W_X	6.40365	W_Y	-0.13154	A	-162.799	OX	6.70821	O_Y	-1.28298				
W_X	6.38345	W_Y	-0.135227	A	-162.799	OX	6.6886	O_Y	-1.28905				
W_X	6.36326	W_Y	-0.138914	A	-162.799	OX	6.66899	O_Y	-1.29512				
W_X	6.323	W_Y	-0.14696	A	-163.228	OX	6.6298	O_Y	-1.30725				
W_X	6.30355	W_Y	-0.155618	A	-163.228	OX	6.61016	O_Y	-1.31317				
W_X	6.28352	W_Y	-0.160351	A	-163.424	OX	6.59052	O_Y	-1.31909				
W_X	6.26333	W_Y	-0.163824	A	-163.424	OX	6.57088	O_Y	-1.32493				
W_X	6.24311	W_Y	-0.167301	A	-163.717	OX	6.55122	O_Y	-1.33079				
W_X	6.22287	W_Y	-0.170675	A	-163.877	OX	6.53152	O_Y	-1.33654				
W_X	6.20263	W_Y	-0.173992	A	-164.036	OX	6.51182	O_Y	-1.34223				
W_X	6.18237	W_Y	-0.177254	A	-164.83	OX	6.49209	O_Y	-1.34788				
W_X	6.16208	W_Y	-0.180234	A	-165.056	OX	6.47229	O_Y	-1.35325				
W_X	6.14177	W_Y	-0.183133	A	-165.362	OX	6.45247	O_Y	-1.35854				
W_X	6.122	W_Y	-0.191081	A	-165.558	OX	6.43262	O_Y	-1.36372				
W_X	6.10266	W_Y	-0.203044	A	-165.912	OX	6.41276	O_Y	-1.36884				
W_X	6.08232	W_Y	-0.205679	A	-166.267	OX	6.39286	O_Y	-1.37383				
W_X	6.08232	W_Y	-0.205679	A	-166.267	OX	6.39286	O_Y	-1.37383				
W_X	6.02123	W_Y	-0.21309	A	-166.586	OX	6.33305	O_Y	-1.38833				
W_X	6.02123	W_Y	-0.21309	A	-166.586	OX	6.33305	O_Y	-1.38833				
W_X	5.98048	W_Y	-0.21788	A	-166.752	OX	6.29314	O_Y	-1.39785				
W_X	5.9601	W_Y	-0.220215	A	-166.984	OX	6.27318	O_Y	-1.40255				
W_X	5.93971	W_Y	-0.222469	A	-167.278	OX	6.25319	O_Y	-1.40717				
W_X	5.9193	W_Y	-0.224618	A	-167.571	OX	6.23318	O_Y	-1.41169				
W_X	5.87848	W_Y	-0.228706	A	-167.89	OX	6.19311	O_Y	-1.42052				
W_X	5.83923	W_Y	-0.2429	A	-168.403	OX	6.15307	O_Y	-1.429				
W_X	5.8188	W_Y	-0.244703	A	-168.568	OX	6.13297	O_Y	-1.43313				
W_X	5.8188	W_Y	-0.244703	A	-168.568	OX	6.13297	O_Y	-1.43313				
W_X	5.77791	W_Y	-0.248054	A	-169.143	OX	6.09273	O_Y	-1.44112				
W_X	5.75746	W_Y	-0.249593	A	-169.333	OX	6.07259	O_Y	-1.44499				
W_X	5.71654	W_Y	-0.252535	A	-169.871	OX	6.03227	O_Y	-1.45258				
W_X	5.69606	W_Y	-0.253814	A	-170.092	OX	6.01208	O_Y	-1.45619				
W_X	5.6757	W_Y	-0.257179	A	-170.355	OX	5.99187	O_Y	-1.45972				
W_X	5.65557	W_Y	-0.264747	A	-170.532	OX	5.97165	O_Y	-1.46316				
W_X	5.63509	W_Y	-0.265963	A	-170.532	OX	5.95141	O_Y	-1.46653				
W_X	5.6146	W_Y	-0.267022	A	-170.869	OX	5.93118	O_Y	-1.4699				
W_X	5.59411	W_Y	-0.267961	A	-170.869	OX	5.93118	O_Y	-1.4699				
W_X	5.59411	W_Y	-0.267961	A	-171.205	OX	5.91092	O_Y	-1.47316				
W_X	5.53263	W_Y	-0.270416	A	-171.492	OX	5.85012	O_Y	-1.48257				
W_X	5.51213	W_Y	-0.271132	A	-171.725	OX	5.82983	O_Y	-1.4856				
W_X	5.49162	W_Y	-0.271764	A	-171.988	OX	5.80953	O_Y	-1.48856				
W_X	5.47112	W_Y	-0.272302	A	-172.354	OX	5.78921	O_Y	-1.49141				
W_X	5.45049	W_Y	-0.279864	A	-172.721	OX	5.76888	O_Y	-1.49414				
W_X	5.42985	W_Y	-0.286308	A	-173.295	OX	5.74852	O_Y	-1.49675				
W_X	5.40935	W_Y	-0.286453	A	-173.295	OX	5.72815	O_Y	-1.49914				
W_X	5.38883	W_Y	-0.286598	A	-173.295	OX	5.70778	O_Y	-1.50153				
W_X	5.36832	W_Y	-0.286742	A	-173.601	OX	5.68741	O_Y	-1.50393				
W_X	5.34781	W_Y	-0.286778	A	-173.601	OX	5.66702	O_Y	-1.50622				
W_X	5.32731	W_Y	-0.286813	A	-173.852	OX	5.64665	O_Y	-1.5085				
W_X	5.3068	W_Y	-0.286759	A	-174.102	OX	5.62626	O_Y	-1.5107				
W_X	5.26578	W_Y	-0.28647	A	-174.616	OX	5.58545	O_Y	-1.51491				
W_X	5.24533	W_Y	-0.287268	A	-174.616	OX	5.56501	O_Y	-1.51684				
W_X	5.22546	W_Y	-0.295549	A	-174.867	OX	5.54459	O_Y	-1.51876				
W_X	5.20507	W_Y	-0.297136	A	-175.033	OX	5.52415	O_Y	-1.5206				
W_X	5.18458	W_Y	-0.296726	A	-175.344	OX	5.50373	O_Y	-1.52237				
W_X	5.16406	W_Y	-0.296203	A	-175.528	OX	5.48327	O_Y	-1.52404				
W_X	5.14355	W_Y	-0.295615	A	-175.712	OX	5.46282	O_Y	-1.52564				
W_X	5.10254	W_Y	-0.294307	A	-176.457	OX	5.42191	O_Y	-1.52871				
W_X	5.08205	W_Y	-0.293386	A	-176.775	OX	5.40143	O_Y	-1.52997				
W_X	5.06157	W_Y	-0.292352	A	-177.099	OX	5.38095	O_Y	-1.53113				
W_X	5.04108	W_Y	-0.291202	A	-177.338	OX	5.36046	O_Y	-1.53217				
W_X	5.04108	W_Y	-0.291202	A	-177.338	OX	5.36046	O_Y	-1.53217				
W_X	5.00153	W_Y	-0.306524	A	-177.338	OX	5.31949	O_Y	-1.53407				
W_X	4.98105	W_Y	-0.305362	A	-177.338	OX	5.299	O_Y	-1.53502				
W_X	4.98105	W_Y	-0.305362	A	-177.338	OX	5.299	O_Y	-1.53502				
W_X	4.91961	W_Y	-0.301877	A	-177.338	OX	5.23752	O_Y	-1.53788				
W_X	4.89913	W_Y	-0.300715	A	-177.558	OX	5.21703	O_Y	-1.53884				
W_X	4.89913	W_Y	-0.300715	A	-177.558	OX	5.21703	O_Y	-1.53884				
W_X	4.8582	W_Y	-0.298151	A	-177.791	OX	5.17605	O_Y	-1.5405				
W_X	4.83773	W_Y	-0.296828	A	-177.791	OX	5.15556	O_Y	-1.54129				
W_X	4.83773	W_Y	-0.296828	A	-177.791	OX	5.15556	O_Y	-1.54129				
W_X	4.79808	W_Y	-0.304603	A	-178.378	OX	5.11453	O_Y	-1.54266				
W_X	4.77831	W_Y	-0.308902	A	-178.683	OX	5.09403	O_Y	-1.54324				
W_X	4.77831	W_Y	-0.308902	A	-178.683	OX	5.09403	O_Y	-1.54324				
W_X	4.73742	W_Y	-0.305695	A	-179.24	OX	5.05303	O_Y	-1.5441				
W_X	4.71699	W_Y	-0.303938	A	-179.49	OX	5.03252	O_Y	-1.54437				
W_X	4.71699	W_Y	-0.303938	A	-179.49	OX	5.03252	O_Y	-1.54437				
W_X	4.65572	W_Y	-0.298218	A	179.757	OX	4.97098	O_Y	-1.54474				
W_X	4.63532	W_Y	-0.296103	A	179.757	OX	4.95047	O_Y	-1.54465				
W_X	4.61491	W_Y	-0.293987	A	179.537	OX	4.92996	O_Y	-1.54456				
W_X	4.59488	W_Y	-0.293525	A	179.537	OX	4.90944	O_Y	-1.5444				
W_X	4.59488	W_Y	-0.293525	A	179.537	OX	4.90944	O_Y	-1.5444				
W_X	4.55517	W_Y	-0.2942	A	179.231	OX	4.86842	O_Y	-1.54396				
W_X	4.53478	W_Y	-0.291913	A	179.231	OX	4.8479	O_Y	-1.54368				
W_X	4.49401	W_Y	-0.287342	A	178.754	OX	4.80688	O_Y	-1.54313				
W_X	4.49401	W_Y	-0.287342	A	178.754	OX	4.80688	O_Y	-1.54313				
W_X	4.45329	W_Y	-0.282285	A	178.345	OX	4.76586	O_Y	-1.54209				
W_X	4.43295	W_Y	-0.279684	A	178.069	OX	4.74536	O_Y	-1.5415				
W_X	4.41261	W_Y	-0.276986	A	177.904	OX	4.72486	O_Y	-1.54081				
W_X	4.39228	W_Y	-0.274229	A	177.549	OX	4.70436	O_Y	-1.54006				
W_X	4.37331	W_Y	-0.278108	A	177.195	OX	4.68387	O_Y	-1.53918				
W_X	4.33361	W_Y	-0.276786	A	176.62	OX	4.64289	O_Y	-1.53717				
W_X	4.31335	W_Y	-0.273615	A	176.4	OX	4.62241	O_Y	-1.53596				
W_X	4.29309	W_Y	-0.270367	A	176.4	OX	4.60194	O_Y	-1.53468				
W_X	4.27284	W_Y	-0.267119	A	176.149	OX	4.58146	O_Y	-1.53339				
W_X	4.2526	W_Y	-0.263782	A	176.149	OX	4.561	O_Y	-1.53201				
W_X	4.23236	W_Y	-0.260445	A	175.953	OX	4.54053	O_Y	-1.53063				
W_X	4.21213	W_Y	-0.257039	A	175.757	OX	4.52007	O_Y	-1.52918				
W_X	4.17171	W_Y	-0.25009	A	175.389	OX	4.47917	O_Y	-1.52615				
W_X	4.15173	W_Y	-0.248085	A	175.157	OX	4.45872	O_Y	-1.5245				
W_X	4.13257	W_Y	-0.251954	A	174.906	OX	4.43828	O_Y	-1.52277				
W_X	4.11255	W_Y	-0.249383	A	174.649	OX	4.41784	O_Y	-1.52095				
W_X	4.0924	W_Y	-0.245558	A	174.325	OX	4.39742	O_Y	-1.51903				
W_X	4.07226	W_Y	-0.241617	A	174.001	OX	4.377	O_Y	-1.517				
W_X	4.05214	W_Y	-0.237561	A	173.682	OX	4.35659	O_Y	-1.51486				
W_X	4.03205	W_Y	-0.233395	A	173.346	OX	4.33619	O_Y	-1.5126				
W_X	4.01199	W_Y	-0.229111	A	173.095	OX	4.31582	O_Y	-1.51022				
W_X	3.99195	W_Y	-0.22474	A	172.826	OX	4.29545	O_Y	-1.50776				
W_X	3.97392	W_Y	-0.223115	A	172.527	OX	4.2751	O_Y	-1.5052				
W_X	3.95472	W_Y	-0.219717	A	172.527	OX	4.25476	O_Y	-1.50253				
W_X	3.93471	W_Y	-0.215174	A	172.527	OX	4.23442	O_Y	-1.49986				
W_X	3.8947	W_Y	-0.206089	A	172.147	OX	4.19374	O_Y	-1.49452				
W_X	3.87474	W_Y	-0.201417	A	171.987	OX	4.17343	O_Y	-1.49172				
W_X	3.85478	W_Y	-0.196686	A	171.987	OX	4.15312	O_Y	-1.48886				
W_X	3.83482	W_Y	-0.191955	A	171.785	OX	4.1328	O_Y	-1.486				
W_X	3.81487	W_Y	-0.187155	A	171.479	OX	4.1125	O_Y	-1.48307				
W_X	3.79495	W_Y	-0.182247	A	171.308	OX	4.09221	O_Y	-1.48003				
W_X	3.77505	W_Y	-0.17728	A	171.136	OX	4.07193	O_Y	-1.47693				
W_X	3.73527	W_Y	-0.167227	A	170.476	OX	4.0314	O_Y	-1.47061				
W_X	3.71654	W_Y	-0.164606	A	170.31	OX	4.01117	O_Y	-1.46722				
W_X	3.6972	W_Y	-0.160411	A	170.035	OX	3.99095	O_Y	-1.46377				
W_X	3.67741	W_Y	-0.154999	A	169.754	OX	3.97074	O_Y	-1.46021				
W_X	3.65764	W_Y	-0.14949	A	169.533	OX	3.95055	O_Y	-1.45656				
W_X	3.6379	W_Y	-0.143907	A	169.185	OX	3.93038	O_Y	-1.45284				
W_X	3.6182	W_Y	-0.138205	A	168.837	OX	3.91023	O_Y	-1.44899				
W_X	3.57886	W_Y	-0.126561	A	168.837	OX	3.86998	O_Y	-1.44105				
W_X	3.5592	W_Y	-0.12074	A	168.562	OX	3.84986	O_Y	-1.43708				
W_X	3.53878	W_Y	-0.116249	A	168.562	OX	3.82975	O_Y	-1.43301				
W_X	3.51845	W_Y	-0.111622	A	168.293	OX	3.80966	O_Y	-1.42894				
W_X	3.49884	W_Y	-0.105609	A	168.293	OX	3.78958	O_Y	-1.42478				
W_X	3.47923	W_Y	-0.0995974	A	168.293	OX	3.76949	O_Y	-1.42062				
W_X	3.4596	W_Y	-0.0935794	A	168.293	OX	3.74939	O_Y	-1.41645				
W_X	3.43999	W_Y	-0.0875673	A	168.293	OX	3.7293	O_Y	-1.41229				
W_X	3.42037	W_Y	-0.0815539	A	168.133	OX	3.70921	O_Y	-1.40813				
W_X	3.40078	W_Y	-0.075487	A	167.967	OX	3.68914	O_Y	-1.40391				
W_X	3.3812	W_Y	-0.0693644	A	167.735	OX	3.66908	O_Y	-1.39963				
W_X	3.36136	W_Y	-0.0634749	A	167.735	OX	3.64903	O_Y	-1.39528				
W_X	3.33945	W_Y	-0.0598217	A	167.735	OX	3.62899	O_Y	-1.39092				
W_X	3.29973	W_Y	-0.0481256	A	167.735	OX	3.5889	O_Y	-1.3822				
W_X	3.28016	W_Y	-0.0419596	A	167.735	OX	3.56885	O_Y	-1.37784				
W_X	3.2606	W_Y	-0.0357953	A	167.735	OX	3.5488	O_Y	-1.37349				
W_X	3.24103	W_Y	-0.029631	A	167.735	OX	3.52876	O_Y	-1.36913				
W_X	3.22147	W_Y	-0.0234679	A	167.735	OX	3.50872	O_Y	-1.36477				
W_X	3.2019	W_Y	-0.0173033	A	167.735	OX	3.48867	O_Y	-1.36041				
W_X	3.18234	W_Y	-0.0111387	A	167.735	OX	3.46862	O_Y	-1.35606				
W_X	3.14321	W_Y	0.00119033	A	167.735	OX	3.42853	O_Y	-1.34734				
W_X	3.12364	W_Y	0.00735633	A	168.16	OX	3.40848	O_Y	-1.34298				
W_X	3.10358	W_Y	0.0127379	A	168.505	OX	3.38841	O_Y	-1.33877				
W_X	3.08208	W_Y	0.015988	A	168.505	OX	3.36831	O_Y	-1.33468				
W_X	3.06221	W_Y	0.0215306	A	168.748	OX	3.34821	O_Y	-1.3306				
W_X	3.04254	W_Y	0.0272992	A	168.545	OX	3.3281	O_Y	-1.3266				
W_X	3.02288	W_Y	0.0331373	A	168.343	OX	3.308	O_Y	-1.32252				
W_X	2.98359	W_Y	0.0449564	A	168.343	OX	3.26782	O_Y	-1.31424				
W_X	2.96395	W_Y	0.0508665	A	168.343	OX	3.24773	O_Y	-1.31009				
W_X	2.9443	W_Y	0.0567765	A	168.343	OX	3.22764	O_Y	-1.30595				
W_X	2.92465	W_Y	0.0626869	A	168.343	OX	3.20755	O_Y	-1.3018				
W_X	2.90501	W_Y	0.0685955	A	168.343	OX	3.18746	O_Y	-1.29766				
W_X	2.88432	W_Y	0.0758798	A	168.343	OX	3.16737	O_Y	-1.29351				
W_X	2.86351	W_Y	0.0833603	A	168.343	OX	3.14729	O_Y	-1.28937				
W_X	2.82425	W_Y	0.0952324	A	168.343	OX	3.10712	O_Y	-1.28108				
W_X	2.80462	W_Y	0.101169	A	168.343	OX	3.08703	O_Y	-1.27694				
W_X	2.78498	W_Y	0.107108	A	168.567	OX	3.06694	O_Y	-1.27279				
W_X	2.76533	W_Y	0.112967	A	168.724	OX	3.04684	O_Y	-1.26873				
W_X	2.74564	W_Y	0.118777	A	168.997	OX	3.02671	O_Y	-1.26471				
W_X	2.72595	W_Y	0.124488	A	169.27	OX	3.00658	O_Y	-1.2608				
W_X	2.7062	W_Y	0.130113	A	169.27	OX	2.9864	O_Y	-1.25698				
W_X	2.6864	W_Y	0.135745	A	169.27	OX	2.96625	O_Y	-1.25316				
W_X	2.66466	W_Y	0.14177	A	169.433	OX	2.9461	O_Y	-1.24934				
W_X	2.64428	W_Y	0.147467	A	169.645	OX	2.92594	O_Y	-1.24558				
W_X	2.62453	W_Y	0.152961	A	169.826	OX	2.90577	O_Y	-1.24189				
W_X	2.60476	W_Y	0.158394	A	169.826	OX	2.88559	O_Y	-1.23827				
W_X	2.58499	W_Y	0.163827	A	169.826	OX	2.86541	O_Y	-1.23465				
W_X	2.54543	W_Y	0.174696	A	170.53	OX	2.82502	O_Y	-1.2274				
W_X	2.52558	W_Y	0.179888	A	170.53	OX	2.80479	O_Y	-1.22403				
W_X	2.50573	W_Y	0.18508	A	170.717	OX	2.78455	O_Y	-1.22065				
W_X	2.48587	W_Y	0.190206	A	170.717	OX	2.76431	O_Y	-1.21734				
W_X	2.4652	W_Y	0.195509	A	170.971	OX	2.74407	O_Y	-1.21403				
W_X	2.44356	W_Y	0.200927	A	171.22	OX	2.72381	O_Y	-1.21081				
W_X	2.42365	W_Y	0.205874	A	171.468	OX	2.70353	O_Y	-1.20768				
W_X	2.38379	W_Y	0.215597	A	172.037	OX	2.66296	O_Y	-1.2016				
W_X	2.36381	W_Y	0.220261	A	172.371	OX	2.64264	O_Y	-1.19875				
W_X	2.34381	W_Y	0.224806	A	172.711	OX	2.62231	O_Y	-1.19603				
W_X	2.32379	W_Y	0.229234	A	172.711	OX	2.60197	O_Y	-1.19343				
W_X	2.30375	W_Y	0.233662	A	173.008	OX	2.58162	O_Y	-1.19083				
W_X	2.2837	W_Y	0.237986	A	173.008	OX	2.56126	O_Y	-1.18833				
W_X	2.26365	W_Y	0.24231	A	173.008	OX	2.5409	O_Y	-1.18583				
W_X	2.2204	W_Y	0.251223	A	173.577	OX	2.50018	O_Y	-1.18084				
W_X	2.19874	W_Y	0.255478	A	173.85	OX	2.47979	O_Y	-1.17854				
W_X	2.17863	W_Y	0.259505	A	173.85	OX	2.4594	O_Y	-1.17635				
W_X	2.15852	W_Y	0.26353	A	174.11	OX	2.43901	O_Y	-1.17415				
W_X	2.13839	W_Y	0.267466	A	174.11	OX	2.41861	O_Y	-1.17204				
W_X	2.11825	W_Y	0.271402	A	174.11	OX	2.3982	O_Y	-1.16994				
W_X	2.09812	W_Y	0.275338	A	174.558	OX	2.37779	O_Y	-1.16783				
W_X	2.07795	W_Y	0.279116	A	174.849	OX	2.35737	O_Y	-1.16589				
W_X	2.05777	W_Y	0.282792	A	175.085	OX	2.33694	O_Y	-1.16405				
W_X	2.03788	W_Y	0.286727	A	175.248	OX	2.3165	O_Y	-1.16229				
W_X	2.01852	W_Y	0.291249	A	175.691	OX	2.29606	O_Y	-1.16059				
W_X	1.99836	W_Y	0.294751	A	175.982	OX	2.2756	O_Y	-1.15905				
W_X	1.97811	W_Y	0.298071	A	176.273	OX	2.25513	O_Y	-1.15761				
W_X	1.93759	W_Y	0.304504	A	176.273	OX	2.21419	O_Y	-1.15494				
W_X	1.91734	W_Y	0.307721	A	176.643	OX	2.19373	O_Y	-1.15361				
W_X	1.89704	W_Y	0.310809	A	176.867	OX	2.17323	O_Y	-1.15241				
W_X	1.87675	W_Y	0.313815	A	176.867	OX	2.15275	O_Y	-1.15129				
W_X	1.85645	W_Y	0.316823	A	177.25	OX	2.13226	O_Y	-1.15017				
W_X	1.83616	W_Y	0.31969	A	177.25	OX	2.11179	O_Y	-1.14918				
W_X	1.81587	W_Y	0.322558	A	177.25	OX	2.09132	O_Y	-1.1482				
W_X	1.77355	W_Y	0.324241	A	177.795	OX	2.05034	O_Y	-1.14623				
W_X	1.74901	W_Y	0.316876	A	177.795	OX	2.02985	O_Y	-1.14544				
W_X	1.72866	W_Y	0.319462	A	177.795	OX	2.00935	O_Y	-1.14465				
W_X	1.70831	W_Y	0.322047	A	177.97	OX	1.98886	O_Y	-1.14386				
W_X	1.68796	W_Y	0.324571	A	178.17	OX	1.96836	O_Y	-1.14314				
W_X	1.66759	W_Y	0.327023	A	178.442	OX	1.94786	O_Y	-1.14248				
W_X	1.64721	W_Y	0.329379	A	178.715	OX	1.92735	O_Y	-1.14192				
W_X	1.60643	W_Y	0.333896	A	179.199	OX	1.88633	O_Y	-1.141				
W_X	1.58602	W_Y	0.335983	A	179.521	OX	1.86582	O_Y	-1.14072				
W_X	1.56559	W_Y	0.337956	A	179.708	OX	1.84529	O_Y	-1.14055				
W_X	1.54319	W_Y	0.33555	A	-179.928	OX	1.82478	O_Y	-1.14044				
W_X	1.52113	W_Y	0.333732	A	-179.728	OX	1.80429	O_Y	-1.14047				
W_X	1.5007	W_Y	0.335393	A	-179.553	OX	1.78379	O_Y	-1.14056				
W_X	1.4598	W_Y	0.338594	A	-179.378	OX	1.74276	O_Y	-1.14088				
section	back	liner											
section	back	liner											
W_X	1.13231	W_Y	0.346425	A	-178.306	OX	1.61973	O_Y	-1.14377				
W_X	1.1111	W_Y	0.343051	A	-175.585	OX	1.39441	O_Y	-1.1559				
W_X	1.08952	W_Y	0.337763	A	-175.349	OX	1.37396	O_Y	-1.15748				
W_X	1.069	W_Y	0.33778	A	-175.052	OX	1.35351	O_Y	-1.15915				
W_X	1.04848	W_Y	0.337691	A	-174.859	OX	1.33307	O_Y	-1.16092				
W_X	1.02797	W_Y	0.337532	A	-174.665	OX	1.31264	O_Y	-1.16275				
W_X	0.986947	W_Y	0.337076	A	-174.363	OX	1.27179	O_Y	-1.16657				
W_X	0.966439	W_Y	0.33674	A	-174.152	OX	1.25138	O_Y	-1.16858				
W_X	0.945927	W_Y	0.336328	A	-173.934	OX	1.23097	O_Y	-1.17067				
W_X	0.925425	W_Y	0.335838	A	-173.746	OX	1.21058	O_Y	-1.17284				
W_X	0.904849	W_Y	0.33511	A	-173.498	OX	1.19017	O_Y	-1.17508				
W_X	0.882173	W_Y	0.328071	A	-173.213	OX	1.16978	O_Y	-1.1774				
W_X	0.840291	W_Y	0.323742	A	-172.928	OX	1.12906	O_Y	-1.18225				
W_X	0.819804	W_Y	0.322818	A	-172.602	OX	1.10871	O_Y	-1.18477				
W_X	0.79932	W_Y	0.321776	A	-172.354	OX	1.08837	O_Y	-1.18741				
W_X	0.778838	W_Y	0.320647	A	-172.118	OX	1.06804	O_Y	-1.19014				
W_X	0.758368	W_Y	0.319433	A	-171.967	OX	1.04773	O_Y	-1.19295				
W_X	0.737886	W_Y	0.318164	A	-171.713	OX	1.02741	O_Y	-1.19582				
W_X	0.717419	W_Y	0.316805	A	-171.458	OX	1.00711	O_Y	-1.19878				
W_X	0.696937	W_Y	0.315353	A	-171.458	OX	0.986803	O_Y	-1.20183				
W_X	0.676012	W_Y	0.310573	A	-171.216	OX	0.966519	O_Y	-1.20487				
W_X	0.654554	W_Y	0.301779	A	-170.974	OX	0.946248	O_Y	-1.20801				
W_X	0.634106	W_Y	0.300106	A	-170.974	OX	0.925986	O_Y	-1.21123				
W_X	0.613663	W_Y	0.298434	A	-170.695	OX	0.905729	O_Y	-1.21444				
W_X	0.59323	W_Y	0.296663	A	-170.695	OX	0.885489	O_Y	-1.21776				
W_X	0.572796	W_Y	0.294892	A	-170.695	OX	0.865248	O_Y	-1.22108				
W_X	0.531923	W_Y	0.291349	A	-170.101	OX	0.824761	O_Y	-1.22771				
W_X	0.511509	W_Y	0.289366	A	-170.101	OX	0.804557	O_Y	-1.23124				
W_X	0.491089	W_Y	0.287382	A	-169.768	OX	0.784346	O_Y	-1.23476				
W_X	0.470684	W_Y	0.28528	A	-169.604	OX	0.76416	O_Y	-1.23841				
W_X	0.451285	W_Y	0.274394	A	-169.35	OX	0.743968	O_Y	-1.24211				
W_X	0.431574	W_Y	0.266459	A	-169.138	OX	0.723825	O_Y	-1.2459				
W_X	0.411215	W_Y	0.264099	A	-168.927	OX	0.703697	O_Y	-1.24976				
W_X	0.370479	W_Y	0.259224	A	-168.345	OX	0.663434	O_Y	-1.25764				
W_X	0.350139	W_Y	0.25658	A	-167.975	OX	0.643346	O_Y	-1.26178				
W_X	0.329812	W_Y	0.253804	A	-167.769	OX	0.62328	O_Y	-1.26606				
W_X	0.309502	W_Y	0.250957	A	-167.503	OX	0.603237	O_Y	-1.2704				
W_X	0.289198	W_Y	0.248013	A	-167.267	OX	0.583207	O_Y	-1.27484				
W_X	0.268913	W_Y	0.244987	A	-167.043	OX	0.563201	O_Y	-1.27936				
W_X	0.248601	W_Y	0.240964	A	-166.819	OX	0.543213	O_Y	-1.28396				
W_X	0.207915	W_Y	0.230459	A	-166.371	OX	0.503268	O_Y	-1.29332				
W_X	0.187662	W_Y	0.226545	A	-166.153	OX	0.483333	O_Y	-1.29815				
W_X	0.16744	W_Y	0.223085	A	-165.972	OX	0.463413	O_Y	-1.30306				
W_X	0.147233	W_Y	0.219562	A	-165.736	OX	0.443513	O_Y	-1.30803				
W_X	0.12704	W_Y	0.215956	A	-165.736	OX	0.423633	O_Y	-1.31309				
W_X	0.106847	W_Y	0.21235	A	-165.736	OX	0.403752	O_Y	-1.31814				
W_X	0.0664591	W_Y	0.205137	A	-165.093	OX	0.363991	O_Y	-1.32825				
W_X	0.0463218	W_Y	0.201307	A	-165.093	OX	0.344182	O_Y	-1.33352				
W_X	0.0261679	W_Y	0.197474	A	-164.82	OX	0.324358	O_Y	-1.3388				
W_X	0.0070766	W_Y	0.189449	A	-164.493	OX	0.304559	O_Y	-1.34417				
W_X	-0.0120791	W_Y	0.181648	A	-164.336	OX	0.284793	O_Y	-1.34966				
section	back	liner											
