W_X	0.00942916	W_Y	0.00880452	A	0	O_X	0	O_Y	0	g_odom_x	0	g_odom_y	0
W_X	0.00942916	W_Y	0.00880452	A	0	O_X	0	O_Y	0	g_odom_x	0	g_odom_y	0
W_X	0.00942916	W_Y	0.00880452	A	0	O_X	0	O_Y	0	g_odom_x	0	g_odom_y	0
W_X	0.0196899	W_Y	0.00915411	A	0	O_X	0.0102666	O_Y	0	g_odom_x	0	g_odom_y	0
W_X	0.0299312	W_Y	0.00950304	A	0	O_X	0.0205139	O_Y	0	g_odom_x	0	g_odom_y	0
W_X	0.0407345	W_Y	0.00987112	A	0	O_X	0.0313235	O_Y	0	g_odom_x	0	g_odom_y	0
W_X	0.0515378	W_Y	0.0102392	A	0	O_X	0.0421331	O_Y	0	g_odom_x	0	g_odom_y	0
W_X	0.073106	W_Y	0.010974	A	0	O_X	0.0637137	O_Y	0	g_odom_x	0	g_odom_y	0
W_X	0.073106	W_Y	0.010974	A	0	O_X	0.0637137	O_Y	0	g_odom_x	0	g_odom_y	0
W_X	0.0957712	W_Y	0.0117463	A	0	O_X	0.0863921	O_Y	0	g_odom_x	0	g_odom_y	0
W_X	0.107097	W_Y	0.0121321	A	0	O_X	0.0977247	O_Y	0	g_odom_x	0	g_odom_y	0
W_X	0.118976	W_Y	0.0125369	A	0	O_X	0.109611	O_Y	0	g_odom_x	0	g_odom_y	0
W_X	0.130856	W_Y	0.0129416	A	0	O_X	0.121497	O_Y	0	g_odom_x	0	g_odom_y	0
W_X	0.155659	W_Y	0.0137867	A	0	O_X	0.146315	O_Y	0	g_odom_x	0	g_odom_y	0
W_X	0.168059	W_Y	0.0142091	A	0	O_X	0.158722	O_Y	0	g_odom_x	0	g_odom_y	0
W_X	0.18048	W_Y	0.0146323	A	0	O_X	0.17115	O_Y	0	g_odom_x	0	g_odom_y	0
W_X	0.193417	W_Y	0.0150731	A	0	O_X	0.184095	O_Y	0	g_odom_x	0	g_odom_y	0
W_X	0.206373	W_Y	0.0155145	A	0	O_X	0.197058	O_Y	0	g_odom_x	0	g_odom_y	0
W_X	0.219853	W_Y	0.0159738	A	0	O_X	0.210546	O_Y	0	g_odom_x	0	g_odom_y	0
W_X	0.233343	W_Y	0.0164334	A	0	O_X	0.224044	O_Y	0	g_odom_x	0	g_odom_y	0
W_X	0.246832	W_Y	0.016893	A	0	O_X	0.23754	O_Y	0	g_odom_x	0	g_odom_y	0
W_X	0.260854	W_Y	0.0173707	A	0	O_X	0.251571	O_Y	0	g_odom_x	0	g_odom_y	0
W_X	0.275421	W_Y	0.017867	A	0	O_X	0.266147	O_Y	0	g_odom_x	0	g_odom_y	0
W_X	0.289989	W_Y	0.0183634	A	0	O_X	0.280722	O_Y	0	g_odom_x	0	g_odom_y	0
W_X	0.304555	W_Y	0.0188597	A	0	O_X	0.295297	O_Y	0	g_odom_x	0	g_odom_y	0
W_X	0.319664	W_Y	0.0193744	A	0	O_X	0.310415	O_Y	0	g_odom_x	0	g_odom_y	0
W_X	0.336006	W_Y	0.0201542	A	0	O_X	0.325532	O_Y	0	g_odom_x	0	g_odom_y	0
W_X	0.378079	W_Y	0.0244554	A	0	O_X	0.355761	O_Y	0	g_odom_x	0	g_odom_y	0
W_X	0.396655	W_Y	0.0262388	A	0	O_X	0.371416	O_Y	0	g_odom_x	0	g_odom_y	0
W_X	0.412278	W_Y	0.0272189	A	0	O_X	0.38707	O_Y	0	g_odom_x	0	g_odom_y	0
W_X	0.427901	W_Y	0.0281989	A	0	O_X	0.402723	O_Y	0	g_odom_x	0	g_odom_y	0
W_X	0.444066	W_Y	0.029213	A	0	O_X	0.41892	O_Y	0	g_odom_x	0	g_odom_y	0
W_X	0.460768	W_Y	0.0302608	A	0	O_X	0.435655	O_Y	0	g_odom_x	0	g_odom_y	0
W_X	0.477471	W_Y	0.0313086	A	0	O_X	0.452391	O_Y	0	g_odom_x	0	g_odom_y	0
W_X	0.510874	W_Y	0.0334041	A	0	O_X	0.485859	O_Y	0	g_odom_x	0	g_odom_y	0
W_X	0.527582	W_Y	0.0344523	A	0	O_X	0.5026	O_Y	0	g_odom_x	0	g_odom_y	0
W_X	0.544816	W_Y	0.0355334	A	0	O_X	0.519868	O_Y	0	g_odom_x	0	g_odom_y	0
W_X	0.562055	W_Y	0.0366149	A	0	O_X	0.537141	O_Y	0	g_odom_x	0	g_odom_y	0
W_X	0.579296	W_Y	0.0376965	A	0	O_X	0.554416	O_Y	0	g_odom_x	0	g_odom_y	0
W_X	0.596537	W_Y	0.0387781	A	0	O_X	0.571691	O_Y	0	g_odom_x	0	g_odom_y	0
W_X	0.633645	W_Y	0.0442763	A	0	O_X	0.607319	O_Y	0	g_odom_x	0	g_odom_y	0
W_X	0.633645	W_Y	0.0442763	A	0	O_X	0.607319	O_Y	0	g_odom_x	0	g_odom_y	0
W_X	0.672946	W_Y	0.053733	A	0	O_X	0.644044	O_Y	0	g_odom_x	0	g_odom_y	0
W_X	0.691222	W_Y	0.0554139	A	0	O_X	0.662397	O_Y	0	g_odom_x	0	g_odom_y	0
W_X	0.710023	W_Y	0.057143	A	0	O_X	0.681277	O_Y	0	g_odom_x	0	g_odom_y	0
W_X	0.729379	W_Y	0.0589231	A	0	O_X	0.700715	O_Y	0	g_odom_x	0	g_odom_y	0
W_X	0.748735	W_Y	0.0607033	A	0	O_X	0.720153	O_Y	0	g_odom_x	0	g_odom_y	0
W_X	0.787433	W_Y	0.0642623	A	0	O_X	0.759014	O_Y	0	g_odom_x	0	g_odom_y	0
W_X	0.806785	W_Y	0.0660421	A	0	O_X	0.778447	O_Y	0	g_odom_x	0	g_odom_y	0
W_X	0.826674	W_Y	0.0678714	A	0	O_X	0.798421	O_Y	0	g_odom_x	0	g_odom_y	0
W_X	0.846566	W_Y	0.0697008	A	0	O_X	0.818397	O_Y	0	g_odom_x	0	g_odom_y	0
W_X	0.864218	W_Y	0.077931	A	0	O_X	0.838909	O_Y	0	g_odom_x	0	g_odom_y	0
W_X	0.879821	W_Y	0.0907629	A	0	O_X	0.859422	O_Y	0	g_odom_x	0	g_odom_y	0
W_X	0.900183	W_Y	0.0932513	A	0	O_X	0.879936	O_Y	0	g_odom_x	0	g_odom_y	0
W_X	0.940907	W_Y	0.098228	A	0	O_X	0.920963	O_Y	0	g_odom_x	0	g_odom_y	0
W_X	0.961266	W_Y	0.100716	A	0	O_X	0.941473	O_Y	0	g_odom_x	0	g_odom_y	0
W_X	0.981632	W_Y	0.103205	A	0	O_X	0.961991	O_Y	0	g_odom_x	0	g_odom_y	0
W_X	1.00199	W_Y	0.105693	A	0	O_X	0.982499	O_Y	0	g_odom_x	0	g_odom_y	0
section	ahead	liner											
W_X	1.30512	W_Y	0.190709	A	0	O_X	1.10559	O_Y	0	g_odom_x	0	g_odom_y	0
W_X	1.32535	W_Y	0.194158	A	0	O_X	1.33123	O_Y	0	g_odom_x	0	g_odom_y	0
W_X	1.34557	W_Y	0.197606	A	0	O_X	1.35174	O_Y	0	g_odom_x	0	g_odom_y	0
W_X	1.36579	W_Y	0.201054	A	0	O_X	1.37226	O_Y	0	g_odom_x	0	g_odom_y	0
W_X	1.40622	W_Y	0.207948	A	0	O_X	1.41327	O_Y	0	g_odom_x	0	g_odom_y	0
W_X	1.42644	W_Y	0.211397	A	0	O_X	1.43378	O_Y	0	g_odom_x	0	g_odom_y	0
W_X	1.44666	W_Y	0.214845	A	0	O_X	1.4543	O_Y	0	g_odom_x	0	g_odom_y	0
W_X	1.44666	W_Y	0.214845	A	0	O_X	1.4543	O_Y	0	g_odom_x	0	g_odom_y	0
W_X	1.46688	W_Y	0.218293	A	0	O_X	1.47481	O_Y	0	g_odom_x	0	g_odom_y	0
W_X	1.52129	W_Y	0.211848	A	0	O_X	1.51583	O_Y	0	g_odom_x	0	g_odom_y	0
W_X	1.54925	W_Y	0.208031	A	0	O_X	1.53636	O_Y	0	g_odom_x	0	g_odom_y	0
W_X	1.54925	W_Y	0.208031	A	0	O_X	1.53636	O_Y	0	g_odom_x	0	g_odom_y	0
W_X	1.58964	W_Y	0.215265	A	0	O_X	1.57739	O_Y	0	g_odom_x	0	g_odom_y	0
W_X	1.60983	W_Y	0.21888	A	0	O_X	1.5979	O_Y	0	g_odom_x	0	g_odom_y	0
W_X	1.60983	W_Y	0.21888	A	0	O_X	1.5979	O_Y	0	g_odom_x	0	g_odom_y	0
W_X	1.65021	W_Y	0.226112	A	0	O_X	1.63892	O_Y	0	g_odom_x	0	g_odom_y	0
W_X	1.67039	W_Y	0.229726	A	0	O_X	1.65943	O_Y	0	g_odom_x	0	g_odom_y	0
W_X	1.71077	W_Y	0.236958	A	0	O_X	1.70045	O_Y	0	g_odom_x	0	g_odom_y	0
W_X	1.72846	W_Y	0.243216	A	0	O_X	1.721	O_Y	0	g_odom_x	0	g_odom_y	0
W_X	1.74145	W_Y	0.254286	A	0	O_X	1.74149	O_Y	0	g_odom_x	0	g_odom_y	0
W_X	1.76095	W_Y	0.258666	A	0	O_X	1.76201	O_Y	0	g_odom_x	0	g_odom_y	0
W_X	1.78112	W_Y	0.26233	A	0	O_X	1.78251	O_Y	0	g_odom_x	0	g_odom_y	0
W_X	1.78112	W_Y	0.26233	A	0	O_X	1.78251	O_Y	0	g_odom_x	0	g_odom_y	0
W_X	1.82148	W_Y	0.269664	A	0	O_X	1.82353	O_Y	0	g_odom_x	0	g_odom_y	0
W_X	1.86184	W_Y	0.276999	A	0	O_X	1.86456	O_Y	0	g_odom_x	0	g_odom_y	0
W_X	1.88203	W_Y	0.280667	A	0	O_X	1.88507	O_Y	0	g_odom_x	0	g_odom_y	0
W_X	1.90222	W_Y	0.284337	A	0	O_X	1.9056	O_Y	0	g_odom_x	0	g_odom_y	0
W_X	1.9224	W_Y	0.288002	A	0	O_X	1.9261	O_Y	0	g_odom_x	0	g_odom_y	0
W_X	1.92602	W_Y	0.318676	A	0	O_X	1.94661	O_Y	0	g_odom_x	0	g_odom_y	0
W_X	1.93178	W_Y	0.3459	A	0	O_X	1.96712	O_Y	0	g_odom_x	0	g_odom_y	0
W_X	1.95195	W_Y	0.349609	A	0	O_X	1.98763	O_Y	0	g_odom_x	0	g_odom_y	0
W_X	1.9923	W_Y	0.357029	A	0	O_X	2.02866	O_Y	0	g_odom_x	0	g_odom_y	0
W_X	2.01247	W_Y	0.360739	A	0	O_X	2.04917	O_Y	0	g_odom_x	0	g_odom_y	0
W_X	2.03264	W_Y	0.364449	A	0	O_X	2.06968	O_Y	0	g_odom_x	0	g_odom_y	0
W_X	2.05281	W_Y	0.368157	A	0	O_X	2.09018	O_Y	0	g_odom_x	0	g_odom_y	0
W_X	2.07299	W_Y	0.371868	A	0	O_X	2.1107	O_Y	0	g_odom_x	0	g_odom_y	0
W_X	2.09316	W_Y	0.375578	A	0	O_X	2.13121	O_Y	0	g_odom_x	0	g_odom_y	0
W_X	2.11729	W_Y	0.383301	A	0	O_X	2.15174	O_Y	0	g_odom_x	0	g_odom_y	0
W_X	2.15402	W_Y	0.404073	A	0	O_X	2.17225	O_Y	0	g_odom_x	0	g_odom_y	0
W_X	2.17625	W_Y	0.410086	A	0	O_X	2.19276	O_Y	0	g_odom_x	0	g_odom_y	0
W_X	2.19639	W_Y	0.413957	A	0	O_X	2.21328	O_Y	0	g_odom_x	0	g_odom_y	0
W_X	2.21654	W_Y	0.417828	A	0	O_X	2.23379	O_Y	0	g_odom_x	0	g_odom_y	0
W_X	2.23669	W_Y	0.421699	A	0	O_X	2.25431	O_Y	0	g_odom_x	0	g_odom_y	0
W_X	2.25683	W_Y	0.42557	A	0	O_X	2.27482	O_Y	0	g_odom_x	0	g_odom_y	0
W_X	2.29712	W_Y	0.43331	A	0	O_X	2.31584	O_Y	0	g_odom_x	0	g_odom_y	0
W_X	2.31726	W_Y	0.437181	A	0	O_X	2.33636	O_Y	0	g_odom_x	0	g_odom_y	0
W_X	2.33742	W_Y	0.441053	A	0	O_X	2.35688	O_Y	0	g_odom_x	0	g_odom_y	0
W_X	2.35109	W_Y	0.459473	A	0	O_X	2.37738	O_Y	0	g_odom_x	0	g_odom_y	0
W_X	2.36385	W_Y	0.479925	A	0	O_X	2.3979	O_Y	0	g_odom_x	0	g_odom_y	0
W_X	2.38401	W_Y	0.48374	A	0	O_X	2.41842	O_Y	0	g_odom_x	0	g_odom_y	0
W_X	2.40417	W_Y	0.487556	A	0	O_X	2.43893	O_Y	0	g_odom_x	0	g_odom_y	0
W_X	2.44448	W_Y	0.495184	A	0	O_X	2.47996	O_Y	0	g_odom_x	0	g_odom_y	0
W_X	2.46464	W_Y	0.498999	A	0	O_X	2.50047	O_Y	0	g_odom_x	0	g_odom_y	0
W_X	2.48479	W_Y	0.502812	A	0	O_X	2.52098	O_Y	0	g_odom_x	0	g_odom_y	0
W_X	2.50495	W_Y	0.506628	A	0	O_X	2.5415	O_Y	0	g_odom_x	0	g_odom_y	0
W_X	2.5251	W_Y	0.510441	A	0	O_X	2.56201	O_Y	0	g_odom_x	0	g_odom_y	0
W_X	2.54578	W_Y	0.509722	A	0	O_X	2.58252	O_Y	0	g_odom_x	0	g_odom_y	0
W_X	2.5703	W_Y	0.472427	A	0	O_X	2.60304	O_Y	0	g_odom_x	0	g_odom_y	0
W_X	2.61175	W_Y	0.468772	A	0	O_X	2.64406	O_Y	0	g_odom_x	0	g_odom_y	0
W_X	2.63199	W_Y	0.4721	A	0	O_X	2.66458	O_Y	0	g_odom_x	0	g_odom_y	0
W_X	2.65223	W_Y	0.475428	A	0	O_X	2.68509	O_Y	0	g_odom_x	0	g_odom_y	0
W_X	2.67247	W_Y	0.478756	A	0	O_X	2.7056	O_Y	0	g_odom_x	0	g_odom_y	0
W_X	2.69272	W_Y	0.482085	A	0	O_X	2.72612	O_Y	0	g_odom_x	0	g_odom_y	0
W_X	2.71296	W_Y	0.485413	A	0	O_X	2.74663	O_Y	0	g_odom_x	0	g_odom_y	0
W_X	2.7332	W_Y	0.488741	A	0	O_X	2.76714	O_Y	0	g_odom_x	0	g_odom_y	0
W_X	2.77368	W_Y	0.495397	A	0	O_X	2.80817	O_Y	0	g_odom_x	0	g_odom_y	0
W_X	2.77389	W_Y	0.504706	A	0	O_X	2.82869	O_Y	0	g_odom_x	0	g_odom_y	0
W_X	2.76099	W_Y	0.518108	A	0	O_X	2.8492	O_Y	0	g_odom_x	0	g_odom_y	0
W_X	2.7812	W_Y	0.521695	A	0	O_X	2.86973	O_Y	0	g_odom_x	0	g_odom_y	0
W_X	2.7812	W_Y	0.521695	A	0	O_X	2.86973	O_Y	0	g_odom_x	0	g_odom_y	0
W_X	2.82162	W_Y	0.528869	A	0	O_X	2.91077	O_Y	0	g_odom_x	0	g_odom_y	0
W_X	2.86199	W_Y	0.536034	A	0	O_X	2.95178	O_Y	0	g_odom_x	0	g_odom_y	0
W_X	2.88223	W_Y	0.539627	A	0	O_X	2.97233	O_Y	0	g_odom_x	0	g_odom_y	0
W_X	2.9024	W_Y	0.543207	A	0	O_X	2.99282	O_Y	0	g_odom_x	0	g_odom_y	0
W_X	2.90881	W_Y	0.608992	A	0	O_X	3.01333	O_Y	0	g_odom_x	0	g_odom_y	0
W_X	2.90881	W_Y	0.608992	A	0	O_X	3.01333	O_Y	0	g_odom_x	0	g_odom_y	0
W_X	2.90881	W_Y	0.608992	A	0	O_X	3.01333	O_Y	0	g_odom_x	0	g_odom_y	0
W_X	2.90881	W_Y	0.608992	A	0	O_X	3.01333	O_Y	0	g_odom_x	0	g_odom_y	0
W_X	2.96945	W_Y	0.806932	A	0	O_X	3.11588	O_Y	0	g_odom_x	0	g_odom_y	0
W_X	2.98958	W_Y	0.810931	A	0	O_X	3.1364	O_Y	0	g_odom_x	0	g_odom_y	0
W_X	3.0097	W_Y	0.814928	A	0	O_X	3.15691	O_Y	0	g_odom_x	0	g_odom_y	0
W_X	3.02982	W_Y	0.818924	A	0	O_X	3.17743	O_Y	0	g_odom_x	0	g_odom_y	0
W_X	3.04994	W_Y	0.822921	A	0	O_X	3.19794	O_Y	0	g_odom_x	0	g_odom_y	0
W_X	3.07007	W_Y	0.826918	A	0	O_X	3.21846	O_Y	0	g_odom_x	0	g_odom_y	0
W_X	3.13609	W_Y	0.918993	A	0	O_X	3.23897	O_Y	0	g_odom_x	0	g_odom_y	0
W_X	3.21969	W_Y	1.01074	A	0	O_X	3.28	O_Y	0	g_odom_x	0	g_odom_y	0
W_X	3.23978	W_Y	1.0149	A	0	O_X	3.30051	O_Y	0	g_odom_x	0	g_odom_y	0
W_X	3.25986	W_Y	1.01906	A	0	O_X	3.32102	O_Y	0	g_odom_x	0	g_odom_y	0
W_X	3.27995	W_Y	1.02322	A	0	O_X	3.34154	O_Y	0	g_odom_x	0	g_odom_y	0
W_X	3.30004	W_Y	1.02738	A	0	O_X	3.36205	O_Y	0	g_odom_x	0	g_odom_y	0
W_X	3.32012	W_Y	1.03154	A	0	O_X	3.38256	O_Y	0	g_odom_x	0	g_odom_y	0
W_X	3.34021	W_Y	1.0357	A	0	O_X	3.40307	O_Y	0	g_odom_x	0	g_odom_y	0
W_X	3.38038	W_Y	1.04403	A	0	O_X	3.4441	O_Y	0	g_odom_x	0	g_odom_y	0
W_X	3.40327	W_Y	0.955343	A	0	O_X	3.46461	O_Y	0	g_odom_x	0	g_odom_y	0
W_X	3.42608	W_Y	0.541797	A	0	O_X	3.48512	O_Y	0	g_odom_x	0	g_odom_y	0
W_X	3.44555	W_Y	0.487612	A	0	O_X	3.50563	O_Y	0	g_odom_x	0	g_odom_y	0
W_X	3.46594	W_Y	0.489865	A	0	O_X	3.52614	O_Y	0	g_odom_x	0	g_odom_y	0
W_X	3.48633	W_Y	0.492118	A	0	O_X	3.54665	O_Y	0	g_odom_x	0	g_odom_y	0
W_X	3.50672	W_Y	0.494371	A	0	O_X	3.56717	O_Y	0	g_odom_x	0	g_odom_y	0
W_X	3.52712	W_Y	0.496625	A	0	O_X	3.58769	O_Y	0	g_odom_x	0	g_odom_y	0
W_X	3.5475	W_Y	0.498877	A	0	O_X	3.6082	O_Y	0	g_odom_x	0	g_odom_y	0
W_X	3.56328	W_Y	0.514177	A	0	O_X	3.62872	O_Y	0	g_odom_x	0	g_odom_y	0
W_X	3.5141	W_Y	0.712353	A	0	O_X	3.64923	O_Y	0	g_odom_x	0	g_odom_y	0
W_X	3.50886	W_Y	0.786562	A	0	O_X	3.66974	O_Y	0	g_odom_x	0	g_odom_y	0
W_X	3.52921	W_Y	0.78919	A	0	O_X	3.69026	O_Y	0	g_odom_x	0	g_odom_y	0
W_X	3.56989	W_Y	0.794446	A	0	O_X	3.73128	O_Y	0	g_odom_x	0	g_odom_y	0
W_X	3.59024	W_Y	0.797075	A	0	O_X	3.7518	O_Y	0	g_odom_x	0	g_odom_y	0
W_X	3.61059	W_Y	0.799704	A	0	O_X	3.77231	O_Y	0	g_odom_x	0	g_odom_y	0
W_X	3.63093	W_Y	0.802332	A	0	O_X	3.79283	O_Y	0	g_odom_x	0	g_odom_y	0
W_X	3.65127	W_Y	0.80496	A	0	O_X	3.81334	O_Y	0	g_odom_x	0	g_odom_y	0
W_X	3.67162	W_Y	0.807588	A	0	O_X	3.83385	O_Y	0	g_odom_x	0	g_odom_y	0
W_X	3.69196	W_Y	0.810217	A	0	O_X	3.85437	O_Y	0	g_odom_x	0	g_odom_y	0
W_X	3.74096	W_Y	0.844675	A	0	O_X	3.89539	O_Y	0	g_odom_x	0	g_odom_y	0
W_X	3.83354	W_Y	1.10894	A	0	O_X	3.91591	O_Y	0	g_odom_x	0	g_odom_y	0
W_X	3.87175	W_Y	1.17961	A	0	O_X	3.93642	O_Y	0	g_odom_x	0	g_odom_y	0
W_X	3.89197	W_Y	1.18308	A	0	O_X	3.95693	O_Y	0	g_odom_x	0	g_odom_y	0
W_X	3.91219	W_Y	1.18656	A	0	O_X	3.97745	O_Y	0	g_odom_x	0	g_odom_y	0
W_X	3.9324	W_Y	1.19003	A	0	O_X	3.99796	O_Y	0	g_odom_x	0	g_odom_y	0
W_X	3.95262	W_Y	1.1935	A	0	O_X	4.01847	O_Y	0	g_odom_x	0	g_odom_y	0
W_X	3.99305	W_Y	1.20045	A	0	O_X	4.0595	O_Y	0	g_odom_x	0	g_odom_y	0
W_X	4.01328	W_Y	1.20393	A	0	O_X	4.08002	O_Y	0	g_odom_x	0	g_odom_y	0
W_X	4.03349	W_Y	1.2074	A	0	O_X	4.10052	O_Y	0	g_odom_x	0	g_odom_y	0
W_X	4.07226	W_Y	1.21427	A	0	O_X	4.12105	O_Y	0	g_odom_x	0	g_odom_y	0
W_X	4.1167	W_Y	1.22189	A	0	O_X	4.14155	O_Y	0	g_odom_x	0	g_odom_y	0
W_X	4.13699	W_Y	1.2251	A	0	O_X	4.16208	O_Y	0	g_odom_x	0	g_odom_y	0
W_X	4.15727	W_Y	1.2283	A	0	O_X	4.18262	O_Y	0	g_odom_x	0	g_odom_y	0
W_X	4.19778	W_Y	1.2347	A	0	O_X	4.22363	O_Y	0	g_odom_x	0	g_odom_y	0
W_X	4.21804	W_Y	1.2379	A	0	O_X	4.24414	O_Y	0	g_odom_x	0	g_odom_y	0
W_X	4.23832	W_Y	1.2411	A	0	O_X	4.26467	O_Y	0	g_odom_x	0	g_odom_y	0
W_X	4.25856	W_Y	1.2443	A	0	O_X	4.28516	O_Y	0	g_odom_x	0	g_odom_y	0
W_X	4.27883	W_Y	1.24751	A	0	O_X	4.30569	O_Y	0	g_odom_x	0	g_odom_y	0
W_X	4.29908	W_Y	1.25071	A	0	O_X	4.32619	O_Y	0	g_odom_x	0	g_odom_y	0
W_X	4.35766	W_Y	1.22733	A	0	O_X	4.34668	O_Y	0	g_odom_x	0	g_odom_y	0
W_X	4.41544	W_Y	1.2209	A	0	O_X	4.38771	O_Y	0	g_odom_x	0	g_odom_y	0
W_X	4.43574	W_Y	1.22372	A	0	O_X	4.4082	O_Y	0	g_odom_x	0	g_odom_y	0
W_X	4.45606	W_Y	1.22654	A	0	O_X	4.42872	O_Y	0	g_odom_x	0	g_odom_y	0
W_X	4.47638	W_Y	1.22937	A	0	O_X	4.44923	O_Y	0	g_odom_x	0	g_odom_y	0
W_X	4.49669	W_Y	1.23219	A	0	O_X	4.46974	O_Y	0	g_odom_x	0	g_odom_y	0
W_X	4.51701	W_Y	1.23501	A	0	O_X	4.49026	O_Y	0	g_odom_x	0	g_odom_y	0
W_X	4.53733	W_Y	1.23784	A	0	O_X	4.51077	O_Y	0	g_odom_x	0	g_odom_y	0
W_X	4.57797	W_Y	1.24348	A	0	O_X	4.5518	O_Y	0	g_odom_x	0	g_odom_y	0
W_X	4.59732	W_Y	1.2369	A	0	O_X	4.57231	O_Y	0	g_odom_x	0	g_odom_y	0
W_X	4.61543	W_Y	1.21798	A	0	O_X	4.59282	O_Y	0	g_odom_x	0	g_odom_y	0
W_X	4.63576	W_Y	1.22077	A	0	O_X	4.61334	O_Y	0	g_odom_x	0	g_odom_y	0
W_X	4.65608	W_Y	1.22356	A	0	O_X	4.63385	O_Y	0	g_odom_x	0	g_odom_y	0
W_X	4.65608	W_Y	1.22356	A	0	O_X	4.63385	O_Y	0	g_odom_x	0	g_odom_y	0
W_X	4.65608	W_Y	1.22356	A	0	O_X	4.63385	O_Y	0	g_odom_x	0	g_odom_y	0
W_X	4.73737	W_Y	1.23473	A	0	O_X	4.7159	O_Y	0	g_odom_x	0	g_odom_y	0
W_X	4.75769	W_Y	1.23752	A	0	O_X	4.73641	O_Y	0	g_odom_x	0	g_odom_y	0
W_X	4.78839	W_Y	1.2449	A	0	O_X	4.75693	O_Y	0	g_odom_x	0	g_odom_y	0
W_X	4.84264	W_Y	1.26259	A	0	O_X	4.77744	O_Y	0	g_odom_x	0	g_odom_y	0
W_X	4.86735	W_Y	1.26717	A	0	O_X	4.79795	O_Y	0	g_odom_x	0	g_odom_y	0
W_X	4.86735	W_Y	1.26717	A	0	O_X	4.79795	O_Y	0	g_odom_x	0	g_odom_y	0
W_X	4.86735	W_Y	1.26717	A	0	O_X	4.79795	O_Y	0	g_odom_x	0	g_odom_y	0
W_X	4.94871	W_Y	1.2778	A	0	O_X	4.88001	O_Y	0	g_odom_x	0	g_odom_y	0
W_X	4.96906	W_Y	1.28046	A	0	O_X	4.90053	O_Y	0	g_odom_x	0	g_odom_y	0
W_X	4.98939	W_Y	1.28312	A	0	O_X	4.92102	O_Y	0	g_odom_x	0	g_odom_y	0
W_X	5.00973	W_Y	1.28578	A	0	O_X	4.94154	O_Y	0	g_odom_x	0	g_odom_y	0
W_X	5.03007	W_Y	1.28843	A	0	O_X	4.96205	O_Y	0	g_odom_x	0	g_odom_y	0
W_X	5.06063	W_Y	1.29146	A	0	O_X	4.98257	O_Y	0	g_odom_x	0	g_odom_y	0
W_X	5.09061	W_Y	1.29422	A	0	O_X	5.00309	O_Y	0	g_odom_x	0	g_odom_y	0
W_X	5.11098	W_Y	1.29664	A	0	O_X	5.0236	O_Y	0	g_odom_x	0	g_odom_y	0
W_X	5.13135	W_Y	1.29906	A	0	O_X	5.04411	O_Y	0	g_odom_x	0	g_odom_y	0
W_X	5.15172	W_Y	1.30149	A	0	O_X	5.06463	O_Y	0	g_odom_x	0	g_odom_y	0
W_X	5.17209	W_Y	1.30391	A	0	O_X	5.08514	O_Y	0	g_odom_x	0	g_odom_y	0
W_X	5.19246	W_Y	1.30633	A	0	O_X	5.10565	O_Y	0	g_odom_x	0	g_odom_y	0
W_X	5.21283	W_Y	1.30875	A	0	O_X	5.12616	O_Y	0	g_odom_x	0	g_odom_y	0
W_X	5.25357	W_Y	1.31359	A	0	O_X	5.16719	O_Y	0	g_odom_x	0	g_odom_y	0
W_X	5.26876	W_Y	1.31735	A	0	O_X	5.18771	O_Y	0	g_odom_x	0	g_odom_y	0
W_X	5.26216	W_Y	1.3268	A	0	O_X	5.20822	O_Y	0	g_odom_x	0	g_odom_y	0
W_X	5.2778	W_Y	1.33058	A	0	O_X	5.22878	O_Y	0	g_odom_x	0	g_odom_y	0
W_X	5.2981	W_Y	1.33311	A	0	O_X	5.24924	O_Y	0	g_odom_x	0	g_odom_y	0
W_X	5.3184	W_Y	1.33565	A	0	O_X	5.26969	O_Y	0	g_odom_x	0	g_odom_y	0
W_X	5.3591	W_Y	1.34072	A	0	O_X	5.31071	O_Y	0	g_odom_x	0	g_odom_y	0
W_X	5.37946	W_Y	1.34327	A	0	O_X	5.33123	O_Y	0	g_odom_x	0	g_odom_y	0
W_X	5.39982	W_Y	1.34581	A	0	O_X	5.35174	O_Y	0	g_odom_x	0	g_odom_y	0
W_X	5.42018	W_Y	1.34835	A	0	O_X	5.37226	O_Y	0	g_odom_x	0	g_odom_y	0
W_X	5.44053	W_Y	1.35089	A	0	O_X	5.39277	O_Y	0	g_odom_x	0	g_odom_y	0
W_X	5.4643	W_Y	1.35834	A	0	O_X	5.41328	O_Y	0	g_odom_x	0	g_odom_y	0
W_X	5.48945	W_Y	1.36776	A	0	O_X	5.4338	O_Y	0	g_odom_x	0	g_odom_y	0
W_X	5.53016	W_Y	1.37282	A	0	O_X	5.47482	O_Y	0	g_odom_x	0	g_odom_y	0
W_X	5.55052	W_Y	1.37535	A	0	O_X	5.49533	O_Y	0	g_odom_x	0	g_odom_y	0
W_X	5.57088	W_Y	1.37789	A	0	O_X	5.51586	O_Y	0	g_odom_x	0	g_odom_y	0
W_X	5.59123	W_Y	1.38042	A	0	O_X	5.53636	O_Y	0	g_odom_x	0	g_odom_y	0
W_X	5.61158	W_Y	1.38295	A	0	O_X	5.55687	O_Y	0	g_odom_x	0	g_odom_y	0
W_X	5.63195	W_Y	1.38548	A	0	O_X	5.5774	O_Y	0	g_odom_x	0	g_odom_y	0
W_X	5.65229	W_Y	1.38801	A	0	O_X	5.59789	O_Y	0	g_odom_x	0	g_odom_y	0
W_X	5.67415	W_Y	1.38983	A	0	O_X	5.61842	O_Y	0	g_odom_x	0	g_odom_y	0
W_X	5.7173	W_Y	1.38125	A	0	O_X	5.63893	O_Y	0	g_odom_x	0	g_odom_y	0
W_X	5.74441	W_Y	1.38031	A	0	O_X	5.65944	O_Y	0	g_odom_x	0	g_odom_y	0
W_X	5.78515	W_Y	1.38502	A	0	O_X	5.70045	O_Y	0	g_odom_x	0	g_odom_y	0
W_X	5.80553	W_Y	1.38738	A	0	O_X	5.72097	O_Y	0	g_odom_x	0	g_odom_y	0
W_X	5.82591	W_Y	1.38974	A	0	O_X	5.74148	O_Y	0	g_odom_x	0	g_odom_y	0
W_X	5.84629	W_Y	1.3921	A	0	O_X	5.76199	O_Y	0	g_odom_x	0	g_odom_y	0
W_X	5.86667	W_Y	1.39446	A	0	O_X	5.78251	O_Y	0	g_odom_x	0	g_odom_y	0
W_X	5.88705	W_Y	1.39682	A	0	O_X	5.80303	O_Y	0	g_odom_x	0	g_odom_y	0
W_X	5.90743	W_Y	1.39918	A	0	O_X	5.82354	O_Y	0	g_odom_x	0	g_odom_y	0
W_X	5.95612	W_Y	1.37535	A	0	O_X	5.86457	O_Y	0	g_odom_x	0	g_odom_y	0
W_X	5.97653	W_Y	1.37751	A	0	O_X	5.88509	O_Y	0	g_odom_x	0	g_odom_y	0
W_X	5.99693	W_Y	1.37966	A	0	O_X	5.90561	O_Y	0	g_odom_x	0	g_odom_y	0
W_X	6.03773	W_Y	1.38397	A	0	O_X	5.94663	O_Y	0	g_odom_x	0	g_odom_y	0
W_X	6.05813	W_Y	1.38612	A	0	O_X	5.96714	O_Y	0	g_odom_x	0	g_odom_y	0
W_X	6.07853	W_Y	1.38828	A	0	O_X	5.98766	O_Y	0	g_odom_x	0	g_odom_y	0
W_X	6.09892	W_Y	1.39043	A	0	O_X	6.00817	O_Y	0	g_odom_x	0	g_odom_y	0
W_X	6.11933	W_Y	1.39258	A	0	O_X	6.02868	O_Y	0	g_odom_x	0	g_odom_y	0
W_X	6.13973	W_Y	1.39474	A	0	O_X	6.0492	O_Y	0	g_odom_x	0	g_odom_y	0
W_X	6.15611	W_Y	1.40574	A	0	O_X	6.09022	O_Y	0	g_odom_x	0	g_odom_y	0
W_X	6.16563	W_Y	1.41094	A	0	O_X	6.11074	O_Y	0	g_odom_x	0	g_odom_y	0
W_X	6.18602	W_Y	1.41316	A	0	O_X	6.13125	O_Y	0	g_odom_x	0	g_odom_y	0
W_X	6.20641	W_Y	1.41538	A	0	O_X	6.15177	O_Y	0	g_odom_x	0	g_odom_y	0
W_X	6.2268	W_Y	1.41759	A	0	O_X	6.17228	O_Y	0	g_odom_x	0	g_odom_y	0
W_X	6.2472	W_Y	1.41981	A	0	O_X	6.19279	O_Y	0	g_odom_x	0	g_odom_y	0
W_X	6.26759	W_Y	1.42202	A	0	O_X	6.2133	O_Y	0	g_odom_x	0	g_odom_y	0
W_X	6.30837	W_Y	1.42646	A	0	O_X	6.25433	O_Y	0	g_odom_x	0	g_odom_y	0
W_X	6.32877	W_Y	1.42867	A	0	O_X	6.27484	O_Y	0	g_odom_x	0	g_odom_y	0
W_X	6.35632	W_Y	1.43472	A	0	O_X	6.29536	O_Y	0	g_odom_x	0	g_odom_y	0
W_X	6.39374	W_Y	1.44607	A	0	O_X	6.31586	O_Y	0	g_odom_x	0	g_odom_y	0
W_X	6.4144	W_Y	1.44842	A	0	O_X	6.33639	O_Y	0	g_odom_x	0	g_odom_y	0
W_X	6.43479	W_Y	1.45064	A	0	O_X	6.3569	O_Y	0	g_odom_x	0	g_odom_y	0
W_X	6.45519	W_Y	1.45285	A	0	O_X	6.37741	O_Y	0	g_odom_x	0	g_odom_y	0
W_X	6.4756	W_Y	1.45507	A	0	O_X	6.39794	O_Y	0	g_odom_x	0	g_odom_y	0
W_X	6.4756	W_Y	1.45507	A	0	O_X	6.39794	O_Y	0	g_odom_x	0	g_odom_y	0
W_X	6.51638	W_Y	1.4595	A	0	O_X	6.43896	O_Y	0	g_odom_x	0	g_odom_y	0
W_X	6.53678	W_Y	1.46172	A	0	O_X	6.45948	O_Y	0	g_odom_x	0	g_odom_y	0
W_X	6.55716	W_Y	1.46393	A	0	O_X	6.47999	O_Y	0	g_odom_x	0	g_odom_y	0
W_X	6.58806	W_Y	1.46842	A	0	O_X	6.5005	O_Y	0	g_odom_x	0	g_odom_y	0
W_X	6.63571	W_Y	1.47417	A	0	O_X	6.54152	O_Y	0	g_odom_x	0	g_odom_y	0
W_X	6.65612	W_Y	1.4763	A	0	O_X	6.56204	O_Y	0	g_odom_x	0	g_odom_y	0
W_X	6.67654	W_Y	1.47844	A	0	O_X	6.58258	O_Y	0	g_odom_x	0	g_odom_y	0
W_X	6.69693	W_Y	1.48057	A	0	O_X	6.60307	O_Y	0	g_odom_x	0	g_odom_y	0
W_X	6.71733	W_Y	1.48271	A	0	O_X	6.62358	O_Y	0	g_odom_x	0	g_odom_y	0
W_X	6.73773	W_Y	1.48484	A	0	O_X	6.6441	O_Y	0	g_odom_x	0	g_odom_y	0
W_X	6.75814	W_Y	1.48698	A	0	O_X	6.66462	O_Y	0	g_odom_x	0	g_odom_y	0
W_X	6.79892	W_Y	1.49124	A	0	O_X	6.70563	O_Y	0	g_odom_x	0	g_odom_y	0
W_X	6.81933	W_Y	1.49338	A	0	O_X	6.72615	O_Y	0	g_odom_x	0	g_odom_y	0
W_X	6.83973	W_Y	1.49551	A	0	O_X	6.74666	O_Y	0	g_odom_x	0	g_odom_y	0
W_X	7.31486	W_Y	-0.496186	A	0	O_X	6.76718	O_Y	0	g_odom_x	0	g_odom_y	0
W_X	7.53671	W_Y	-1.55061	A	0	O_X	6.78769	O_Y	0	g_odom_x	0	g_odom_y	0
W_X	7.55715	W_Y	-1.5522	A	0	O_X	6.80819	O_Y	0	g_odom_x	0	g_odom_y	0
W_X	7.57759	W_Y	-1.5538	A	0	O_X	6.82869	O_Y	0	g_odom_x	0	g_odom_y	0
W_X	7.61848	W_Y	-1.55698	A	0	O_X	6.86971	O_Y	0	g_odom_x	0	g_odom_y	0
W_X	7.63894	W_Y	-1.55857	A	0	O_X	6.89023	O_Y	0	g_odom_x	0	g_odom_y	0
W_X	7.6594	W_Y	-1.56017	A	0	O_X	6.91075	O_Y	0	g_odom_x	0	g_odom_y	0
W_X	7.67984	W_Y	-1.56176	A	0	O_X	6.93125	O_Y	0	g_odom_x	0	g_odom_y	0
W_X	7.7003	W_Y	-1.56335	A	0	O_X	6.95177	O_Y	0	g_odom_x	0	g_odom_y	0
W_X	7.58568	W_Y	-0.918292	A	0	O_X	6.97228	O_Y	0	g_odom_x	0	g_odom_y	0
W_X	7.07228	W_Y	1.31592	A	0	O_X	6.99279	O_Y	0	g_odom_x	0	g_odom_y	0
W_X	7.05278	W_Y	1.46888	A	0	O_X	7.01331	O_Y	0	g_odom_x	0	g_odom_y	0
W_X	7.07323	W_Y	1.4707	A	0	O_X	7.03383	O_Y	0	g_odom_x	0	g_odom_y	0
W_X	7.11408	W_Y	1.47434	A	0	O_X	7.07485	O_Y	0	g_odom_x	0	g_odom_y	0
W_X	7.13452	W_Y	1.47616	A	0	O_X	7.09537	O_Y	0	g_odom_x	0	g_odom_y	0
W_X	7.15495	W_Y	1.47799	A	0	O_X	7.11588	O_Y	0	g_odom_x	0	g_odom_y	0
W_X	7.17538	W_Y	1.47981	A	0	O_X	7.13639	O_Y	0	g_odom_x	0	g_odom_y	0
W_X	7.19582	W_Y	1.48163	A	0	O_X	7.15691	O_Y	0	g_odom_x	0	g_odom_y	0
W_X	7.21625	W_Y	1.48345	A	0	O_X	7.17743	O_Y	0	g_odom_x	0	g_odom_y	0
W_X	7.18596	W_Y	1.51586	A	0	O_X	7.19794	O_Y	0	g_odom_x	0	g_odom_y	0
W_X	7.1729	W_Y	1.53798	A	0	O_X	7.21846	O_Y	0	g_odom_x	0	g_odom_y	0
W_X	7.19331	W_Y	1.54	A	0	O_X	7.23897	O_Y	0	g_odom_x	0	g_odom_y	0
W_X	7.21372	W_Y	1.54203	A	0	O_X	7.25948	O_Y	0	g_odom_x	0	g_odom_y	0
W_X	7.23413	W_Y	1.54405	A	0	O_X	7.27999	O_Y	0	g_odom_x	0	g_odom_y	0
W_X	7.27495	W_Y	1.5481	A	0	O_X	7.32101	O_Y	0	g_odom_x	0	g_odom_y	0
W_X	7.29537	W_Y	1.55012	A	0	O_X	7.34153	O_Y	0	g_odom_x	0	g_odom_y	0
W_X	7.31579	W_Y	1.55215	A	0	O_X	7.36204	O_Y	0	g_odom_x	0	g_odom_y	0
W_X	7.3362	W_Y	1.55417	A	0	O_X	7.38256	O_Y	0	g_odom_x	0	g_odom_y	0
W_X	7.34824	W_Y	1.54621	A	0	O_X	7.40307	O_Y	0	g_odom_x	0	g_odom_y	0
W_X	7.3406	W_Y	1.51475	A	0	O_X	7.42358	O_Y	0	g_odom_x	0	g_odom_y	0
W_X	7.35909	W_Y	1.51439	A	0	O_X	7.44409	O_Y	0	g_odom_x	0	g_odom_y	0
W_X	7.39993	W_Y	1.51826	A	0	O_X	7.48512	O_Y	0	g_odom_x	0	g_odom_y	0
W_X	7.42035	W_Y	1.5202	A	0	O_X	7.50563	O_Y	0	g_odom_x	0	g_odom_y	0
W_X	7.44077	W_Y	1.52214	A	0	O_X	7.52614	O_Y	0	g_odom_x	0	g_odom_y	0
W_X	7.46121	W_Y	1.52408	A	0	O_X	7.54668	O_Y	0	g_odom_x	0	g_odom_y	0
W_X	7.48161	W_Y	1.52601	A	0	O_X	7.56717	O_Y	0	g_odom_x	0	g_odom_y	0
W_X	7.50204	W_Y	1.52795	A	0	O_X	7.58769	O_Y	0	g_odom_x	0	g_odom_y	0
W_X	7.52246	W_Y	1.52989	A	0	O_X	7.6082	O_Y	0	g_odom_x	0	g_odom_y	0
W_X	7.54194	W_Y	1.53343	A	0	O_X	7.64923	O_Y	0	g_odom_x	0	g_odom_y	0
W_X	7.54186	W_Y	1.53515	A	0	O_X	7.66973	O_Y	0	g_odom_x	0	g_odom_y	0
W_X	7.56229	W_Y	1.53718	A	0	O_X	7.69025	O_Y	0	g_odom_x	0	g_odom_y	0
W_X	7.58268	W_Y	1.53921	A	0	O_X	7.71075	O_Y	0	g_odom_x	0	g_odom_y	0
W_X	7.60309	W_Y	1.54124	A	0	O_X	7.73126	O_Y	0	g_odom_x	0	g_odom_y	0
W_X	7.6235	W_Y	1.54327	A	0	O_X	7.75177	O_Y	0	g_odom_x	0	g_odom_y	0
W_X	7.64391	W_Y	1.5453	A	0	O_X	7.77229	O_Y	0	g_odom_x	0	g_odom_y	0
W_X	7.66434	W_Y	1.54733	A	0	O_X	7.79282	O_Y	0	g_odom_x	0	g_odom_y	0
W_X	7.68475	W_Y	1.54936	A	0	O_X	7.81333	O_Y	0	g_odom_x	0	g_odom_y	0
W_X	7.79758	W_Y	1.27558	A	0	O_X	7.83384	O_Y	0	g_odom_x	0	g_odom_y	0
W_X	8.52699	W_Y	-1.02934	A	0	O_X	7.85436	O_Y	0	g_odom_x	0	g_odom_y	0
W_X	8.70084	W_Y	-1.5833	A	0	O_X	7.87487	O_Y	0	g_odom_x	0	g_odom_y	0
W_X	8.72131	W_Y	-1.58458	A	0	O_X	7.89538	O_Y	0	g_odom_x	0	g_odom_y	0
W_X	8.76225	W_Y	-1.58715	A	0	O_X	7.9364	O_Y	0	g_odom_x	0	g_odom_y	0
W_X	8.78272	W_Y	-1.58843	A	0	O_X	7.9569	O_Y	0	g_odom_x	0	g_odom_y	0
W_X	8.80319	W_Y	-1.58972	A	0	O_X	7.97742	O_Y	0	g_odom_x	0	g_odom_y	0
W_X	8.82366	W_Y	-1.591	A	0	O_X	7.99793	O_Y	0	g_odom_x	0	g_odom_y	0
W_X	8.84414	W_Y	-1.59229	A	0	O_X	8.01845	O_Y	0	g_odom_x	0	g_odom_y	0
W_X	8.86461	W_Y	-1.59357	A	0	O_X	8.03896	O_Y	0	g_odom_x	0	g_odom_y	0
W_X	8.88508	W_Y	-1.59485	A	0	O_X	8.05947	O_Y	0	g_odom_x	0	g_odom_y	0
W_X	8.92368	W_Y	-1.59811	A	0	O_X	8.10049	O_Y	0	g_odom_x	0	g_odom_y	0
W_X	8.93424	W_Y	-1.60229	A	0	O_X	8.12101	O_Y	0	g_odom_x	0	g_odom_y	0
W_X	8.95351	W_Y	-1.60394	A	0	O_X	8.14152	O_Y	0	g_odom_x	0	g_odom_y	0
W_X	8.97398	W_Y	-1.60524	A	0	O_X	8.16203	O_Y	0	g_odom_x	0	g_odom_y	0
W_X	8.99445	W_Y	-1.60655	A	0	O_X	8.18254	O_Y	0	g_odom_x	0	g_odom_y	0
W_X	9.01492	W_Y	-1.60785	A	0	O_X	8.20306	O_Y	0	g_odom_x	0	g_odom_y	0
W_X	9.03539	W_Y	-1.60915	A	0	O_X	8.22357	O_Y	0	g_odom_x	0	g_odom_y	0
W_X	9.07634	W_Y	-1.61176	A	0	O_X	8.2646	O_Y	0	g_odom_x	0	g_odom_y	0
W_X	9.09681	W_Y	-1.61306	A	0	O_X	8.28511	O_Y	0	g_odom_x	0	g_odom_y	0
W_X	9.11728	W_Y	-1.61436	A	0	O_X	8.30563	O_Y	0	g_odom_x	0	g_odom_y	0
W_X	9.12475	W_Y	-1.61807	A	0	O_X	8.32614	O_Y	0	g_odom_x	0	g_odom_y	0
W_X	9.13273	W_Y	-1.62164	A	0	O_X	8.34665	O_Y	0	g_odom_x	0	g_odom_y	0
W_X	9.1532	W_Y	-1.6229	A	0	O_X	8.36716	O_Y	0	g_odom_x	0	g_odom_y	0
W_X	9.17367	W_Y	-1.62415	A	0	O_X	8.38767	O_Y	0	g_odom_x	0	g_odom_y	0
W_X	9.19416	W_Y	-1.62541	A	0	O_X	8.40819	O_Y	0	g_odom_x	0	g_odom_y	0
W_X	9.21464	W_Y	-1.62667	A	0	O_X	8.42872	O_Y	0	g_odom_x	0	g_odom_y	0
W_X	9.25558	W_Y	-1.62919	A	0	O_X	8.46973	O_Y	0	g_odom_x	0	g_odom_y	0
W_X	9.27605	W_Y	-1.63045	A	0	O_X	8.49025	O_Y	0	g_odom_x	0	g_odom_y	0
W_X	9.29653	W_Y	-1.63171	A	0	O_X	8.51076	O_Y	0	g_odom_x	0	g_odom_y	0
W_X	9.32008	W_Y	-1.63173	A	0	O_X	8.53127	O_Y	0	g_odom_x	0	g_odom_y	0
W_X	9.35773	W_Y	-1.62606	A	0	O_X	8.55179	O_Y	0	g_odom_x	0	g_odom_y	0
W_X	9.38137	W_Y	-1.62602	A	0	O_X	8.57231	O_Y	0	g_odom_x	0	g_odom_y	0
W_X	9.40184	W_Y	-1.62726	A	0	O_X	8.59282	O_Y	0	g_odom_x	0	g_odom_y	0
W_X	9.40184	W_Y	-1.62726	A	0	O_X	8.59282	O_Y	0	g_odom_x	0	g_odom_y	0
W_X	9.44282	W_Y	-1.62973	A	0	O_X	8.63387	O_Y	0	g_odom_x	0	g_odom_y	0
W_X	9.46329	W_Y	-1.63097	A	0	O_X	8.65438	O_Y	0	g_odom_x	0	g_odom_y	0
W_X	9.48376	W_Y	-1.6322	A	0	O_X	8.67488	O_Y	0	g_odom_x	0	g_odom_y	0
W_X	9.52471	W_Y	-1.63467	A	0	O_X	8.71591	O_Y	0	g_odom_x	0	g_odom_y	0
W_X	9.54518	W_Y	-1.63591	A	0	O_X	8.73642	O_Y	0	g_odom_x	0	g_odom_y	0
W_X	9.56302	W_Y	-1.63673	A	0	O_X	8.75693	O_Y	0	g_odom_x	0	g_odom_y	0
W_X	9.58028	W_Y	-1.63746	A	0	O_X	8.77745	O_Y	0	g_odom_x	0	g_odom_y	0
W_X	9.60076	W_Y	-1.6387	A	0	O_X	8.79797	O_Y	0	g_odom_x	0	g_odom_y	0
W_X	9.62123	W_Y	-1.63994	A	0	O_X	8.81848	O_Y	0	g_odom_x	0	g_odom_y	0
W_X	9.64171	W_Y	-1.64117	A	0	O_X	8.839	O_Y	0	g_odom_x	0	g_odom_y	0
W_X	9.68266	W_Y	-1.64365	A	0	O_X	8.88002	O_Y	0	g_odom_x	0	g_odom_y	0
W_X	9.70314	W_Y	-1.64489	A	0	O_X	8.90053	O_Y	0	g_odom_x	0	g_odom_y	0
W_X	9.72361	W_Y	-1.64613	A	0	O_X	8.92105	O_Y	0	g_odom_x	0	g_odom_y	0
W_X	9.74409	W_Y	-1.64737	A	0	O_X	8.94156	O_Y	0	g_odom_x	0	g_odom_y	0
W_X	9.76456	W_Y	-1.64861	A	0	O_X	8.96207	O_Y	0	g_odom_x	0	g_odom_y	0
W_X	9.73421	W_Y	-1.64106	A	0	O_X	8.98259	O_Y	0	g_odom_x	0	g_odom_y	0
W_X	9.73544	W_Y	-1.63892	A	0	O_X	9.0031	O_Y	0	g_odom_x	0	g_odom_y	0
W_X	9.77638	W_Y	-1.64129	A	0	O_X	9.04411	O_Y	0	g_odom_x	0	g_odom_y	0
W_X	9.79686	W_Y	-1.64248	A	0	O_X	9.06462	O_Y	0	g_odom_x	0	g_odom_y	0
W_X	9.81734	W_Y	-1.64366	A	0	O_X	9.08514	O_Y	0	g_odom_x	0	g_odom_y	0
W_X	9.83781	W_Y	-1.64485	A	0	O_X	9.10564	O_Y	0	g_odom_x	0	g_odom_y	0
W_X	9.85829	W_Y	-1.64603	A	0	O_X	9.12615	O_Y	0	g_odom_x	0	g_odom_y	0
W_X	9.87877	W_Y	-1.64722	A	0	O_X	9.14667	O_Y	0	g_odom_x	0	g_odom_y	0
W_X	9.89925	W_Y	-1.64841	A	0	O_X	9.16718	O_Y	0	g_odom_x	0	g_odom_y	0
W_X	9.96098	W_Y	-1.65225	A	0	O_X	9.18771	O_Y	0	g_odom_x	0	g_odom_y	0
W_X	10.0553	W_Y	-1.65827	A	0	O_X	9.20822	O_Y	0	g_odom_x	0	g_odom_y	0
W_X	10.0758	W_Y	-1.65954	A	0	O_X	9.22874	O_Y	0	g_odom_x	0	g_odom_y	0
W_X	10.0962	W_Y	-1.6608	A	0	O_X	9.24924	O_Y	0	g_odom_x	0	g_odom_y	0
W_X	10.1167	W_Y	-1.66207	A	0	O_X	9.26976	O_Y	0	g_odom_x	0	g_odom_y	0
W_X	10.1372	W_Y	-1.66333	A	0	O_X	9.29027	O_Y	0	g_odom_x	0	g_odom_y	0
W_X	10.1781	W_Y	-1.66586	A	0	O_X	9.3313	O_Y	0	g_odom_x	0	g_odom_y	0
W_X	10.1986	W_Y	-1.66712	A	0	O_X	9.35181	O_Y	0	g_odom_x	0	g_odom_y	0
W_X	10.2191	W_Y	-1.66839	A	0	O_X	9.37232	O_Y	0	g_odom_x	0	g_odom_y	0
W_X	10.2383	W_Y	-1.66968	A	0	O_X	9.39283	O_Y	0	g_odom_x	0	g_odom_y	0
W_X	10.1447	W_Y	-1.6735	A	0	O_X	9.41334	O_Y	0	g_odom_x	0	g_odom_y	0
W_X	10.1253	W_Y	-1.67566	A	0	O_X	9.43386	O_Y	0	g_odom_x	0	g_odom_y	0
W_X	10.1458	W_Y	-1.67693	A	0	O_X	9.45437	O_Y	0	g_odom_x	0	g_odom_y	0
W_X	10.1867	W_Y	-1.67947	A	0	O_X	9.4954	O_Y	0	g_odom_x	0	g_odom_y	0
W_X	10.2072	W_Y	-1.68074	A	0	O_X	9.51591	O_Y	0	g_odom_x	0	g_odom_y	0
W_X	10.2277	W_Y	-1.68201	A	0	O_X	9.53643	O_Y	0	g_odom_x	0	g_odom_y	0
W_X	10.2481	W_Y	-1.68328	A	0	O_X	9.55694	O_Y	0	g_odom_x	0	g_odom_y	0
W_X	10.2686	W_Y	-1.68455	A	0	O_X	9.57746	O_Y	0	g_odom_x	0	g_odom_y	0
W_X	10.2891	W_Y	-1.68582	A	0	O_X	9.59796	O_Y	0	g_odom_x	0	g_odom_y	0
W_X	10.3424	W_Y	-1.69545	A	0	O_X	9.61846	O_Y	0	g_odom_x	0	g_odom_y	0
W_X	10.4594	W_Y	-1.71774	A	0	O_X	9.65949	O_Y	0	g_odom_x	0	g_odom_y	0
W_X	10.4798	W_Y	-1.71919	A	0	O_X	9.68001	O_Y	0	g_odom_x	0	g_odom_y	0
W_X	10.5003	W_Y	-1.72064	A	0	O_X	9.70052	O_Y	0	g_odom_x	0	g_odom_y	0
section	ahead	liner											
W_X	10.8711	W_Y	-1.72664	A	0	O_X	9.90564	O_Y	0	g_odom_x	0	g_odom_y	0
W_X	10.8916	W_Y	-1.72803	A	0	O_X	10.0698	O_Y	0	g_odom_x	0	g_odom_y	0
W_X	10.9325	W_Y	-1.73082	A	0	O_X	10.1108	O_Y	0	g_odom_x	0	g_odom_y	0
W_X	10.9325	W_Y	-1.73082	A	0	O_X	10.1108	O_Y	0	g_odom_x	0	g_odom_y	0
W_X	10.9724	W_Y	-1.73353	A	0	O_X	10.1507	O_Y	0	g_odom_x	0	g_odom_y	0
W_X	10.9918	W_Y	-1.73485	A	0	O_X	10.1702	O_Y	0	g_odom_x	0	g_odom_y	0
W_X	11.0111	W_Y	-1.73617	A	0	O_X	10.1896	O_Y	0	g_odom_x	0	g_odom_y	0
section	ahead	liner											
section	Arc	ahead											
X	10.52	Y	0	A	0	g_odom_x	0	g_odom_y	0				
X	10.6884	Y	0	A	0	g_odom_x	0	g_odom_y	0				
X	10.7213	Y	0	A	0	g_odom_x	0	g_odom_y	0				
X	10.7548	Y	0	A	0	g_odom_x	0	g_odom_y	0				
X	10.8217	Y	0	A	0	g_odom_x	0	g_odom_y	0				
X	10.8719	Y	0	A	0	g_odom_x	0	g_odom_y	0				
X	10.9054	Y	0	A	0	g_odom_x	0	g_odom_y	0				
X	10.9553	Y	0	A	0	g_odom_x	0	g_odom_y	0				
X	11.0055	Y	0	A	0	g_odom_x	0	g_odom_y	0				
X	11.0556	Y	0	A	0	g_odom_x	0	g_odom_y	0				
X	11.1058	Y	0	A	0	g_odom_x	0	g_odom_y	0				
X	11.156	Y	0	A	0	g_odom_x	0	g_odom_y	0				
X	11.2062	Y	0	A	0	g_odom_x	0	g_odom_y	0				
X	11.2553	Y	0	A	0	g_odom_x	0	g_odom_y	0				
X	11.3363	Y	0	A	0	g_odom_x	0	g_odom_y	0				
X	11.3849	Y	0	A	0	g_odom_x	0	g_odom_y	0				
X	11.4173	Y	0	A	0	g_odom_x	0	g_odom_y	0				
X	11.4659	Y	0	A	0	g_odom_x	0	g_odom_y	0				
X	11.5145	Y	0	A	0	g_odom_x	0	g_odom_y	0				
X	11.6116	Y	0	A	0	g_odom_x	0	g_odom_y	0				
X	11.644	Y	0	A	0	g_odom_x	0	g_odom_y	0				
X	11.6926	Y	0	A	0	g_odom_x	0	g_odom_y	0				
X	11.725	Y	0	A	0	g_odom_x	0	g_odom_y	0				
X	11.7736	Y	0	A	0	g_odom_x	0	g_odom_y	0				
X	11.8222	Y	0	A	0	g_odom_x	0	g_odom_y	0				
X	11.8545	Y	0	A	0	g_odom_x	0	g_odom_y	0				
X	11.8869	Y	0	A	0	g_odom_x	0	g_odom_y	0				
X	11.9355	Y	0	A	0	g_odom_x	0	g_odom_y	0				
X	11.9825	Y	0	A	0	g_odom_x	0	g_odom_y	0				
X	12.0138	Y	0	A	0	g_odom_x	0	g_odom_y	0				
X	12.0921	Y	0	A	0	g_odom_x	0	g_odom_y	0				
X	12.139	Y	0	A	0	g_odom_x	0	g_odom_y	0				
X	12.186	Y	0	A	0	g_odom_x	0	g_odom_y	0				
